complaint_id,text,true_label,rule_label,rule_matched,model_label,model_confidence,final_label,final_method,used_for,correct,version
C0001,"I was told this policy overed me but my claim was rejected. Also, the complaints handler was unhelpful and talked over me. This is not acceptable.",Mis-selling,,,Mis-selling,0.726,Mis-selling,model,train,True,rules-v1 / tfidf-lr-v1
C0002,"Hello, I was told this policy covered me but my claim was rejected. I could not log in to check either.",Mis-selling,Account Access,log in,Mis-selling,0.942,Account Access,rule,train,False,rules-v1 / tfidf-lr-v1
C0003,This is the second time I have raised this. The salesperson pushed me into a plan I did not need. I could not log in to check either. I would like a response in writing.,Mis-selling,,,Mis-selling,0.905,Mis-selling,model,test,True,rules-v1 / tfidf-lr-v1
C0004,I am writing to complain. It has taken six weeks to process my claim and nobody has updated me. Please sort this out.,Delays & Processing,,,Delays & Processing,0.987,Delays & Processing,model,train,True,rules-v1 / tfidf-lr-v1
C0005,My mortgage switch is taking far longer than you said it would. Please escalate this.,Delays & Processing,,,Delays & Processing,0.952,Delays & Processing,model,train,True,rules-v1 / tfidf-lr-v1
C0006,"Hello, The app crashes every time I try to open my statements. There was also a fee involved. I expect compensation.",Account Access,,,Account Access,0.96,Account Access,model,train,True,rules-v1 / tfidf-lr-v1
C0007,This is the second time I have raised this. The brochure said guaranteed returns and my money has lost value. I also spent ages on hold when I called about it. Please sort this out.,Mis-selling,,,Mis-selling,0.922,Mis-selling,model,train,True,rules-v1 / tfidf-lr-v1
C0008,This is the second time I have raised this. I asked for a callback and it never happened. I would like a response in writing.,Customer Service,,,Customer Service,0.918,Customer Service,model,train,True,rules-v1 / tfidf-lr-v1
C0009,"I am writing to complain. Why has my interest rate gone up without notice, it is costing me more every month.",Fees & Charges,,,Fees & Charges,0.779,Fees & Charges,model,test,True,rules-v1 / tfidf-lr-v1
C0010,"To whom it may concern, Someone has made payments from my account that I did not authorise. Also, the app crashes every time I try to open my statements. Please escalate this.",Fraud & Scams,,,Account Access,0.683,Account Access,model,test,False,rules-v1 / tfidf-lr-v1
C0011,"I was tricked into moving savings to a safe account that was not safe. Also, my account was frozen and I cannot get in to move money.",Fraud & Scams,,,Fraud & Scams,0.907,Fraud & Scams,model,train,True,rules-v1 / tfidf-lr-v1
C0012,I asked for a callback and it never happened.,Customer Service,,,Customer Service,0.968,Customer Service,model,train,True,rules-v1 / tfidf-lr-v1
C0013,A late payment fee appeared and I want it refunded. It has also been takig far too long. I want this put right.,Fees & Charges,,,Fees & Charges,0.954,Fees & Charges,model,test,True,rules-v1 / tfidf-lr-v1
C0014,"Frankly, The complaints handler was unhelpful and talked over me. I am worried it might be fraud. I want this put right.",Customer Service,,,Customer Service,0.805,Customer Service,model,test,True,rules-v1 / tfidf-lr-v1
C0015,"I am writing to complain. Nobody explained the foreign transaction charges before my holiday. Also, my account was frozen and I cannot get in to move money. I want this put right.",Fees & Charges,,,Fees & Charges,0.855,Fees & Charges,model,train,True,rules-v1 / tfidf-lr-v1
C0016,The adviser did not explain the risks of the investment.,Mis-selling,Mis-selling,"adviser, risks",Mis-selling,0.97,Mis-selling,rule,train,True,rules-v1 / tfidf-lr-v1
C0017,Two factor codes are not being sent to my phone. Please sort this out.,Account Access,Account Access,two factor,Account Access,0.955,Account Access,rule,test,True,rules-v1 / tfidf-lr-v1
C0018,I am writing to complain. A late payment fee appeared and I want it refunded.,Fees & Charges,,,Fees & Charges,0.952,Fees & Charges,model,test,True,rules-v1 / tfidf-lr-v1
C0019,"Frankly, The branch manager would not listen to my concerns. Please escalate this.",Customer Service,,,Customer Service,0.973,Customer Service,model,train,True,rules-v1 / tfidf-lr-v1
C0020,I am writing to complain. The payment still has not arrived in my account. Please escalate this.,Delays & Processing,,,Delays & Processing,0.95,Delays & Processing,model,train,True,rules-v1 / tfidf-lr-v1
C0021,"Hello, My application has been stuck for weeks with no progress.",Delays & Processing,Delays & Processing,"weeks, stuck",Delays & Processing,0.974,Delays & Processing,rule,train,True,rules-v1 / tfidf-lr-v1
C0022,I am extremely disappointed and want this resolved. I expect compensation.,Fraud & Scams,,,Fraud & Scams,0.311,Needs review,human queue,train,False,rules-v1 / tfidf-lr-v1
C0023,"Frankly, I sent the form twice and it seems to have been lost in the system.",Delays & Processing,,,Delays & Processing,0.976,Delays & Processing,model,train,True,rules-v1 / tfidf-lr-v1
C0024,The salesperson pushed me into a plan I did not need. I expect compensation.,Mis-selling,,,Mis-selling,0.926,Mis-selling,model,train,True,rules-v1 / tfidf-lr-v1
C0025,I have been a customer for years. A fake text message led me to a website and my money disappeared. I expect compensation.,Fraud & Scams,,,Fraud & Scams,0.828,Fraud & Scams,model,train,True,rules-v1 / tfidf-lr-v1
C0026,There is an unexpected charge on my statement of £120. I would like a response in writing.,Fees & Charges,Fees & Charges,"charge, statement",Fees & Charges,0.949,Fees & Charges,rule,train,True,rules-v1 / tfidf-lr-v1
C0027,"The terms were very different from what I was promised at the time of sale. Also, there is an unexpected charge on my statement of £25. Please escalate this.",Mis-selling,Fees & Charges,"charge, statement",Mis-selling,0.773,Fees & Charges,rule,train,False,rules-v1 / tfidf-lr-v1
C0028,"Hello, It has taken six weeks to process my claim and nobody has updated me. Also, i spent an hour on hold and then the call was cut off.",Delays & Processing,,,Delays & Processing,0.786,Delays & Processing,model,train,True,rules-v1 / tfidf-lr-v1
C0029,"Frankly, The app crashes every time I try to open my statements. Also, the payment still has not arrived in my account.",Account Access,,,Account Access,0.817,Account Access,model,train,True,rules-v1 / tfidf-lr-v1
C0030,"My identity was stolen and a loan was taken out in my name. Also, my transfer has been pending for over a week. Please sort this out.",Fraud & Scams,,,Fraud & Scams,0.784,Fraud & Scams,model,train,True,rules-v1 / tfidf-lr-v1
C0031,I am very unhappy with how this has been handled. I want this put right.,Fees & Charges,,,Fees & Charges,0.695,Fees & Charges,model,train,True,rules-v1 / tfidf-lr-v1
C0032,"Hello, The webchat agent ended the conversation without solving anything. Please escalate this.",Customer Service,,,Customer Service,0.919,Customer Service,model,train,True,rules-v1 / tfidf-lr-v1
C0033,The adviser did not explain the risks of the investment. This is not acceptable.,Mis-selling,Mis-selling,"adviser, risks",Mis-selling,0.936,Mis-selling,rule,train,True,rules-v1 / tfidf-lr-v1
C0034,"Frankly, A late payment fee appeared and I want it refunded. I would like a response in writing.",Fees & Charges,,,Fees & Charges,0.961,Fees & Charges,model,train,True,rules-v1 / tfidf-lr-v1
C0035,The closure of my old account has draggd on for months.,Delays & Processing,,,Delays & Processing,0.948,Delays & Processing,model,train,True,rules-v1 / tfidf-lr-v1
C0036,"I have been a customer for years. The webchat agent ended the conversation without solving anything. Also, why has my interest rate gone up without notice, it is costing me more every month. Please sort this out.",Customer Service,,,Customer Service,0.747,Customer Service,model,train,True,rules-v1 / tfidf-lr-v1
C0037,This has caused me a lot of stress and I want answers. I would like a response in writing.,Fraud & Scams,,,Account Access,0.327,Needs review,human queue,test,False,rules-v1 / tfidf-lr-v1
C0038,"My card reader stopped working and I cannot approve payments. Also, the pension transfer advice I received was poor and I have lost out.",Account Access,,,Account Access,0.745,Account Access,model,train,True,rules-v1 / tfidf-lr-v1
C0039,"I am writing to complain. I spent an hour on hold and then the call was cut off. Also, nobody explained the foreign transaction charges before my holiday. Please escalate this.",Customer Service,Customer Service,on hold,Customer Service,0.842,Customer Service,rule,train,True,rules-v1 / tfidf-lr-v1
C0040,"Frankly, The webchat agent ended the conversation without soving anything. Please sort this out.",Customer Service,,,Customer Service,0.942,Customer Service,model,train,True,rules-v1 / tfidf-lr-v1
C0041,I have been a customer for years. My transfer has been pending for over a week. This is not acceptable.,Delays & Processing,,,Delays & Processing,0.978,Delays & Processing,model,test,True,rules-v1 / tfidf-lr-v1
C0042,I am writing to complain. Your advisor gave me different answers on two separate calls. This is not acceptable.,Customer Service,,,Customer Service,0.967,Customer Service,model,train,True,rules-v1 / tfidf-lr-v1
C0043,"Frankly, I was told this policy covered me but my claim was rejected. I could not log in to check either. I would like a response in writing.",Mis-selling,Account Access,log in,Mis-selling,0.951,Account Access,rule,train,False,rules-v1 / tfidf-lr-v1
C0044,"Hello, A late payment fee appeared and I want it refunded. Please sort this out.",Fees & Charges,,,Fees & Charges,0.975,Fees & Charges,model,train,True,rules-v1 / tfidf-lr-v1
C0045,I am writing to complain. The fraud team closed my case without investigating properly.,Fraud & Scams,Fraud & Scams,fraud,Fraud & Scams,0.928,Fraud & Scams,rule,train,True,rules-v1 / tfidf-lr-v1
C0046,"This is the second time I have raised this. I was hit with a penalty charge for a payment I made on time. Also, you promised the money within three working days and it is still outstanding. Please escalate this.",Fees & Charges,Fees & Charges,"charge, penalty",Fees & Charges,0.741,Fees & Charges,rule,train,True,rules-v1 / tfidf-lr-v1
C0047,"Frankly, The complaints handler was unhelpful and talked over me. There was also a fee involved.",Customer Service,,,Customer Service,0.906,Customer Service,model,train,True,rules-v1 / tfidf-lr-v1
C0048,I am very unhappy with how this has been handled. I expect compensation.,Account Access,,,Account Access,0.844,Account Access,model,train,True,rules-v1 / tfidf-lr-v1
C0049,"Hello, My account was frozen and I cannot get in to move money. Also, the paperwork was submitted a month ago and I am still waiting.",Account Access,,,Account Access,0.691,Account Access,model,train,True,rules-v1 / tfidf-lr-v1
C0050,I have been a customer for years. The app crashes every time I try to open my statements. This is not acceptable.,Account Access,Account Access,"app, crashes",Account Access,0.967,Account Access,rule,train,True,rules-v1 / tfidf-lr-v1
C0051,"Hello, Nobody explained the foreign transaction charges before my holiday. Also, the salesperson pushed me into a plan I did not need.",Fees & Charges,,,Fees & Charges,0.643,Fees & Charges,model,test,True,rules-v1 / tfidf-lr-v1
C0052,"Hello, It has taken six weeks to process my claim and nobody has updated me. I also spent ages on hold when I called about it. I would like a response in writing.",Delays & Processing,,,Delays & Processing,0.9,Delays & Processing,model,train,True,rules-v1 / tfidf-lr-v1
C0053,"Frankly, You promised the money within three working days and it is still outstanding. I want this put right.",Delays & Processing,,,Delays & Processing,0.927,Delays & Processing,model,train,True,rules-v1 / tfidf-lr-v1
C0054,"I am writing to complain. The brochure said guaanteed returns and my money has lost value. Also, my identity was stolen and a loan was taken out in my name.",Mis-selling,,,Mis-selling,0.67,Mis-selling,model,train,True,rules-v1 / tfidf-lr-v1
C0055,"Hello, I was tricked into moving savings to a safe account that was not safe. I expect compensation.",Fraud & Scams,,,Fraud & Scams,0.955,Fraud & Scams,model,train,True,rules-v1 / tfidf-lr-v1
C0056,"You promised the money within three working days and it is still outstanding. Also, the staff member was rude and dismissive when I called.",Delays & Processing,Customer Service,"rude, staff",Delays & Processing,0.593,Customer Service,rule,train,False,rules-v1 / tfidf-lr-v1
C0057,"The pension transfer advice I received was poor and I have lost out. Also, i cannot log in to the mobile app since the update. I expect compensation.",Mis-selling,Account Access,"log in, app",Mis-selling,0.703,Account Access,rule,train,False,rules-v1 / tfidf-lr-v1
C0058,"Why has my interest rate gone up without notice, it is costing me more every month. I want this put right.",Fees & Charges,,,Fees & Charges,0.885,Fees & Charges,model,train,True,rules-v1 / tfidf-lr-v1
C0059,"Frankly, The account maintenance fee was taken twice this month. It has also been taking far too long.",Fees & Charges,,,Fees & Charges,0.93,Fees & Charges,model,train,True,rules-v1 / tfidf-lr-v1
C0060,I feel I was treated badly because of my age.,Customer Service,Customer Service,treated badly,Customer Service,0.981,Customer Service,rule,train,True,rules-v1 / tfidf-lr-v1
C0061,"I have been a customer for years. I asked for a callback and it never happened. Also, you promised the money within three working days and it is still outstanding.",Customer Service,,,Customer Service,0.481,Needs review,human queue,train,False,rules-v1 / tfidf-lr-v1
C0062,"To whom it may concern, Why has my interest rate gone up without notice, it is costing me more every month. Please escalate this.",Fees & Charges,,,Fees & Charges,0.89,Fees & Charges,model,train,True,rules-v1 / tfidf-lr-v1
C0063,"To whom it may concern, The account maintenance fee was taken twice this month. Also, the paperwork was submitted a month ago and I am still waiting. Please escalate this.",Fees & Charges,,,Fees & Charges,0.754,Fees & Charges,model,train,True,rules-v1 / tfidf-lr-v1
C0064,The website will not let me register for online access.,Account Access,,,Account Access,0.976,Account Access,model,train,True,rules-v1 / tfidf-lr-v1
C0065,"Hello, The password reset keeps failing and I am locked out. There was also a fee involved.",Account Access,Account Access,"locked, password, reset",Account Access,0.957,Account Access,rule,train,True,rules-v1 / tfidf-lr-v1
C0066,"The password reset keeps failing and I am locked out. Also, i was advised to take out cover that duplicates what I already had. I expect compensation.",Account Access,Account Access,"locked, password, reset",Account Access,0.749,Account Access,rule,train,True,rules-v1 / tfidf-lr-v1
C0067,A person pretending to be from your bank phoned me and I gave them details.,Fraud & Scams,,,Fraud & Scams,0.959,Fraud & Scams,model,train,True,rules-v1 / tfidf-lr-v1
C0068,"I am writing to complain. I was tricked into moving savings to a safe account that was not safe. Also, the complaints handler was unhelpful and talked over me. I expect compensation.",Fraud & Scams,,,Fraud & Scams,0.81,Fraud & Scams,model,train,True,rules-v1 / tfidf-lr-v1
C0069,I was misled about what the insurance actually included. I expect compensation.,Mis-selling,Mis-selling,"misled, insurance",Mis-selling,0.974,Mis-selling,rule,test,True,rules-v1 / tfidf-lr-v1
C0070,There are transactions on my card I do not recognise. I want this put right.,Fraud & Scams,,,Fraud & Scams,0.964,Fraud & Scams,model,train,True,rules-v1 / tfidf-lr-v1
C0071,"To whom it may concern, Nobody explained the foreign transaction charges before my holiday. Also, i reported the unauthorised payment but you refused to reimburse me. I expect compensation.",Fees & Charges,Fraud & Scams,unauthorised,Fees & Charges,0.634,Fraud & Scams,rule,train,False,rules-v1 / tfidf-lr-v1
C0072,I feel I was treated badly becaus of my age. I would like a response in writing.,Customer Service,Customer Service,treated badly,Customer Service,0.904,Customer Service,rule,test,True,rules-v1 / tfidf-lr-v1
C0073,This is the second time I have raised this. I was sold a product that was not suitable for my circumstances. This is not acceptable.,Mis-selling,Mis-selling,"sold, not suitable",Mis-selling,0.936,Mis-selling,rule,train,True,rules-v1 / tfidf-lr-v1
C0074,I was sold a product that was not suitable for my circumstances. It has also been taking far too long. I would like a response in writing.,Mis-selling,Mis-selling,"sold, not suitable",Mis-selling,0.957,Mis-selling,rule,train,True,rules-v1 / tfidf-lr-v1
C0075,The pension transfer advice I received was poor and I have lost out.,Mis-selling,,,Mis-selling,0.954,Mis-selling,model,train,True,rules-v1 / tfidf-lr-v1
C0076,"Hello, I am unable to access my account to see my balance. Please sort this out.",Account Access,,,Account Access,0.904,Account Access,model,train,True,rules-v1 / tfidf-lr-v1
C0077,I am writing to complain. My online banking is locked and the reset link never arrives. Please sort this out.,Account Access,Account Access,"locked, reset",Account Access,0.882,Account Access,rule,train,True,rules-v1 / tfidf-lr-v1
C0078,I have been a customer for years. My application has been stuck for weeks with no progress. This is not acceptable.,Delays & Processing,Delays & Processing,"weeks, stuck",Delays & Processing,0.978,Delays & Processing,rule,train,True,rules-v1 / tfidf-lr-v1
C0079,"I have been a customer for years. I was misled about what the insurance actually included. Also, the payment still has not arrived in my account. Please sort this out.",Mis-selling,Mis-selling,"misled, insurance",Mis-selling,0.673,Mis-selling,rule,train,True,rules-v1 / tfidf-lr-v1
C0080,Nobody has responded to my emails despite three reminders. Please sort this out.,Customer Service,,,Customer Service,0.986,Customer Service,model,train,True,rules-v1 / tfidf-lr-v1
C0081,"Frankly, Why has my interest rate gone up without notice, it is costing me more every month. It has also been taking far too long. I expect compensation.",Fees & Charges,,,Fees & Charges,0.821,Fees & Charges,model,test,True,rules-v1 / tfidf-lr-v1
C0082,"To whom it may concern, The fraud team closed my case without investigating properly. I do not think it was explained properly when I bought it.",Fraud & Scams,Fraud & Scams,fraud,Fraud & Scams,0.904,Fraud & Scams,rule,train,True,rules-v1 / tfidf-lr-v1
C0083,I am extremely disappointed and want this resolved. I would like a response in writing.,Account Access,,,Customer Service,0.291,Needs review,human queue,train,False,rules-v1 / tfidf-lr-v1
C0084,I am writing to complain. The paperwork was submitted a month ago and I am still waiting. I expect compensation.,Delays & Processing,,,Delays & Processing,0.881,Delays & Processing,model,train,True,rules-v1 / tfidf-lr-v1
C0085,"I have been a customer for years. The password reset keeps failing and I am locked out. Also, your advisor gave me different answers on two separate calls. I expect compensation.",Account Access,Account Access,"locked, password, reset",Account Access,0.78,Account Access,rule,train,True,rules-v1 / tfidf-lr-v1
C0086,"The branch manager would not listen to my concerns. Also, my identity was stolen and a loan was taken out in my name.",Customer Service,,,Customer Service,0.791,Customer Service,model,train,True,rules-v1 / tfidf-lr-v1
C0087,The app crashes every time I try to open my statements.,Account Access,Account Access,"app, crashes",Account Access,0.972,Account Access,rule,test,True,rules-v1 / tfidf-lr-v1
C0088,I have been a customer for years. I was misled about what the insurance actually included. Please sort this out.,Mis-selling,Mis-selling,"misled, insurance",Mis-selling,0.956,Mis-selling,rule,train,True,rules-v1 / tfidf-lr-v1
C0089,My online banking is locked and the reset link never arrives.,Account Access,Account Access,"locked, reset",Account Access,0.925,Account Access,rule,train,True,rules-v1 / tfidf-lr-v1
C0090,Someone has made payments from my account that I did not authorise. Please sort this out.,Fraud & Scams,Fraud & Scams,did not authorise,Fraud & Scams,0.952,Fraud & Scams,rule,train,True,rules-v1 / tfidf-lr-v1
C0091,This is the second time I have raised this. I keep getting an error message when I sign in.,Account Access,Account Access,sign in,Account Access,0.952,Account Access,rule,train,True,rules-v1 / tfidf-lr-v1
C0092,"This is the second time I have raised this. I keep getting an error message when I sign in. Also, the paperwork was submitted a month ago and I am still waiting. Please escalate this.",Account Access,,,Account Access,0.813,Account Access,model,train,True,rules-v1 / tfidf-lr-v1
C0093,"Hello, A late payment fee appeared and I want it refunded.",Fees & Charges,,,Fees & Charges,0.979,Fees & Charges,model,train,True,rules-v1 / tfidf-lr-v1
C0094,"To whom it may concern, The costs keep creeping up and my balance is lower than it should be. Also, i was misled about what the insurance actually included. Please sort this out.",Fees & Charges,Mis-selling,"misled, insurance",Fees & Charges,0.773,Mis-selling,rule,train,False,rules-v1 / tfidf-lr-v1
C0095,"I have been a customer for years. I keep getting an error message when I sign in. Also, i was misled about what the insurance actually included. I would like a response in writing.",Account Access,,,Account Access,0.722,Account Access,model,train,True,rules-v1 / tfidf-lr-v1
C0096,My mortgage switch is taking far longer than you said it would. Please sort this out.,Delays & Processing,,,Delays & Processing,0.955,Delays & Processing,model,train,True,rules-v1 / tfidf-lr-v1
C0097,"Frankly, There are transactions on my card I do not recognise. I also spent ages on hold when I called about it.",Fraud & Scams,,,Fraud & Scams,0.841,Fraud & Scams,model,train,True,rules-v1 / tfidf-lr-v1
C0098,"To whom it may concern, The app crashes every time I try to open my statements. Also, you promised the money within three working days and it is still outstanding. Please escalate this.",Account Access,,,Account Access,0.819,Account Access,model,train,True,rules-v1 / tfidf-lr-v1
C0099,I have been a customer for years. A person pretending to be from your bank phoned me and I gave them details.,Fraud & Scams,,,Fraud & Scams,0.928,Fraud & Scams,model,train,True,rules-v1 / tfidf-lr-v1
C0100,"Hello, The salesperson pushed me into a plan I did not need. It has also been taking far too long. I would like a response in writing.",Mis-selling,,,Mis-selling,0.936,Mis-selling,model,train,True,rules-v1 / tfidf-lr-v1
C0101,I was passed between four departmens and no one took ownership.,Customer Service,,,Customer Service,0.929,Customer Service,model,train,True,rules-v1 / tfidf-lr-v1
C0102,"Frankly, A late payment fee appeared and I want it refunded. Also, the staff member was rude and dismissive when I called.",Fees & Charges,Customer Service,"rude, staff",Fees & Charges,0.84,Customer Service,rule,train,False,rules-v1 / tfidf-lr-v1
C0103,Nobody explained the foreign transaction charges before my holiday. I could not log in to check either. This is not acceptable.,Fees & Charges,Account Access,log in,Fees & Charges,0.956,Account Access,rule,train,False,rules-v1 / tfidf-lr-v1
C0104,The password reset keeps failing and I am locked out. There was also a fee involved.,Account Access,Account Access,"locked, password, reset",Account Access,0.956,Account Access,rule,test,True,rules-v1 / tfidf-lr-v1
C0105,I have been a customer for years. The fraud team closed my case without investigating properly. I would like a response in writing.,Fraud & Scams,Fraud & Scams,fraud,Fraud & Scams,0.852,Fraud & Scams,rule,train,True,rules-v1 / tfidf-lr-v1
C0106,I am writing to complain. The costs keep creeping up and my balance is lower than it should be.,Fees & Charges,,,Fees & Charges,0.889,Fees & Charges,model,train,True,rules-v1 / tfidf-lr-v1
C0107,The webchat agent ended the conversation without solving anything.,Customer Service,,,Customer Service,0.97,Customer Service,model,train,True,rules-v1 / tfidf-lr-v1
C0108,"Frankly, Nobody checked whether I could afford the credit agreement.",Mis-selling,,,Mis-selling,0.969,Mis-selling,model,train,True,rules-v1 / tfidf-lr-v1
C0109,"Hello, My mortgage switch is taking far longer than you said it would. Also, two factor codes are not being sent to my phone.",Delays & Processing,,,Delays & Processing,0.838,Delays & Processing,model,train,True,rules-v1 / tfidf-lr-v1
C0110,"Frankly, A fake text message led me to a website and my money disappeared. I expect compensation.",Fraud & Scams,,,Fraud & Scams,0.911,Fraud & Scams,model,train,True,rules-v1 / tfidf-lr-v1
C0111,I reported the unauthorised payment but you refused to reimburse me. I expect compensation.,Fraud & Scams,Fraud & Scams,unauthorised,Fraud & Scams,0.955,Fraud & Scams,rule,train,True,rules-v1 / tfidf-lr-v1
C0112,I am writing to complain. My card reader stopped working and I cannot approve payments.,Account Access,,,Account Access,0.974,Account Access,model,test,True,rules-v1 / tfidf-lr-v1
C0113,"Frankly, The terms were very different from what I was promised at the time of sale. Also, a fake text message led me to a website and my money disappeared. I want this put right.",Mis-selling,,,Mis-selling,0.83,Mis-selling,model,train,True,rules-v1 / tfidf-lr-v1
C0114,I am unable to access my account to see my balance. This is not acceptable.,Account Access,,,Account Access,0.952,Account Access,model,train,True,rules-v1 / tfidf-lr-v1
C0115,This is the second time I have raised this. The closure of my old account has dragged on for months. I could not log in to check either. I would like a response in writing.,Delays & Processing,,,Delays & Processing,0.892,Delays & Processing,model,train,True,rules-v1 / tfidf-lr-v1
C0116,"Frankly, Two factor codes are not being sent to my phone. Also, there are transactions on my card I do not recognise.",Account Access,,,Account Access,0.911,Account Access,model,train,True,rules-v1 / tfidf-lr-v1
C0117,I have been a customer for years. I have been billed an annual fee I never agreed to. I expect compensation.,Fees & Charges,Fees & Charges,"fee, billed",Fees & Charges,0.912,Fees & Charges,rule,train,True,rules-v1 / tfidf-lr-v1
C0118,This is the second time I have raised this. I asked for a callback and it never happened. I would like a response in writing.,Customer Service,,,Customer Service,0.918,Customer Service,model,train,True,rules-v1 / tfidf-lr-v1
C0119,This is the second time I have raised this. The ebchat agent ended the conversation without solving anything.,Customer Service,,,Customer Service,0.954,Customer Service,model,train,True,rules-v1 / tfidf-lr-v1
C0120,I have been a customer for years. I was told this policy covered me but my claim was rejected. I also spent ages on hold when I called about it. Please escalate this.,Mis-selling,Customer Service,on hold,Mis-selling,0.905,Customer Service,rule,train,False,rules-v1 / tfidf-lr-v1
C0121,"To whom it may concern, Nobody explained the foreign transaction charges before my holiday. Also, the direct debit setup was delayed and I missed a bill because of it. I want this put right.",Fees & Charges,,,Fees & Charges,0.621,Fees & Charges,model,test,True,rules-v1 / tfidf-lr-v1
C0122,I am writing to complain. I spent an hour on hold and then the call was cut off. I do not think it was explained properly when I bought it. Please sort this out.,Customer Service,Customer Service,on hold,Customer Service,0.953,Customer Service,rule,train,True,rules-v1 / tfidf-lr-v1
C0123,I have been a customer for years. The direct debit setup was delayed and I missed a bill because of it.,Delays & Processing,,,Delays & Processing,0.98,Delays & Processing,model,train,True,rules-v1 / tfidf-lr-v1
C0124,The closure of my old account has dragged on for months. There was also a fee involved. I expect compensation.,Delays & Processing,,,Delays & Processing,0.921,Delays & Processing,model,train,True,rules-v1 / tfidf-lr-v1
C0125,"I am writing to complain. There are transactions on my card I do not recognise. Also, my mortgage switch is taking far longer than you said it would.",Fraud & Scams,,,Delays & Processing,0.803,Delays & Processing,model,test,False,rules-v1 / tfidf-lr-v1
C0126,There is an unexpected charge on my statement of £25. I could not log in to check either.,Fees & Charges,,,Fees & Charges,0.957,Fees & Charges,model,test,True,rules-v1 / tfidf-lr-v1
C0127,I am writing to complain. It has taken six weeks to process my claim and nobody has updated me. I could not log in to check either. Please escalate this.,Delays & Processing,,,Delays & Processing,0.981,Delays & Processing,model,test,True,rules-v1 / tfidf-lr-v1
C0128,"The adviser did not explain the risks of the investment. Also, a fake text message led me to a website and my money disappeared. I would like a response in writing.",Mis-selling,Mis-selling,"adviser, risks",Mis-selling,0.784,Mis-selling,rule,train,True,rules-v1 / tfidf-lr-v1
C0129,Please look into what happened on my account. I expect compensation.,Delays & Processing,,,Delays & Processing,0.556,Needs review,human queue,train,False,rules-v1 / tfidf-lr-v1
C0130,This is the second time I have raised this. I was tricked into moving savings to a safe account that was not safe. Please sort this out.,Fraud & Scams,,,Fraud & Scams,0.95,Fraud & Scams,model,train,True,rules-v1 / tfidf-lr-v1
C0131,I have been a customer for years. The direct debit setup was delayed and I missed a bill because of it. Please escalate this.,Delays & Processing,,,Delays & Processing,0.966,Delays & Processing,model,test,True,rules-v1 / tfidf-lr-v1
C0132,I was passed between for departments and no one took ownership. I could not log in to check either. Please sort this out.,Customer Service,,,Customer Service,0.947,Customer Service,model,train,True,rules-v1 / tfidf-lr-v1
C0133,My card reader stopped working and I cannot approve payments. This is not acceptable.,Account Access,,,Account Access,0.986,Account Access,model,train,True,rules-v1 / tfidf-lr-v1
C0134,"Frankly, The pension transfer advice I received was poor and I have lost out. I want this put right.",Mis-selling,,,Mis-selling,0.937,Mis-selling,model,train,True,rules-v1 / tfidf-lr-v1
C0135,"Hello, I was tricked into moving savings to a safe account that was not safe.",Fraud & Scams,,,Fraud & Scams,0.958,Fraud & Scams,model,train,True,rules-v1 / tfidf-lr-v1
C0136,I am writing to complain. I was hit with a penalty charge for a payment I made on time. This is not acceptable.,Fees & Charges,Fees & Charges,"charge, penalty",Fees & Charges,0.917,Fees & Charges,rule,train,True,rules-v1 / tfidf-lr-v1
C0137,I think I was the victim f a scam and sent money to a fraudster. I expect compensation.,Fraud & Scams,Fraud & Scams,"scam, fraudster",Fraud & Scams,0.977,Fraud & Scams,rule,train,True,rules-v1 / tfidf-lr-v1
C0138,This is the second time I have raised this. The fraud team closed my case without investigating properly. I do not think it was explained properly when I bought it. Please sort this out.,Fraud & Scams,Fraud & Scams,fraud,Fraud & Scams,0.914,Fraud & Scams,rule,train,True,rules-v1 / tfidf-lr-v1
C0139,"I am writing to complain. The brochure said guaranteed returns and my money has lost value. Also, why has my interest rate gone up without notice, it is costing me more every month. I would like a response in writing.",Mis-selling,,,Mis-selling,0.877,Mis-selling,model,train,True,rules-v1 / tfidf-lr-v1
C0140,"To whom it may concern, I feel I was treated badly because of my age. Also, my mortgage switch is taking far longer than you said it would.",Customer Service,,,Customer Service,0.758,Customer Service,model,train,True,rules-v1 / tfidf-lr-v1
C0141,"The salesperson pushed me into a plan I did not need. Also, the paperwork was submitted a month ago and I am still waiting. I expect compensation.",Mis-selling,,,Mis-selling,0.707,Mis-selling,model,train,True,rules-v1 / tfidf-lr-v1
C0142,There is an unexpected charge on my statement of £60. This is not acceptable.,Fees & Charges,Fees & Charges,"charge, statement",Fees & Charges,0.955,Fees & Charges,rule,train,True,rules-v1 / tfidf-lr-v1
C0143,Your advisor gave me different answers on two separate calls.,Customer Service,,,Customer Service,0.979,Customer Service,model,train,True,rules-v1 / tfidf-lr-v1
C0144,I spent an hour on hold and then the call was cut off. This is not acceptable.,Customer Service,Customer Service,on hold,Customer Service,0.945,Customer Service,rule,train,True,rules-v1 / tfidf-lr-v1
C0145,"Hello, The app crashes every time I try to open my statements. It has also been taking far too long. I expect compensation.",Account Access,Account Access,"app, crashes",Account Access,0.941,Account Access,rule,train,True,rules-v1 / tfidf-lr-v1
C0146,"To whom it ay concern, I was charged a monthly fee that nobody told me about. I would like a response in writing.",Fees & Charges,Fees & Charges,"fee, charged",Fees & Charges,0.96,Fees & Charges,rule,train,True,rules-v1 / tfidf-lr-v1
C0147,I have been a customer for years. It has taken six weeks to process my claim and nobody has updated me.,Delays & Processing,,,Delays & Processing,0.982,Delays & Processing,model,test,True,rules-v1 / tfidf-lr-v1
C0148,I have been a customer for years. Nobody checked whether I could afford the credit agreement.,Mis-selling,,,Mis-selling,0.946,Mis-selling,model,train,True,rules-v1 / tfidf-lr-v1
C0149,My account was frozen and I cannot get in to move money. There was also a fee involved. I want this put right.,Account Access,,,Account Access,0.85,Account Access,model,train,True,rules-v1 / tfidf-lr-v1
C0150,I was misled about what the insurance actually included.,Mis-selling,Mis-selling,"misled, insurance",Mis-selling,0.989,Mis-selling,rule,train,True,rules-v1 / tfidf-lr-v1
C0151,I am writing to complain. I was hit with a penalty charge for a payment I made on time. I am worried it might be fraud. I want this put right.,Fees & Charges,,,Fees & Charges,0.912,Fees & Charges,model,train,True,rules-v1 / tfidf-lr-v1
C0152,"Hello, I feel I was treated badly because of my age.",Customer Service,Customer Service,treated badly,Customer Service,0.983,Customer Service,rule,train,True,rules-v1 / tfidf-lr-v1
C0153,"Hello, My card reader stopped working and I cannot approve payments. This is not acceptable.",Account Access,,,Account Access,0.98,Account Access,model,train,True,rules-v1 / tfidf-lr-v1
C0154,"To whom it may concern, My account was frozen and I cannot get in to move money. I am worried it might be fraud. I would like a response in writing.",Account Access,Fraud & Scams,fraud,Account Access,0.896,Fraud & Scams,rule,train,False,rules-v1 / tfidf-lr-v1
C0155,The closure of my old account has dragged on for months. I also spent ages on hold when I called about it. I expect compensation.,Delays & Processing,,,Delays & Processing,0.88,Delays & Processing,model,train,True,rules-v1 / tfidf-lr-v1
C0156,"My card was cloned and used abroad. Also, the closure of my old account has dragged on for months. I want this put right.",Fraud & Scams,,,Fraud & Scams,0.812,Fraud & Scams,model,train,True,rules-v1 / tfidf-lr-v1
C0157,The app crashes every time I try to open my statements. There was also a fee involved. I want this put right.,Account Access,,,Account Access,0.944,Account Access,model,train,True,rules-v1 / tfidf-lr-v1
C0158,This has caused me a lot of stress and I want answers. I want this put right.,Fees & Charges,,,Delays & Processing,0.3,Needs review,human queue,test,False,rules-v1 / tfidf-lr-v1
C0159,I have been a customer for years. The webchat agent ended the conversation without solving anything. I do not think it was explained properly when I bought it. I would like a response in writing.,Customer Service,,,Customer Service,0.899,Customer Service,model,train,True,rules-v1 / tfidf-lr-v1
C0160,Please look into what happened on my account. Please escalate this.,Account Access,,,Account Access,0.585,Needs review,human queue,train,False,rules-v1 / tfidf-lr-v1
C0161,I spent an hour on hold and then the call was cut off. This is not acceptable.,Customer Service,Customer Service,on hold,Customer Service,0.945,Customer Service,rule,test,True,rules-v1 / tfidf-lr-v1
C0162,I keep getting an error message when I sign in. I also spent ages on hold when I called about it. I expect compensation.,Account Access,,,Account Access,0.961,Account Access,model,train,True,rules-v1 / tfidf-lr-v1
C0163,You promised the money within three working days and it is still outstanding.,Delays & Processing,,,Delays & Processing,0.961,Delays & Processing,model,train,True,rules-v1 / tfidf-lr-v1
C0164,Please look into what happened on my account. I would like a response in writing.,Mis-selling,,,Mis-selling,0.651,Mis-selling,model,train,True,rules-v1 / tfidf-lr-v1
C0165,"I have been a customer for years. The webchat agent ended the conversation without solving anything. Also, i have been billed an annual fee I never agreed to. I expect compensation.",Customer Service,Fees & Charges,"fee, billed",Customer Service,0.682,Fees & Charges,rule,test,False,rules-v1 / tfidf-lr-v1
C0166,I am writing to complain. I was tricked into moving savings to a safe account that was not safe. It has also been taking far too long.,Fraud & Scams,,,Fraud & Scams,0.917,Fraud & Scams,model,test,True,rules-v1 / tfidf-lr-v1
C0167,"To whom it may concern, Someone has made payments from my account that I did not authorise. Also, the salesperson pushed me into a plan I did not need.",Fraud & Scams,,,Fraud & Scams,0.753,Fraud & Scams,model,train,True,rules-v1 / tfidf-lr-v1
C0168,"Hello, My card was cloned and used abroad. I want this put right.",Fraud & Scams,Fraud & Scams,cloned,Fraud & Scams,0.974,Fraud & Scams,rule,train,True,rules-v1 / tfidf-lr-v1
C0169,This is the second time I have raised this. The paperwork was submitted a month ago and I am still waiting. I expect compensation.,Delays & Processing,,,Delays & Processing,0.815,Delays & Processing,model,train,True,rules-v1 / tfidf-lr-v1
C0170,"Frankly, I was hit with a penalty charge for a payment I made on time. Also, the website will not let me register for online access. I want this put right.",Fees & Charges,Fees & Charges,"charge, penalty",Fees & Charges,0.744,Fees & Charges,rule,train,True,rules-v1 / tfidf-lr-v1
C0171,"Frankly, I cannot log in to the mobile app since the update. Also, a fake text message led me to a website and my money disappeared. Please escalate this.",Account Access,Account Access,"log in, app",Account Access,0.805,Account Access,rule,train,True,rules-v1 / tfidf-lr-v1
C0172,I was told this policy covered me but my claim was rejected. I expect compensation.,Mis-selling,,,Mis-selling,0.947,Mis-selling,model,train,True,rules-v1 / tfidf-lr-v1
C0173,"To whom it may concern, My mortgage switch is taking far longer than you said it would. Also, i was misled about what the insurance actually included.",Delays & Processing,Mis-selling,"misled, insurance",Delays & Processing,0.599,Mis-selling,rule,train,False,rules-v1 / tfidf-lr-v1
C0174,I am extremely disappointed and want this resolved. Please escalate this.,Customer Service,,,Mis-selling,0.287,Needs review,human queue,test,False,rules-v1 / tfidf-lr-v1
C0175,I am writing to complain. Nobody explained the foreign transaction charges before my holiday. Please sort this out.,Fees & Charges,,,Fees & Charges,0.939,Fees & Charges,model,train,True,rules-v1 / tfidf-lr-v1
C0176,"Frankly, There are transactions on my card I do not recognise. I want this put right.",Fraud & Scams,,,Fraud & Scams,0.966,Fraud & Scams,model,train,True,rules-v1 / tfidf-lr-v1
C0177,The app crashes every time I try to open my statements. It has also been taking far too long. Please escalate this.,Account Access,Account Access,"app, crashes",Account Access,0.917,Account Access,rule,train,True,rules-v1 / tfidf-lr-v1
C0178,"I was told this policy covered me but y claim was rejected. Also, my account was frozen and I cannot get in to move money.",Mis-selling,,,Mis-selling,0.889,Mis-selling,model,test,True,rules-v1 / tfidf-lr-v1
C0179,Please look into what happened on my account. I would like a response in writing.,Mis-selling,,,Mis-selling,0.651,Mis-selling,model,train,True,rules-v1 / tfidf-lr-v1
C0180,"My card reader stopped working and I cannot approve payments. Also, the adviser did not explain the risks of the investment. I expect compensation.",Account Access,Mis-selling,"adviser, risks",Account Access,0.833,Mis-selling,rule,train,False,rules-v1 / tfidf-lr-v1
C0181,I keep getting an error message when I sign in.,Account Access,Account Access,sign in,Account Access,0.988,Account Access,rule,train,True,rules-v1 / tfidf-lr-v1
C0182,I have been a customer for years. I have ben billed an annual fee I never agreed to. I want this put right.,Fees & Charges,Fees & Charges,"fee, billed",Fees & Charges,0.97,Fees & Charges,rule,test,True,rules-v1 / tfidf-lr-v1
C0183,Someone has made payment from my account that I did not authorise. Please sort this out.,Fraud & Scams,Fraud & Scams,did not authorise,Fraud & Scams,0.911,Fraud & Scams,rule,train,True,rules-v1 / tfidf-lr-v1
C0184,I am writing to complain. I cannot log in to the mobile app since the update. There was also a fee involved.,Account Access,Account Access,"log in, app",Account Access,0.954,Account Access,rule,train,True,rules-v1 / tfidf-lr-v1
C0185,"The website will not let me register for online access. Also, the direct debit setup was delayed and I missed a bill because of it.",Account Access,,,Delays & Processing,0.571,Needs review,human queue,test,False,rules-v1 / tfidf-lr-v1
C0186,"The costs keep creeping up and my balance is lower than it should be. Also, the staff member was rude and dismissive when I called.",Fees & Charges,Customer Service,"rude, staff",Fees & Charges,0.512,Customer Service,rule,test,False,rules-v1 / tfidf-lr-v1
C0187,"To whom it may concern, The salesperson pushed me into a plan I did not need. Also, i was charged a monthly fee that nobody told me about. I expect compensation.",Mis-selling,Fees & Charges,"fee, charged",Mis-selling,0.652,Fees & Charges,rule,train,False,rules-v1 / tfidf-lr-v1
C0188,I am writing to complain. Nobody explained the foreign transaction charges before my holiday. Please sort this out.,Fees & Charges,,,Fees & Charges,0.939,Fees & Charges,model,test,True,rules-v1 / tfidf-lr-v1
C0189,"Hello, A late payment fee appeared and I want it refunded.",Fees & Charges,,,Fees & Charges,0.979,Fees & Charges,model,train,True,rules-v1 / tfidf-lr-v1
C0190,"Frankly, My account was rozen and I cannot get in to move money. I am worried it might be fraud. This is not acceptable.",Account Access,Fraud & Scams,fraud,Account Access,0.763,Fraud & Scams,rule,train,False,rules-v1 / tfidf-lr-v1
C0191,I was told this policy covered me but my claim was rejected. I expect compensation.,Mis-selling,,,Mis-selling,0.947,Mis-selling,model,train,True,rules-v1 / tfidf-lr-v1
C0192,"Hello, A late payment fee appeared and I want it refunded.",Fees & Charges,,,Fees & Charges,0.979,Fees & Charges,model,train,True,rules-v1 / tfidf-lr-v1
C0193,"Frankly, I was advised to take out cover that duplicates what I already had. I would like a response in writing.",Mis-selling,,,Mis-selling,0.96,Mis-selling,model,train,True,rules-v1 / tfidf-lr-v1
C0194,"Hello, My application has been stuck for weeks with no progress.",Delays & Processing,Delays & Processing,"weeks, stuck",Delays & Processing,0.974,Delays & Processing,rule,test,True,rules-v1 / tfidf-lr-v1
C0195,"I am writing to complain. The staff member was rude and dismissive when I called. Also, the brochure said guaranteed returns and my money has lost value.",Customer Service,Customer Service,"rude, staff",Customer Service,0.501,Customer Service,rule,test,True,rules-v1 / tfidf-lr-v1
C0196,"This is the second time I have raised this. The staff member was rude and dismissive when I called. Also, my card reader stopped working and I cannot approve payments.",Customer Service,Customer Service,"rude, staff",Customer Service,0.868,Customer Service,rule,train,True,rules-v1 / tfidf-lr-v1
C0197,I am writing to complain. My mortgage switch is taking far longer than you said it would. Please escalate this.,Delays & Processing,,,Delays & Processing,0.963,Delays & Processing,model,test,True,rules-v1 / tfidf-lr-v1
C0198,"To whom it may concern, The branch manager would not listen to my concerns. Also, a fake text message led me to a website and my money disappeared. I expect compensation.",Customer Service,,,Customer Service,0.716,Customer Service,model,train,True,rules-v1 / tfidf-lr-v1
C0199,"To whom it may concern, Someone has made payments from my account that I did not authorise. Also, the complaints handler was unhelpful and talked over me.",Fraud & Scams,,,Fraud & Scams,0.598,Needs review,human queue,train,False,rules-v1 / tfidf-lr-v1
C0200,I am writing to complain. The complaints handler was unhelpful and talked over me. It has also been taking far too long. Please escalate this.,Customer Service,,,Customer Service,0.936,Customer Service,model,train,True,rules-v1 / tfidf-lr-v1
C0201,I was misled about what the insurance actually included. I exect compensation.,Mis-selling,Mis-selling,"misled, insurance",Mis-selling,0.986,Mis-selling,rule,train,True,rules-v1 / tfidf-lr-v1
C0202,"A person pretending to be from your bank phoned me and I gave them details. Also, i asked for a callback and it never happened.",Fraud & Scams,,,Fraud & Scams,0.816,Fraud & Scams,model,train,True,rules-v1 / tfidf-lr-v1
C0203,"To whom it may concern, The website will not let me register for online access. I would like a response in writing.",Account Access,,,Account Access,0.958,Account Access,model,train,True,rules-v1 / tfidf-lr-v1
C0204,This has caused me a lot of stress and I want answers.,Account Access,,,Delays & Processing,0.301,Needs review,human queue,train,False,rules-v1 / tfidf-lr-v1
C0205,This is the second time I have raised this. The password reset keeps failing and I am locked out. I do not think it was explained properly when I bought it. I expect compensation.,Account Access,Account Access,"locked, password, reset",Account Access,0.858,Account Access,rule,test,True,rules-v1 / tfidf-lr-v1
C0206,"This is the second time I have raised this. Nobody checked whether I could afford the credit agreement. Also, a fake text message led me to a website and my money disappeared. Tis is not acceptable.",Mis-selling,,,Mis-selling,0.714,Mis-selling,model,train,True,rules-v1 / tfidf-lr-v1
C0207,"Hello, Your advisor gave me different answers on two separate calls. I could not log in to check either.",Customer Service,Account Access,log in,Customer Service,0.961,Account Access,rule,train,False,rules-v1 / tfidf-lr-v1
C0208,"To whom it may concern, Two factor codes are not being sent to my phone. There was also a fee involved. I would like a response in writing.",Account Access,,,Account Access,0.937,Account Access,model,train,True,rules-v1 / tfidf-lr-v1
C0209,This is the second time I have raised this. Someone has made payments from my account that I did not authorise.,Fraud & Scams,Fraud & Scams,did not authorise,Fraud & Scams,0.947,Fraud & Scams,rule,train,True,rules-v1 / tfidf-lr-v1
C0210,My application has been stuck for weeks with no progress. I am worried it might be fraud.,Delays & Processing,,,Delays & Processing,0.972,Delays & Processing,model,train,True,rules-v1 / tfidf-lr-v1
C0211,I think I was the victim of a scam and sent money to a fraudster. I do not think it was explained properly when I bought it. This is not acceptable.,Fraud & Scams,Fraud & Scams,"scam, fraudster",Fraud & Scams,0.934,Fraud & Scams,rule,test,True,rules-v1 / tfidf-lr-v1
C0212,Please look into what happened on my account.,Fees & Charges,,,Account Access,0.3,Needs review,human queue,train,False,rules-v1 / tfidf-lr-v1
C0213,"Hello, Why has my interest rate gone up without notice, it is costing me more every month. I could not log in to check either. I would like a response in writing.",Fees & Charges,,,Fees & Charges,0.848,Fees & Charges,model,train,True,rules-v1 / tfidf-lr-v1
C0214,"The complaints handler was unhelpful and talked over me. Also, someone has made payments from my account that I did not authorise.",Customer Service,,,Customer Service,0.583,Needs review,human queue,train,False,rules-v1 / tfidf-lr-v1
C0215,"To whom it may concern, The app crashes every time I try to open my statements.",Account Access,Account Access,"app, crashes",Account Access,0.968,Account Access,rule,train,True,rules-v1 / tfidf-lr-v1
C0216,The adviser did not explain the risks of the investment. Please escalate this.,Mis-selling,Mis-selling,"adviser, risks",Mis-selling,0.967,Mis-selling,rule,train,True,rules-v1 / tfidf-lr-v1
C0217,"Frankly, My card reader stopped working and I cannot approve payments. I want this put right.",Account Access,,,Account Access,0.96,Account Access,model,train,True,rules-v1 / tfidf-lr-v1
C0218,"Hello, I asked for a callback and it never happened. I want this put right.",Customer Service,,,Customer Service,0.878,Customer Service,model,test,True,rules-v1 / tfidf-lr-v1
C0219,I am writing to complain. My online banking is locked and the reset link never arrives. I also spent ages on hold when I called about it. I want this put right.,Account Access,Account Access,"locked, reset",Account Access,0.863,Account Access,rule,train,True,rules-v1 / tfidf-lr-v1
C0220,I have been a customer for years. My account was frozen and I cannot get in to move money. I expect compensation.,Account Access,,,Account Access,0.964,Account Access,model,train,True,rules-v1 / tfidf-lr-v1
C0221,"Frankly, The pension transfer advice I received was poor and I have lost out. Also, i cannot log in to the mobile app since the update. This is not acceptable.",Mis-selling,Account Access,"log in, app",Mis-selling,0.756,Account Access,rule,test,False,rules-v1 / tfidf-lr-v1
C0222,I was hit with a penalty charge for a payment I made on time. It has also been taking far too long. Please escalate this.,Fees & Charges,Fees & Charges,"charge, penalty",Fees & Charges,0.936,Fees & Charges,rule,test,True,rules-v1 / tfidf-lr-v1
C0223,"I am writing to complain. The pension transfer advice I received was poor and I have lost out. Also, i was hit with a penalty charge for a payment I made on time. Please sort this out.",Mis-selling,Fees & Charges,"charge, penalty",Mis-selling,0.474,Fees & Charges,rule,train,False,rules-v1 / tfidf-lr-v1
C0224,"To whom it may concern, My application has been stuck for weeks with no progress. I am worried it might be fraud. I expect compensation.",Delays & Processing,,,Delays & Processing,0.925,Delays & Processing,model,test,True,rules-v1 / tfidf-lr-v1
C0225,"Frankly, It has taken six weeks to process my claim and nobody has updated me.",Delays & Processing,,,Delays & Processing,0.979,Delays & Processing,model,train,True,rules-v1 / tfidf-lr-v1
C0226,"To whom it may concern, A late payment fee appeared and I want it refunded. It has also been taking far too long. This is not acceptable.",Fees & Charges,,,Fees & Charges,0.97,Fees & Charges,model,train,True,rules-v1 / tfidf-lr-v1
C0227,This is the second time I have raised this. My mortgage switch is taking far longer than you said it would. I also spent ages on hold when I called about it. This is not acceptable.,Delays & Processing,,,Delays & Processing,0.872,Delays & Processing,model,train,True,rules-v1 / tfidf-lr-v1
C0228,"Frankly, The pension transfer advice I received was poor and I have lost out. There was also a fee involved. I want this put right.",Mis-selling,,,Mis-selling,0.905,Mis-selling,model,train,True,rules-v1 / tfidf-lr-v1
C0229,You promised the money within three working days and it is still outstanding. Please sort this out.,Delays & Processing,,,Delays & Processing,0.962,Delays & Processing,model,test,True,rules-v1 / tfidf-lr-v1
C0230,The staff member was rude and dismissive when I called. This is not acceptable.,Customer Service,Customer Service,"rude, staff",Customer Service,0.962,Customer Service,rule,train,True,rules-v1 / tfidf-lr-v1
C0231,"The website will not let me register for online access. Also, i feel I was treated badly because of my age. Please sort this out.",Account Access,Customer Service,treated badly,Account Access,0.774,Customer Service,rule,train,False,rules-v1 / tfidf-lr-v1
C0232,"Frankly, The paperwork was submitted a month ago and I am still waiting.",Delays & Processing,,,Delays & Processing,0.911,Delays & Processing,model,train,True,rules-v1 / tfidf-lr-v1
C0233,The account maintenance fee was taken twice this month. I expect compensation.,Fees & Charges,,,Fees & Charges,0.939,Fees & Charges,model,train,True,rules-v1 / tfidf-lr-v1
C0234,I reported the unauthorised payment but you refused to reimburse me. I could not log in to check either.,Fraud & Scams,,,Fraud & Scams,0.961,Fraud & Scams,model,train,True,rules-v1 / tfidf-lr-v1
C0235,My card reader stopped working and I cannot approve payments.,Account Access,,,Account Access,0.989,Account Access,model,test,True,rules-v1 / tfidf-lr-v1
C0236,This is the second time I have raised this. A late payment fee appeared and I want it refunded. I could not log in to check either. Please sort this out.,Fees & Charges,,,Fees & Charges,0.952,Fees & Charges,model,train,True,rules-v1 / tfidf-lr-v1
C0237,I have had enough of the way this has gone. I would like a response in writing.,Mis-selling,,,Mis-selling,0.289,Needs review,human queue,train,False,rules-v1 / tfidf-lr-v1
C0238,I sent the form twice and it seems to have been lost in the system. I want this put right.,Delays & Processing,,,Delays & Processing,0.955,Delays & Processing,model,train,True,rules-v1 / tfidf-lr-v1
C0239,"This is the second time I have raised this. I sent the form twice and it seems to have been lost in the system. Also, i was tricked into moving savings to a safe account that was not safe.",Delays & Processing,,,Delays & Processing,0.724,Delays & Processing,model,train,True,rules-v1 / tfidf-lr-v1
C0240,The fraud team closed my case without investigating properly. There was also a fee involved.,Fraud & Scams,,,Fraud & Scams,0.942,Fraud & Scams,model,train,True,rules-v1 / tfidf-lr-v1
C0241,"Frankly, My application has been stuck for weeks with no progress. There was also a fee involved. I want this put right.",Delays & Processing,,,Delays & Processing,0.933,Delays & Processing,model,train,True,rules-v1 / tfidf-lr-v1
C0242,I have been a customer for years. The paperwork was submitted a month ago and I am still waiting. I would like a response in writing.,Delays & Processing,,,Delays & Processing,0.851,Delays & Processing,model,test,True,rules-v1 / tfidf-lr-v1
C0243,"Hello, The salesperson pushed me into a plan I did not need.",Mis-selling,,,Mis-selling,0.946,Mis-selling,model,train,True,rules-v1 / tfidf-lr-v1
C0244,"To whom it may concern, A late payment fee appeared and I want it refunded. I would like a response in writing.",Fees & Charges,,,Fees & Charges,0.971,Fees & Charges,model,train,True,rules-v1 / tfidf-lr-v1
C0245,I have been a customer for years. The app crashes every time I try to open my statements. I expect compensation.,Account Access,Account Access,"app, crashes",Account Access,0.971,Account Access,rule,train,True,rules-v1 / tfidf-lr-v1
C0246,"Hello, I feel I was treated badly because of my age. Please sort this out.",Customer Service,Customer Service,treated badly,Customer Service,0.973,Customer Service,rule,train,True,rules-v1 / tfidf-lr-v1
C0247,My mortgage switch is taking far longer than you said it would.,Delays & Processing,,,Delays & Processing,0.965,Delays & Processing,model,train,True,rules-v1 / tfidf-lr-v1
C0248,"This is the second time I have raised this. The branch manager would not listen to my concerns. Also, nobody explained the foreign transaction charges before my holiday.",Customer Service,,,Customer Service,0.734,Customer Service,model,train,True,rules-v1 / tfidf-lr-v1
C0249,This is the second time I have raised this. My card was cloned and used abroad. I could not log in to check ither. Please sort this out.,Fraud & Scams,,,Fraud & Scams,0.942,Fraud & Scams,model,test,True,rules-v1 / tfidf-lr-v1
C0250,I have been a customer for years. The account maintenance fee was taken twice this month. Please sort this out.,Fees & Charges,,,Fees & Charges,0.894,Fees & Charges,model,train,True,rules-v1 / tfidf-lr-v1
C0251,"Frankly, A fake text message led me to a website and my money disappeared.",Fraud & Scams,,,Fraud & Scams,0.92,Fraud & Scams,model,train,True,rules-v1 / tfidf-lr-v1
C0252,The payment still has not arrived in my account. I expect compensation.,Delays & Processing,,,Delays & Processing,0.994,Delays & Processing,model,train,True,rules-v1 / tfidf-lr-v1
C0253,"To whom it may concern, The branch manager would not listen to my concerns. I would like a response in writing.",Customer Service,,,Customer Service,0.974,Customer Service,model,train,True,rules-v1 / tfidf-lr-v1
C0254,"To whom it may concern, A late payment fee appeared and I want it refunded. I expect compensation.",Fees & Charges,,,Fees & Charges,0.977,Fees & Charges,model,train,True,rules-v1 / tfidf-lr-v1
C0255,"The terms were very different from what I was promised at the time of sale. Also, the webchat agent ended the conversation without solving anything. Please escalate this.",Mis-selling,,,Mis-selling,0.789,Mis-selling,model,train,True,rules-v1 / tfidf-lr-v1
C0256,My transfer has been pending for over a week. I could not log in to check either.,Delays & Processing,,,Delays & Processing,0.972,Delays & Processing,model,train,True,rules-v1 / tfidf-lr-v1
C0257,I am writing to complain. My identity was stolen and a loan was taken out in my name. I also spent ages on hold when I called about it. This is not acceptable.,Fraud & Scams,,,Fraud & Scams,0.84,Fraud & Scams,model,test,True,rules-v1 / tfidf-lr-v1
C0258,It has taken six weeks to process my claim and nobody has updated me. I would like a response in writing.,Delays & Processing,,,Delays & Processing,0.953,Delays & Processing,model,train,True,rules-v1 / tfidf-lr-v1
C0259,"Frankly, There are transactions on my card I do not recognise.",Fraud & Scams,,,Fraud & Scams,0.955,Fraud & Scams,model,test,True,rules-v1 / tfidf-lr-v1
C0260,"I am writing to complain. The staff member was rude and dismissive when I called. Also, my card reader stopped working and I cannot approve payments.",Customer Service,Customer Service,"rude, staff",Customer Service,0.822,Customer Service,rule,train,True,rules-v1 / tfidf-lr-v1
C0261,I am writing to complain. A fake text message led me to a website and my money disappeared.,Fraud & Scams,,,Fraud & Scams,0.857,Fraud & Scams,model,train,True,rules-v1 / tfidf-lr-v1
C0262,I have been a customer for years. I asked for a callback and it never happened. It has also been taking far too long. I want this put right.,Customer Service,,,Customer Service,0.902,Customer Service,model,train,True,rules-v1 / tfidf-lr-v1
C0263,"Hello, My account was frozen and I cannot get in to move money. Please escalate this.",Account Access,,,Account Access,0.961,Account Access,model,train,True,rules-v1 / tfidf-lr-v1
C0264,This is the second time I hve raised this. The password reset keeps failing and I am locked out.,Account Access,Account Access,"locked, password, reset",Account Access,0.929,Account Access,rule,train,True,rules-v1 / tfidf-lr-v1
C0265,This is the second time I have raised this. You promised the money within three workin days and it is still outstanding.,Delays & Processing,,,Delays & Processing,0.877,Delays & Processing,model,train,True,rules-v1 / tfidf-lr-v1
C0266,"This is the second time I have raised this. I was tricked into moving savings to a safe account that was not safe. Also, i spent an hour on hold and then the call was cut off. Please escalate this.",Fraud & Scams,,,Fraud & Scams,0.846,Fraud & Scams,model,train,True,rules-v1 / tfidf-lr-v1
C0267,I am writing to complain. I think I was the victim of a scam and sent money to a fraudster. I want this put right.,Fraud & Scams,Fraud & Scams,"scam, fraudster",Fraud & Scams,0.975,Fraud & Scams,rule,train,True,rules-v1 / tfidf-lr-v1
C0268,This is the second time I have raised this. I spent an hour on hold and then the call was cut off. This is not acceptable.,Customer Service,Customer Service,on hold,Customer Service,0.946,Customer Service,rule,train,True,rules-v1 / tfidf-lr-v1
C0269,I have been a customer for years. I was tricked into moving savings to a safe account that was not safe. This is not acceptable.,Fraud & Scams,,,Fraud & Scams,0.929,Fraud & Scams,model,train,True,rules-v1 / tfidf-lr-v1
C0270,"Frankly, Two factor codes are not being sent to my phone.",Account Access,Account Access,two factor,Account Access,0.968,Account Access,rule,test,True,rules-v1 / tfidf-lr-v1
C0271,"To whom it may concern, My identity was stolen and a loan was taken out in my name. Also, my transfer has been pending for over a week. I want this put right.",Fraud & Scams,,,Fraud & Scams,0.87,Fraud & Scams,model,test,True,rules-v1 / tfidf-lr-v1
C0272,"I have been a customer for years. There are transactions on my card I do not recognise. Also, the app crashes every time I try to open my statements.",Fraud & Scams,,,Account Access,0.879,Account Access,model,test,False,rules-v1 / tfidf-lr-v1
C0273,I am writing to complain. I feel I was treated badly because of my age. Please sort this out.,Customer Service,Customer Service,treated badly,Customer Service,0.965,Customer Service,rule,test,True,rules-v1 / tfidf-lr-v1
C0274,I am unable to access my account to see my balance. I do not think it was explained properly when I bought it.,Account Access,,,Account Access,0.918,Account Access,model,train,True,rules-v1 / tfidf-lr-v1
C0275,I have had enough of the way this has gone.,Account Access,,,Fees & Charges,0.379,Needs review,human queue,train,False,rules-v1 / tfidf-lr-v1
C0276,I am unable to access my account to see my balance.,Account Access,,,Account Access,0.976,Account Access,model,train,True,rules-v1 / tfidf-lr-v1
C0277,I am extremely disappointed and want this resolved. I want this put right.,Mis-selling,,,Fraud & Scams,0.417,Needs review,human queue,train,False,rules-v1 / tfidf-lr-v1
C0278,"Frankly, I reported the unauthorised payment but you refused to reimburse me.",Fraud & Scams,Fraud & Scams,unauthorised,Fraud & Scams,0.981,Fraud & Scams,rule,train,True,rules-v1 / tfidf-lr-v1
C0279,This is the second time I have raised this. I think I was the victim of a scam and sent money to a fraudster.,Fraud & Scams,Fraud & Scams,"scam, fraudster",Fraud & Scams,0.977,Fraud & Scams,rule,train,True,rules-v1 / tfidf-lr-v1
C0280,I was told this policy covered me but my claim was rejected. This is not acceptable.,Mis-selling,,,Mis-selling,0.973,Mis-selling,model,train,True,rules-v1 / tfidf-lr-v1
C0281,"Frankly, The brochure said guaranteed returns and my money has lost value. Also, the app crashes every time I try to open my statements. Please sort this out.",Mis-selling,,,Mis-selling,0.756,Mis-selling,model,train,True,rules-v1 / tfidf-lr-v1
C0282,I am writing to complain. I am unable to access my account to see my balance.,Account Access,,,Account Access,0.947,Account Access,model,train,True,rules-v1 / tfidf-lr-v1
C0283,"I am writing to complain. You promised the money within three working days and it is still outstanding. Also, the terms were very different from what I was promised at the time of sale. I would like a response in writing.",Delays & Processing,,,Delays & Processing,0.642,Delays & Processing,model,train,True,rules-v1 / tfidf-lr-v1
C0284,"Hello, There is an unexpected charge on my statement of £48.",Fees & Charges,Fees & Charges,"charge, statement",Fees & Charges,0.979,Fees & Charges,rule,train,True,rules-v1 / tfidf-lr-v1
C0285,I was tricked into moving savings to a safe account that was not safe. Please sort this out.,Fraud & Scams,,,Fraud & Scams,0.953,Fraud & Scams,model,train,True,rules-v1 / tfidf-lr-v1
C0286,This is the second time I have raised this. The adviser did not explain the risks of the investment. Please sort this out.,Mis-selling,Mis-selling,"adviser, risks",Mis-selling,0.843,Mis-selling,rule,test,True,rules-v1 / tfidf-lr-v1
C0287,"I have been a customer for years. My online banking is locked and the reset link never arrives. Also, the costs keep creeping up and my balance is lower than it should be. This is not acceptable.",Account Access,Account Access,"locked, reset",Account Access,0.583,Account Access,rule,test,True,rules-v1 / tfidf-lr-v1
C0288,"To whom it may concern, Nobody has responded to my emails despite three reminders. Also, my card was cloned and used abroad. I would like a response in writing.",Customer Service,,,Customer Service,0.583,Needs review,human queue,test,False,rules-v1 / tfidf-lr-v1
C0289,This is the secnd time I have raised this. It has taken six weeks to process my claim and nobody has updated me. I expect compensation.,Delays & Processing,,,Delays & Processing,0.958,Delays & Processing,model,train,True,rules-v1 / tfidf-lr-v1
C0290,The direct debit setup was delayed and I missed a bill because of it. This is not acceptable.,Delays & Processing,,,Delays & Processing,0.975,Delays & Processing,model,train,True,rules-v1 / tfidf-lr-v1
C0291,I am writing to complain. I was advised to take out cover that duplicates what I already had. I would like a response in writing.,Mis-selling,,,Mis-selling,0.958,Mis-selling,model,train,True,rules-v1 / tfidf-lr-v1
C0292,This is the second time I have raised this. Your advisor gave me different answers on two separate calls. I could not log in to check either. Please sort this out.,Customer Service,Account Access,log in,Customer Service,0.968,Account Access,rule,train,False,rules-v1 / tfidf-lr-v1
C0293,This is the second time I have raised this. I have been billed an annual fee I never agreed to. Please sort this out.,Fees & Charges,Fees & Charges,"fee, billed",Fees & Charges,0.968,Fees & Charges,rule,test,True,rules-v1 / tfidf-lr-v1
C0294,"Frankly, I was told this policy covered me but my claim was rejected. It has also been taking far too long. I would like a response in writing.",Mis-selling,,,Mis-selling,0.956,Mis-selling,model,train,True,rules-v1 / tfidf-lr-v1
C0295,"Hello, I cannot log in to the mobile app since the update. I am worried it might be fraud. I expect compensation.",Account Access,,,Account Access,0.966,Account Access,model,test,True,rules-v1 / tfidf-lr-v1
C0296,I am writing to complain. A person pretending to be from your bank phoned me and I gave them details. This is not acceptable.,Fraud & Scams,,,Fraud & Scams,0.926,Fraud & Scams,model,train,True,rules-v1 / tfidf-lr-v1
C0297,"Frankly, My identity was stolen and a loan was taken out in my name. I do not think it was explained properly when I bought it.",Fraud & Scams,,,Fraud & Scams,0.919,Fraud & Scams,model,train,True,rules-v1 / tfidf-lr-v1
C0298,"To whom it may concern, The complaints handler was unhelpful and talked over me. Please sort this out.",Customer Service,,,Customer Service,0.932,Customer Service,model,train,True,rules-v1 / tfidf-lr-v1
C0299,"To whom it may concern, I was passed between four departments and no one took ownership. Please sort this out.",Customer Service,,,Customer Service,0.971,Customer Service,model,train,True,rules-v1 / tfidf-lr-v1
C0300,This is the second time I have raised this. A fake text message led me to a website and my money disappeared. I want this put right.,Fraud & Scams,,,Fraud & Scams,0.921,Fraud & Scams,model,train,True,rules-v1 / tfidf-lr-v1
C0301,The paperwork was submitted a month ago and I am still waiting. I want this put right.,Delays & Processing,,,Delays & Processing,0.916,Delays & Processing,model,train,True,rules-v1 / tfidf-lr-v1
C0302,Your advisor gave me different answers on two separate calls. Please escalate this.,Customer Service,,,Customer Service,0.972,Customer Service,model,train,True,rules-v1 / tfidf-lr-v1
C0303,"This is the second time I have raised this. The paperwork was submitted a month ago and I am still waiting. Also, nobody checked whether I could afford the credit agreement. Please escalate this.",Delays & Processing,,,Mis-selling,0.567,Needs review,human queue,test,False,rules-v1 / tfidf-lr-v1
C0304,"Frankly, The pension transfer advice I received was poor and I have lost out. I would like a response in writing.",Mis-selling,,,Mis-selling,0.958,Mis-selling,model,test,True,rules-v1 / tfidf-lr-v1
C0305,"I am writing to complain. The complaints hanler was unhelpful and talked over me. Also, the fraud team closed my case without investigating properly.",Customer Service,,,Customer Service,0.616,Customer Service,model,train,True,rules-v1 / tfidf-lr-v1
C0306,I was charged a monthly fee that nobody told me about. I would like a response in writing.,Fees & Charges,Fees & Charges,"fee, charged",Fees & Charges,0.953,Fees & Charges,rule,train,True,rules-v1 / tfidf-lr-v1
C0307,Please look into what happened on my account. I expect comensation.,Delays & Processing,,,Delays & Processing,0.683,Delays & Processing,model,train,True,rules-v1 / tfidf-lr-v1
C0308,"Frankly, The ayment still has not arrived in my account. I could not log in to check either. I expect compensation.",Delays & Processing,,,Delays & Processing,0.85,Delays & Processing,model,train,True,rules-v1 / tfidf-lr-v1
C0309,This is the second time I have raised this. My card reader stopped working and I cannot approve payments.,Account Access,,,Account Access,0.957,Account Access,model,train,True,rules-v1 / tfidf-lr-v1
C0310,The pension transfer advice I received was poor and I have lost out. I want this put right.,Mis-selling,,,Mis-selling,0.942,Mis-selling,model,train,True,rules-v1 / tfidf-lr-v1
C0311,I am writing to complain. You took an overdraft fee even though I was within my limit. I do not think it was explained properly when I bought it. This is not acceptable.,Fees & Charges,,,Fees & Charges,0.927,Fees & Charges,model,train,True,rules-v1 / tfidf-lr-v1
C0312,The webchat agent ended the conversation without solving anything. Please sort this out.,Customer Service,,,Customer Service,0.973,Customer Service,model,train,True,rules-v1 / tfidf-lr-v1
C0313,This is the second time I have raised this. Nobody explained the foreign transaction charges before my holiday. I would like a response in writing.,Fees & Charges,,,Fees & Charges,0.936,Fees & Charges,model,train,True,rules-v1 / tfidf-lr-v1
C0314,"To whom it may concern, You took an overdraft fee even though I was within my limit. I expect compensation.",Fees & Charges,,,Fees & Charges,0.976,Fees & Charges,model,train,True,rules-v1 / tfidf-lr-v1
C0315,This is the second time I have raised this. The fraud team closed my case without investigating properly. This is not acceptable.,Fraud & Scams,Fraud & Scams,fraud,Fraud & Scams,0.955,Fraud & Scams,rule,train,True,rules-v1 / tfidf-lr-v1
C0316,I am writing to complain. I was advised to take out cover that duplicates what I already had.,Mis-selling,,,Mis-selling,0.953,Mis-selling,model,test,True,rules-v1 / tfidf-lr-v1
C0317,The complaints handler was unhelpful and talked over me. I expect compensation.,Customer Service,,,Customer Service,0.925,Customer Service,model,train,True,rules-v1 / tfidf-lr-v1
C0318,My application has been stuck for weeks with no progress. I also spent ages on hold when I called about it. Please sort this out.,Delays & Processing,,,Delays & Processing,0.919,Delays & Processing,model,test,True,rules-v1 / tfidf-lr-v1
C0319,"Frankly, I was sold a product that was not suitable for my circumstances. It has also been taking far too long. I want this put right.",Mis-selling,Mis-selling,"sold, not suitable",Mis-selling,0.91,Mis-selling,rule,train,True,rules-v1 / tfidf-lr-v1
C0320,I think I was the victim of a scam and sent money to a fraudster. This is not acceptable.,Fraud & Scams,Fraud & Scams,"scam, fraudster",Fraud & Scams,0.974,Fraud & Scams,rule,train,True,rules-v1 / tfidf-lr-v1
C0321,"To whom it may concern, The pension transfer advice I received was poor and I have lost out. I could not log in to check either. Please escalate this.",Mis-selling,,,Mis-selling,0.919,Mis-selling,model,test,True,rules-v1 / tfidf-lr-v1
C0322,This is the second time I have raised this. I feel I was treated badly because of my age. I would like a response in writing.,Customer Service,Customer Service,treated badly,Customer Service,0.957,Customer Service,rule,train,True,rules-v1 / tfidf-lr-v1
C0323,"I was advised to take out cover that duplicates what I already had. Also, my account was frozen and I cannot get in to move money. I would like a response in writing.",Mis-selling,,,Mis-selling,0.831,Mis-selling,model,train,True,rules-v1 / tfidf-lr-v1
C0324,"Frankly, The fraud team closed my case without investigating properly. I expect compensation.",Fraud & Scams,Fraud & Scams,fraud,Fraud & Scams,0.963,Fraud & Scams,rule,train,True,rules-v1 / tfidf-lr-v1
C0325,I have been a customer for years. I was advised to take out cover that duplicates what I already had. Please escalate this.,Mis-selling,,,Mis-selling,0.919,Mis-selling,model,train,True,rules-v1 / tfidf-lr-v1
C0326,"Frankly, My identity was stolen and a loan was taken out in my name. There was also a fee involved.",Fraud & Scams,,,Fraud & Scams,0.94,Fraud & Scams,model,train,True,rules-v1 / tfidf-lr-v1
C0327,"I am writing to complain. The direct debit setup was delayed and I missed a bill because of it. Also, i was hit with a penalty charge for a payment I made on time. I expect compensation.",Delays & Processing,Fees & Charges,"charge, penalty",Delays & Processing,0.801,Fees & Charges,rule,train,False,rules-v1 / tfidf-lr-v1
C0328,"This is the second time I have raised this. I was passed between four departments and no one took ownership. Also, the adviser did not explain the risks of the investment. Please sort this out.",Customer Service,Mis-selling,"adviser, risks",Customer Service,0.817,Mis-selling,rule,train,False,rules-v1 / tfidf-lr-v1
C0329,The fraud team closed my case without investigating properly. It has also been taking far too long.,Fraud & Scams,Fraud & Scams,fraud,Fraud & Scams,0.925,Fraud & Scams,rule,test,True,rules-v1 / tfidf-lr-v1
C0330,"Hello, I have been billed an annual fee I never agreed to.",Fees & Charges,Fees & Charges,"fee, billed",Fees & Charges,0.977,Fees & Charges,rule,train,True,rules-v1 / tfidf-lr-v1
C0331,"Frankly, The complaints handler was unhelpful and talked over me. Please escalate this.",Customer Service,,,Customer Service,0.948,Customer Service,model,train,True,rules-v1 / tfidf-lr-v1
C0332,"To whom it may concern, The pension transfer advice I received was poor and I have lost out.",Mis-selling,,,Mis-selling,0.946,Mis-selling,model,test,True,rules-v1 / tfidf-lr-v1
C0333,I was sold a product that was not suitable for my circumstances. Please escalate this.,Mis-selling,Mis-selling,"sold, not suitable",Mis-selling,0.971,Mis-selling,rule,train,True,rules-v1 / tfidf-lr-v1
C0334,Nothing has been done and I am losing patience.,Mis-selling,,,Mis-selling,0.451,Needs review,human queue,train,False,rules-v1 / tfidf-lr-v1
C0335,I feel I was treated badly because of my age. I expect compensation.,Customer Service,Customer Service,treated badly,Customer Service,0.952,Customer Service,rule,train,True,rules-v1 / tfidf-lr-v1
C0336,I am writing to complain. Nobody has responded to my emails despite three reminders. I want this put right.,Customer Service,,,Customer Service,0.948,Customer Service,model,train,True,rules-v1 / tfidf-lr-v1
C0337,"Hello, I was passed between four departments and no one took ownership.",Customer Service,,,Customer Service,0.97,Customer Service,model,train,True,rules-v1 / tfidf-lr-v1
C0338,"I am writing to complain. My identity was stolen and a loan was taken out in my name. Also, the costs keep creeping up and my balance is lower than it should be. This is not acceptable.",Fraud & Scams,,,Fraud & Scams,0.74,Fraud & Scams,model,train,True,rules-v1 / tfidf-lr-v1
C0339,My identity was stolen and a loan was taken out in my name. This is not acceptable.,Fraud & Scams,,,Fraud & Scams,0.973,Fraud & Scams,model,test,True,rules-v1 / tfidf-lr-v1
C0340,"Frankly, My mortgage switch is taking far longer than you said it would. Please sort this out.",Delays & Processing,,,Delays & Processing,0.947,Delays & Processing,model,train,True,rules-v1 / tfidf-lr-v1
C0341,I have been a customer for years. My card reader stopped working and I cannot approve payments. I would like a response in writing.,Account Access,,,Account Access,0.973,Account Access,model,train,True,rules-v1 / tfidf-lr-v1
C0342,I was advised to take out cover that duplicates what I already had.,Mis-selling,,,Mis-selling,0.973,Mis-selling,model,train,True,rules-v1 / tfidf-lr-v1
C0343,"Hello, The complaints handler was unhelpful and talked over me. It has also been taking far too long.",Customer Service,,,Customer Service,0.922,Customer Service,model,train,True,rules-v1 / tfidf-lr-v1
C0344,The terms were very different from what I was promised at the time of sale. There was also a fee involved. This is not acceptable.,Mis-selling,,,Mis-selling,0.938,Mis-selling,model,train,True,rules-v1 / tfidf-lr-v1
C0345,"To whom it may concern, There is an unexpected charge on my statement of £15. Also, my identity was stolen and a loan was taken out in my name. I would like a response in writing.",Fees & Charges,,,Fees & Charges,0.688,Fees & Charges,model,train,True,rules-v1 / tfidf-lr-v1
C0346,My card reader stopped working and I cannot approve payments. It has also been taking far too long.,Account Access,,,Account Access,0.97,Account Access,model,train,True,rules-v1 / tfidf-lr-v1
C0347,"I have been a customer for years. Your advisor gave me different answers on two separate calls. Also, the salesperson pushed me into a plan I did not need. I want this put right.",Customer Service,,,Customer Service,0.839,Customer Service,model,train,True,rules-v1 / tfidf-lr-v1
C0348,"Hello, The adviser did not explain the risks of the investment. I expect compensation.",Mis-selling,Mis-selling,"adviser, risks",Mis-selling,0.936,Mis-selling,rule,train,True,rules-v1 / tfidf-lr-v1
C0349,This is the second time I have raised this. The account maintenance fee was taken twice this month. Please sort this out.,Fees & Charges,,,Fees & Charges,0.926,Fees & Charges,model,train,True,rules-v1 / tfidf-lr-v1
C0350,"Hello, The fraud team closed my case without investigating properly. Also, my account was frozen and I cannot get in to move money. I want this put right.",Fraud & Scams,Fraud & Scams,fraud,Fraud & Scams,0.919,Fraud & Scams,rule,train,True,rules-v1 / tfidf-lr-v1
C0351,"To whom it may concern, I have been billed an annual fee I never agreed to. Please sort this out.",Fees & Charges,Fees & Charges,"fee, billed",Fees & Charges,0.984,Fees & Charges,rule,train,True,rules-v1 / tfidf-lr-v1
C0352,"The payment still has not arrived in my account. Also, why has my interest rate gone up without notice, it is costing me more every month.",Delays & Processing,,,Delays & Processing,0.713,Delays & Processing,model,train,True,rules-v1 / tfidf-lr-v1
C0353,Please look into what happened on my account. I want this put right.,Fraud & Scams,,,Fees & Charges,0.33,Needs review,human queue,train,False,rules-v1 / tfidf-lr-v1
C0354,The website will not let me register for online access. I want this put right.,Account Access,,,Account Access,0.94,Account Access,model,train,True,rules-v1 / tfidf-lr-v1
C0355,"Hello, Nobody explained the foreign transaction charges before my holiday. Also, nobody has responded to my emails despite three reminders. I expect compensation.",Fees & Charges,,,Fees & Charges,0.689,Fees & Charges,model,train,True,rules-v1 / tfidf-lr-v1
C0356,"This is the second time I have raised this. Nobody has responded to my emails despite three reminders. Also, i was hit with a penalty charge for a payment I made on time. Please escalate this.",Customer Service,Fees & Charges,"charge, penalty",Customer Service,0.737,Fees & Charges,rule,train,False,rules-v1 / tfidf-lr-v1
C0357,I feel I was treated badly because of my age.,Customer Service,Customer Service,treated badly,Customer Service,0.981,Customer Service,rule,test,True,rules-v1 / tfidf-lr-v1
C0358,I have been a customer for years. My online banking is locked and the reset link never arrives. I expect compensation.,Account Access,Account Access,"locked, reset",Account Access,0.948,Account Access,rule,train,True,rules-v1 / tfidf-lr-v1
C0359,The costs keep creeping up and my balance is lower than it should be. I would like a response in writing.,Fees & Charges,,,Fees & Charges,0.909,Fees & Charges,model,train,True,rules-v1 / tfidf-lr-v1
C0360,"This is the second time I have raised this. I was told this policy covered me but my claim was rejected. Also, the website will not let me register for online access.",Mis-selling,,,Mis-selling,0.671,Mis-selling,model,train,True,rules-v1 / tfidf-lr-v1
C0361,I am writing to complain. My card reader stopped working and I cannot approve payments. Please escalate this.,Account Access,,,Account Access,0.972,Account Access,model,train,True,rules-v1 / tfidf-lr-v1
C0362,This is the second time I have raised this. I reported the unauthorised payment but you refused to reimburse me. I expect compensation.,Fraud & Scams,Fraud & Scams,unauthorised,Fraud & Scams,0.959,Fraud & Scams,rule,test,True,rules-v1 / tfidf-lr-v1
C0363,The direct debit setup was delayed and I missed a bill because of it.,Delays & Processing,,,Delays & Processing,0.984,Delays & Processing,model,train,True,rules-v1 / tfidf-lr-v1
C0364,The webchat agent ended the conversation without solving anything. I could not log in to check either. I expect compensation.,Customer Service,,,Customer Service,0.906,Customer Service,model,train,True,rules-v1 / tfidf-lr-v1
C0365,"Frankly, My application has been stuck for weeks with no progress.",Delays & Processing,Delays & Processing,"weeks, stuck",Delays & Processing,0.975,Delays & Processing,rule,train,True,rules-v1 / tfidf-lr-v1
C0366,"I have been a customer for years. The direct debit setup was delayed and I missed a bill because of it. Also, two factor codes are not being sent to my phone.",Delays & Processing,,,Delays & Processing,0.877,Delays & Processing,model,train,True,rules-v1 / tfidf-lr-v1
C0367,It has taken six weeks to process my claim and nobody has updated me. I am worried it might be fraud.,Delays & Processing,,,Delays & Processing,0.971,Delays & Processing,model,train,True,rules-v1 / tfidf-lr-v1
C0368,"Frankly, Two factor codes are not being sent to my phone. I want this put right.",Account Access,Account Access,two factor,Account Access,0.949,Account Access,rule,train,True,rules-v1 / tfidf-lr-v1
C0369,"Frankly, My online banking is locked and the reset link never arrives.",Account Access,Account Access,"locked, reset",Account Access,0.913,Account Access,rule,train,True,rules-v1 / tfidf-lr-v1
C0370,"To whom it may concern, I am unable to access my account to see my balance. I also spent ages on hold when I called about it.",Account Access,Customer Service,on hold,Account Access,0.917,Customer Service,rule,train,False,rules-v1 / tfidf-lr-v1
C0371,The salesperson pushed me into a plan I did not need.,Mis-selling,,,Mis-selling,0.96,Mis-selling,model,train,True,rules-v1 / tfidf-lr-v1
C0372,"Frankly, I was charged a monthly fee that nobody told me about.",Fees & Charges,Fees & Charges,"fee, charged",Fees & Charges,0.987,Fees & Charges,rule,train,True,rules-v1 / tfidf-lr-v1
C0373,"Frankly, I was hit with a penalty charge for a payment I made on time. Also, nobody checked whether I could afford the credit agreement. I want this put right.",Fees & Charges,Fees & Charges,"charge, penalty",Fees & Charges,0.797,Fees & Charges,rule,train,True,rules-v1 / tfidf-lr-v1
C0374,I asked for a callback and it never happened. It has also been taking far too long.,Customer Service,,,Customer Service,0.916,Customer Service,model,train,True,rules-v1 / tfidf-lr-v1
C0375,This has caused me a lot of stress and I want answers.,Delays & Processing,,,Delays & Processing,0.301,Needs review,human queue,train,False,rules-v1 / tfidf-lr-v1
C0376,"To whom it may concern, A late payment fee appeared and I want it refunded. Also, i sent the form twice and it seems to have been lost in the system.",Fees & Charges,,,Fees & Charges,0.741,Fees & Charges,model,train,True,rules-v1 / tfidf-lr-v1
C0377,"I was tricked into moving savings to a safe account that was not safe. Also, the adviser did not explin the risks of the investment. Please sort this out.",Fraud & Scams,Mis-selling,"adviser, risks",Fraud & Scams,0.877,Mis-selling,rule,train,False,rules-v1 / tfidf-lr-v1
C0378,I was advised to take out cover that duplicates what I already had. There was also a fee involved.,Mis-selling,,,Mis-selling,0.943,Mis-selling,model,train,True,rules-v1 / tfidf-lr-v1
C0379,"Frankly, I was told this policy covered me but my claim was rejected. There was also a fee involved. Please escalate this.",Mis-selling,,,Mis-selling,0.947,Mis-selling,model,test,True,rules-v1 / tfidf-lr-v1
C0380,"You took an overdraft fee even though I was within my limit. Also, my online banking is locked and the reset link never arrives.",Fees & Charges,Account Access,"locked, reset",Fees & Charges,0.693,Account Access,rule,train,False,rules-v1 / tfidf-lr-v1
C0381,Nothing has been done and I am losing patience. I expect compensation.,Account Access,,,Account Access,0.406,Needs review,human queue,train,False,rules-v1 / tfidf-lr-v1
C0382,"Frankly, The pssword reset keeps failing and I am locked out.",Account Access,Account Access,"locked, reset",Account Access,0.941,Account Access,rule,train,True,rules-v1 / tfidf-lr-v1
C0383,"To whom it may concern, I was charged a monthly fee that nobody told me about. Also, the staff member was rude and dismissive when I called. I expect compensation.",Fees & Charges,,,Fees & Charges,0.831,Fees & Charges,model,train,True,rules-v1 / tfidf-lr-v1
C0384,"I am writing to complain. My application has been stuck for weeks with no progress. Also, a late payment fee appeared and I want it refunded.",Delays & Processing,,,Delays & Processing,0.774,Delays & Processing,model,train,True,rules-v1 / tfidf-lr-v1
C0385,"Frankly, I feel I was treated badly because of my age. I expect compensation.",Customer Service,Customer Service,treated badly,Customer Service,0.942,Customer Service,rule,train,True,rules-v1 / tfidf-lr-v1
C0386,I think I was the victim of a scam and sent money to a fraudster. Please escalate this.,Fraud & Scams,Fraud & Scams,"scam, fraudster",Fraud & Scams,0.97,Fraud & Scams,rule,train,True,rules-v1 / tfidf-lr-v1
C0387,"Hello, I was misled about what the insurance actually included. I would like a response in writing.",Mis-selling,Mis-selling,"misled, insurance",Mis-selling,0.977,Mis-selling,rule,train,True,rules-v1 / tfidf-lr-v1
C0388,I am writing to complain. The payment still has not arrived in my account. I could not log in to check either. Please escalate this.,Delays & Processing,,,Delays & Processing,0.977,Delays & Processing,model,test,True,rules-v1 / tfidf-lr-v1
C0389,This is the second time I have raised this. Your advisor gave me different answers on two separate calls. Please escalate this.,Customer Service,,,Customer Service,0.975,Customer Service,model,test,True,rules-v1 / tfidf-lr-v1
C0390,I am writing to complain. The staff member was rude and dismissive when I called. I could not log in to check either. Please sort this out.,Customer Service,,,Customer Service,0.956,Customer Service,model,train,True,rules-v1 / tfidf-lr-v1
C0391,I am writing to complain. I was tricked into moving savings to a safe account that was not safe. This is not acceptable.,Fraud & Scams,,,Fraud & Scams,0.94,Fraud & Scams,model,train,True,rules-v1 / tfidf-lr-v1
C0392,Please look into what happened on my account.,Account Access,,,Account Access,0.3,Needs review,human queue,train,False,rules-v1 / tfidf-lr-v1
C0393,My card reader stopped working and I cannot approve payments. I also spent ages on hold when I called about it.,Account Access,Customer Service,on hold,Account Access,0.967,Customer Service,rule,test,False,rules-v1 / tfidf-lr-v1
C0394,I have been a customer for years. You took an overdraft fee even though I was within my limit. I do not think it was explained properly when I bought it. Please sort this out.,Fees & Charges,,,Fees & Charges,0.948,Fees & Charges,model,train,True,rules-v1 / tfidf-lr-v1
C0395,"Why has my interest rate gone up without notice, it is costing me more every month. Also, the complaints handler was unhelpful and talked over me. I want this put right.",Fees & Charges,,,Fees & Charges,0.596,Needs review,human queue,train,False,rules-v1 / tfidf-lr-v1
C0396,"A late payment fee appeared and I want it refunded. Also, i asked for a callback and it never happened.",Fees & Charges,,,Fees & Charges,0.881,Fees & Charges,model,train,True,rules-v1 / tfidf-lr-v1
C0397,I have been a customer for years. The complaints handler was unhelpful and talked over me. I expect compensation.,Customer Service,,,Customer Service,0.937,Customer Service,model,train,True,rules-v1 / tfidf-lr-v1
C0398,This is the second time I have raised this. The webchat agent ended the conversation without solving anything. I would like a response in writing.,Customer Service,,,Customer Service,0.931,Customer Service,model,train,True,rules-v1 / tfidf-lr-v1
C0399,"Frankly, The staff member was rude and dismissive when I called. Also, the salesperson pushed me into a plan I did not need. I would like a response in writing.",Customer Service,Customer Service,"rude, staff",Customer Service,0.777,Customer Service,rule,train,True,rules-v1 / tfidf-lr-v1
C0400,"Frankly, I was advised to take out cover that duplicates what I already had.",Mis-selling,,,Mis-selling,0.951,Mis-selling,model,train,True,rules-v1 / tfidf-lr-v1
C0401,This is the second time I have raised this. Your advisor gave me different answers on two separate calls.,Customer Service,,,Customer Service,0.98,Customer Service,model,test,True,rules-v1 / tfidf-lr-v1
C0402,"Frankly, My card was cloned and used abroad. I want this put right.",Fraud & Scams,Fraud & Scams,cloned,Fraud & Scams,0.971,Fraud & Scams,rule,train,True,rules-v1 / tfidf-lr-v1
C0403,This is the second time I have raised this. The branch manager would not listen to my concerns. It has also been taking far too long. Please sort this out.,Customer Service,,,Customer Service,0.972,Customer Service,model,train,True,rules-v1 / tfidf-lr-v1
C0404,"Frankly, The direct debit setup was delayed and I missed a bill because of it. Please escalate this.",Delays & Processing,,,Delays & Processing,0.96,Delays & Processing,model,train,True,rules-v1 / tfidf-lr-v1
C0405,My card reader stopped working and I cannot approve payments.,Account Access,,,Account Access,0.989,Account Access,model,train,True,rules-v1 / tfidf-lr-v1
C0406,"This is the second time I have raised this. The fraud team closed my case without investigating properly. Also, the direct debit setup was delayed and I missed a bill because of it.",Fraud & Scams,,,Fraud & Scams,0.804,Fraud & Scams,model,train,True,rules-v1 / tfidf-lr-v1
C0407,"To whom it may concern, The adviser did not explain the risks of the investment. There was also a fee involved.",Mis-selling,Mis-selling,"adviser, risks",Mis-selling,0.929,Mis-selling,rule,train,True,rules-v1 / tfidf-lr-v1
C0408,I have been a customer for years. The direct debit setup was delayed and I missed a bill because of it. I do not think it was explained properly when I bought it. This is not acceptable.,Delays & Processing,,,Delays & Processing,0.93,Delays & Processing,model,train,True,rules-v1 / tfidf-lr-v1
C0409,My identity was stolen and a loan was taken out in my name. I could not log in to check either. I expect compensation.,Fraud & Scams,,,Fraud & Scams,0.93,Fraud & Scams,model,train,True,rules-v1 / tfidf-lr-v1
C0410,This is the second time I have raised this. The brochure said guaranteed returns and my money has lost value.,Mis-selling,,,Mis-selling,0.945,Mis-selling,model,train,True,rules-v1 / tfidf-lr-v1
C0411,"To whom it may concern, The payment still has not arrived in my account. Please escalate this.",Delays & Processing,,,Delays & Processing,0.923,Delays & Processing,model,test,True,rules-v1 / tfidf-lr-v1
C0412,"To whom it may concern, The salesperson pushed me into a plan I did not need. This is not acceptable.",Mis-selling,,,Mis-selling,0.965,Mis-selling,model,train,True,rules-v1 / tfidf-lr-v1
C0413,"Frankly, There are transactions on my card I do not recognise. I want this put right.",Fraud & Scams,,,Fraud & Scams,0.966,Fraud & Scams,model,train,True,rules-v1 / tfidf-lr-v1
C0414,The complaints handler was unhelpful and talked over me. Please escalate this.,Customer Service,,,Customer Service,0.958,Customer Service,model,train,True,rules-v1 / tfidf-lr-v1
C0415,"I have been a customer for years. I sent the form twice and it seems to have been lost in the system. Also, i was told this policy covered me but my claim was rejected. Please escalate this.",Delays & Processing,,,Delays & Processing,0.77,Delays & Processing,model,train,True,rules-v1 / tfidf-lr-v1
C0416,I have been a customer for years. I was passed between four departments and no one took ownership. This is not acceptable.,Customer Service,,,Customer Service,0.956,Customer Service,model,train,True,rules-v1 / tfidf-lr-v1
C0417,"Frankly, You took an overdraft fee even though I was within my limit. Also, my application has been stuck for weeks with no progress. I expect compensation.",Fees & Charges,,,Fees & Charges,0.764,Fees & Charges,model,train,True,rules-v1 / tfidf-lr-v1
C0418,"To whom it may concern, I keep getting an error message when I sign in. Also, i have been billed an annual fee I never agreed to. I expect compensation.",Account Access,,,Account Access,0.896,Account Access,model,train,True,rules-v1 / tfidf-lr-v1
C0419,I am writing to complain. I keep getting an error message when I sign in. Please escalate this.,Account Access,Account Access,sign in,Account Access,0.946,Account Access,rule,test,True,rules-v1 / tfidf-lr-v1
C0420,I have been a customer for years. I feel I was treated badly because of my age. I would like a response in writing.,Customer Service,Customer Service,treated badly,Customer Service,0.943,Customer Service,rule,test,True,rules-v1 / tfidf-lr-v1
C0421,"Nobody explained the foreign transaction charges before my holiday. Also, my card was cloned and used abroad. Please escalate this.",Fees & Charges,Fraud & Scams,cloned,Fees & Charges,0.639,Fraud & Scams,rule,train,False,rules-v1 / tfidf-lr-v1
C0422,Nobody has responded to my emails despite three reminders.,Customer Service,,,Customer Service,0.987,Customer Service,model,train,True,rules-v1 / tfidf-lr-v1
C0423,The closure of my old account has dragged on for months. I want this put right.,Delays & Processing,,,Delays & Processing,0.922,Delays & Processing,model,train,True,rules-v1 / tfidf-lr-v1
C0424,"Hello, A fake text message led me to a website and my money disappeared.",Fraud & Scams,,,Fraud & Scams,0.893,Fraud & Scams,model,train,True,rules-v1 / tfidf-lr-v1
C0425,"Hello, I was tricked into moving savings to a safe account that was not safe. I also spent ages on hold when I called about it. This is not acceptable.",Fraud & Scams,,,Fraud & Scams,0.888,Fraud & Scams,model,test,True,rules-v1 / tfidf-lr-v1
C0426,"Two factor codes are not being sent to my phone. Also, i reported the unauthorised payment but you refused to reimburse me. Please sort this out.",Account Access,,,Account Access,0.733,Account Access,model,train,True,rules-v1 / tfidf-lr-v1
C0427,"Frankly, The paperwork was submitted a month ago and I am still waiting. I want this put right.",Delays & Processing,,,Delays & Processing,0.906,Delays & Processing,model,train,True,rules-v1 / tfidf-lr-v1
C0428,The brochure said guaranteed returns and my money has lost value. I would like a response in writing.,Mis-selling,,,Mis-selling,0.984,Mis-selling,model,train,True,rules-v1 / tfidf-lr-v1
C0429,"I am writing to complain. I keep getting an error message when I sign in. Also, i have been billed an annual fee I never agreed to. I want this put right.",Account Access,,,Account Access,0.854,Account Access,model,train,True,rules-v1 / tfidf-lr-v1
C0430,This is the second time I have raised this. The terms were very different from what I was promised at the time of sale. I want this put right.,Mis-selling,,,Mis-selling,0.937,Mis-selling,model,train,True,rules-v1 / tfidf-lr-v1
C0431,"Frankly, I sent the form twice and it seems to have been lost in the system. Please escalate this.",Delays & Processing,,,Delays & Processing,0.97,Delays & Processing,model,train,True,rules-v1 / tfidf-lr-v1
C0432,"Hello, I have been billed an annual fee I never agreed to. I expect compensation.",Fees & Charges,Fees & Charges,"fee, billed",Fees & Charges,0.95,Fees & Charges,rule,train,True,rules-v1 / tfidf-lr-v1
C0433,I have been a customer for years. I was advised to take out cover that duplicates what I already had. I could not log in to check either.,Mis-selling,Account Access,log in,Mis-selling,0.886,Account Access,rule,train,False,rules-v1 / tfidf-lr-v1
C0434,"To whom it may concern, My transfer has been pending for over a week. I could not log in to check either.",Delays & Processing,,,Delays & Processing,0.967,Delays & Processing,model,test,True,rules-v1 / tfidf-lr-v1
C0435,"I have been a customer for years. A person pretending to be from your bank phoned me and I gave them details. Also, i was told this policy covered me but my claim was rejected. I would like a response in writing.",Fraud & Scams,,,Mis-selling,0.662,Mis-selling,model,test,False,rules-v1 / tfidf-lr-v1
C0436,"To whom it may concern, It has taken six weeks to process my claim and nobody has updated me. I want this put right.",Delays & Processing,,,Delays & Processing,0.952,Delays & Processing,model,train,True,rules-v1 / tfidf-lr-v1
C0437,I have been a customer for years. I was told this policy covered me but my claim was rejected. This is not acceptable.,Mis-selling,,,Mis-selling,0.945,Mis-selling,model,test,True,rules-v1 / tfidf-lr-v1
C0438,"Hello, The brochure said guaranteed returns and my money has lost value. There was also a fee involved.",Mis-selling,,,Mis-selling,0.963,Mis-selling,model,train,True,rules-v1 / tfidf-lr-v1
C0439,I have had enough of the way this has gone.,Delays & Processing,,,Fees & Charges,0.379,Needs review,human queue,train,False,rules-v1 / tfidf-lr-v1
C0440,"The payment still has not arrived in my account. Also, i was sold a product that was not suitable for my circumstances. I want this put right.",Delays & Processing,Mis-selling,"sold, not suitable",Delays & Processing,0.673,Mis-selling,rule,train,False,rules-v1 / tfidf-lr-v1
C0441,This is the second time I have raised this. Two factor codes are not being sent to my phone. I do not think it was explained properly when I bought it.,Account Access,Account Access,two factor,Account Access,0.874,Account Access,rule,train,True,rules-v1 / tfidf-lr-v1
C0442,"To whom it may concern, I was told this policy covered me but my claim was rejected. Also, my account was frozen and I cannot get in to move money.",Mis-selling,,,Mis-selling,0.884,Mis-selling,model,train,True,rules-v1 / tfidf-lr-v1
C0443,There is an unexpected charge on my statement of £60. I do not think it was explained properly when I bought it.,Fees & Charges,Fees & Charges,"charge, statement",Fees & Charges,0.95,Fees & Charges,rule,test,True,rules-v1 / tfidf-lr-v1
C0444,Someone has made payments from my account that I did not authorise. I would like a response in writing.,Fraud & Scams,Fraud & Scams,did not authorise,Fraud & Scams,0.897,Fraud & Scams,rule,train,True,rules-v1 / tfidf-lr-v1
C0445,The paperwork was submitted a month ago and I am still waiting. I want this put right.,Delays & Processing,,,Delays & Processing,0.916,Delays & Processing,model,train,True,rules-v1 / tfidf-lr-v1
C0446,I asked for a callback and it never happened.,Customer Service,,,Customer Service,0.968,Customer Service,model,test,True,rules-v1 / tfidf-lr-v1
C0447,This is the second time I have raised this. I sent the form twice and it seems to have been lost in the system. I am worried it might be fraud. I would like a response in writing.,Delays & Processing,Fraud & Scams,fraud,Delays & Processing,0.908,Fraud & Scams,rule,train,False,rules-v1 / tfidf-lr-v1
C0448,"Hello, My mortgage switch is taking far longer than you said it would.",Delays & Processing,,,Delays & Processing,0.946,Delays & Processing,model,train,True,rules-v1 / tfidf-lr-v1
C0449,My transfer has been pending for over a week.,Delays & Processing,,,Delays & Processing,0.983,Delays & Processing,model,train,True,rules-v1 / tfidf-lr-v1
C0450,"I have been a customer for years. Your advisor gave me different answers on two separate calls. Also, why has my interest rate gone up without notice, it is costing me more every month. Please escalate this.",Customer Service,,,Customer Service,0.851,Customer Service,model,train,True,rules-v1 / tfidf-lr-v1
C0451,"This is the second time I have raised this. The complaints handler was unhelpful and talked over me. Also, my transfer has been pending for over a week. I expect compensation.",Customer Service,,,Customer Service,0.824,Customer Service,model,train,True,rules-v1 / tfidf-lr-v1
C0452,I was charged a monthly fee that nobody told me about. I am worried it might be fraud.,Fees & Charges,,,Fees & Charges,0.973,Fees & Charges,model,train,True,rules-v1 / tfidf-lr-v1
C0453,"To whom it may concern, I feel I was treated badly because of my age. Please escalate this.",Customer Service,Customer Service,treated badly,Customer Service,0.976,Customer Service,rule,train,True,rules-v1 / tfidf-lr-v1
C0454,Two factor codes are not being sent to my phone. It has also been taking far too long.,Account Access,Account Access,two factor,Account Access,0.942,Account Access,rule,train,True,rules-v1 / tfidf-lr-v1
C0455,A fake text message led me to a website and my money disappeared. This is not acceptable.,Fraud & Scams,,,Fraud & Scams,0.895,Fraud & Scams,model,train,True,rules-v1 / tfidf-lr-v1
C0456,"Frankly, A late payment fee appeared and I want it refunded. Please sort this out.",Fees & Charges,,,Fees & Charges,0.977,Fees & Charges,model,train,True,rules-v1 / tfidf-lr-v1
C0457,"To whom it may concern, I keep getting an error message when I sign in. I expect compensation.",Account Access,Account Access,sign in,Account Access,0.985,Account Access,rule,train,True,rules-v1 / tfidf-lr-v1
C0458,I have been a customer for years. The salesperson pushed me into a plan I did not need. I am worried it might be fraud. Please escalate this.,Mis-selling,,,Mis-selling,0.875,Mis-selling,model,train,True,rules-v1 / tfidf-lr-v1
C0459,I have been a customer for years. A person pretending to be from your bank phoned me and I gave them details. Please escalate this.,Fraud & Scams,,,Fraud & Scams,0.915,Fraud & Scams,model,train,True,rules-v1 / tfidf-lr-v1
C0460,"I am writing to complain. I was charged a monthly fee that nobody told me about. Also, the salesperson pushed me into a plan I did not need. Please sort this out.",Fees & Charges,Fees & Charges,"fee, charged",Fees & Charges,0.658,Fees & Charges,rule,train,True,rules-v1 / tfidf-lr-v1
C0461,I am writing to complain. I was tricked into moving savings to a safe account that was not safe.,Fraud & Scams,,,Fraud & Scams,0.943,Fraud & Scams,model,train,True,rules-v1 / tfidf-lr-v1
C0462,"I am writing to complain. I cannot log in to the mobile app since the update. Also, why has my interest rate gone up without notice, it is costing me more every month.",Account Access,Account Access,"log in, app",Account Access,0.79,Account Access,rule,train,True,rules-v1 / tfidf-lr-v1
C0463,"Frankly, Nobody has responded to my emails despite three remindrs. I expect compensation.",Customer Service,,,Customer Service,0.923,Customer Service,model,train,True,rules-v1 / tfidf-lr-v1
C0464,"Frankly, A fake text message led me to a website and my money disappeared. Also, why has my interest rate gone up without notice, it is costing me more every month. I want this put right.",Fraud & Scams,,,Fraud & Scams,0.805,Fraud & Scams,model,train,True,rules-v1 / tfidf-lr-v1
C0465,Nothing has been done and I am losing patience. Please sort this out.,Customer Service,,,Mis-selling,0.415,Needs review,human queue,train,False,rules-v1 / tfidf-lr-v1
C0466,"To whom it may concern, I was misled about what the insurance actually included. Also, your advisor gave me different answers on two separate calls. I expect compensation.",Mis-selling,Mis-selling,"misled, insurance",Customer Service,0.598,Mis-selling,rule,test,True,rules-v1 / tfidf-lr-v1
C0467,I sent the form twice and it seems to have been lost in the system.,Delays & Processing,,,Delays & Processing,0.987,Delays & Processing,model,train,True,rules-v1 / tfidf-lr-v1
C0468,I am writing to complain. There is an unexpected charge on my statement of £60. I also spent ages on hold when I called about it. Please sort this out.,Fees & Charges,,,Fees & Charges,0.886,Fees & Charges,model,train,True,rules-v1 / tfidf-lr-v1
C0469,The account maintenance fee was taken twice this month. I would like a response in writing.,Fees & Charges,,,Fees & Charges,0.905,Fees & Charges,model,train,True,rules-v1 / tfidf-lr-v1
C0470,"To whom it may concern, The website will not let me register for online access. Also, nobody explained the foreign transaction charges before my holiday. Please sort this out.",Account Access,,,Account Access,0.67,Account Access,model,train,True,rules-v1 / tfidf-lr-v1
C0471,"To whom i may concern, Your advisor gave me different answers on two separate calls. I want this put right.",Customer Service,,,Customer Service,0.956,Customer Service,model,train,True,rules-v1 / tfidf-lr-v1
C0472,The payment still has not arrived in my account.,Delays & Processing,,,Delays & Processing,0.992,Delays & Processing,model,train,True,rules-v1 / tfidf-lr-v1
C0473,"I have been a customer for years. Two factor codes are not being sent to my phone. Also, a person pretending to be from your bank phoned me and I gave them details.",Account Access,Account Access,two factor,Account Access,0.791,Account Access,rule,train,True,rules-v1 / tfidf-lr-v1
C0474,"I think I was the victim of a scam and sent money to a fraudster. Also, nobody explained the foreign transaction charges before my holiday.",Fraud & Scams,Fraud & Scams,"scam, fraudster",Fraud & Scams,0.5,Fraud & Scams,rule,train,True,rules-v1 / tfidf-lr-v1
C0475,"To whom it may concern, The website will not let me register for online access. Please escalate this.",Account Access,,,Account Access,0.975,Account Access,model,train,True,rules-v1 / tfidf-lr-v1
C0476,My card wa cloned and used abroad. Please sort this out.,Fraud & Scams,Fraud & Scams,cloned,Fraud & Scams,0.971,Fraud & Scams,rule,train,True,rules-v1 / tfidf-lr-v1
C0477,"To whom it may concern, My card was cloned and used abroad. Also, the payment still has not arrived in my account. Please sort this out.",Fraud & Scams,,,Fraud & Scams,0.847,Fraud & Scams,model,train,True,rules-v1 / tfidf-lr-v1
C0478,I think I was the victim of a scam and sent money to a fraudster. This is not acceptable.,Fraud & Scams,Fraud & Scams,"scam, fraudster",Fraud & Scams,0.974,Fraud & Scams,rule,train,True,rules-v1 / tfidf-lr-v1
C0479,"To whom it may concern, The salesperson pushed me into a plan I did not need. Please sort this out.",Mis-selling,,,Mis-selling,0.923,Mis-selling,model,train,True,rules-v1 / tfidf-lr-v1
C0480,This is the second time I have raised this. I was hit with a penalty charge for a payment I made on time.,Fees & Charges,Fees & Charges,"charge, penalty",Fees & Charges,0.942,Fees & Charges,rule,train,True,rules-v1 / tfidf-lr-v1
C0481,"To whom it may concern, The app crashes every time I try to open my statements. I also spent ages on hold when I called about it. I would like a response in writing.",Account Access,,,Account Access,0.911,Account Access,model,train,True,rules-v1 / tfidf-lr-v1
C0482,The paperwork was submitted a month ago and I am still waiting. There was also a fee involved. Please escalate this.,Delays & Processing,,,Delays & Processing,0.888,Delays & Processing,model,train,True,rules-v1 / tfidf-lr-v1
C0483,I am very unhappy with how this has been handled. This is not acceptable.,Delays & Processing,,,Delays & Processing,0.784,Delays & Processing,model,train,True,rules-v1 / tfidf-lr-v1
C0484,"To whom it may concern, I am unable to access my account to see my balance. I want this put right.",Account Access,,,Account Access,0.939,Account Access,model,train,True,rules-v1 / tfidf-lr-v1
C0485,"A late payment fee appeared and I want it refunded. Also, the adviser did not explain the risks of the investment. This is not acceptable.",Fees & Charges,Mis-selling,"adviser, risks",Fees & Charges,0.836,Mis-selling,rule,train,False,rules-v1 / tfidf-lr-v1
C0486,I am writing to complain. My card reader stopped working and I cannot approve payments.,Account Access,,,Account Access,0.974,Account Access,model,train,True,rules-v1 / tfidf-lr-v1
C0487,"My card was cloned and used abroad. Also, a late payment fee appeared and I want it refunded. I want this put right.",Fraud & Scams,,,Fraud & Scams,0.651,Fraud & Scams,model,train,True,rules-v1 / tfidf-lr-v1
C0488,"To whom it may concern, The adviser did not explain the risks of the investment. I expect compensation.",Mis-selling,Mis-selling,"adviser, risks",Mis-selling,0.916,Mis-selling,rule,train,True,rules-v1 / tfidf-lr-v1
C0489,"Hello, I was tricked into moving savings to a safe account that was not safe. I expect compensation.",Fraud & Scams,,,Fraud & Scams,0.955,Fraud & Scams,model,train,True,rules-v1 / tfidf-lr-v1
C0490,"Frankly, I sent the form twice and it seems to have been lost in the system. I would like a response in writing.",Delays & Processing,,,Delays & Processing,0.928,Delays & Processing,model,train,True,rules-v1 / tfidf-lr-v1
C0491,My appliction has been stuck for weeks with no progress. Please escalate this.,Delays & Processing,Delays & Processing,"weeks, stuck",Delays & Processing,0.965,Delays & Processing,rule,train,True,rules-v1 / tfidf-lr-v1
C0492,The complaints handler was unhelpful and talked over me. I do not think it was explained properly when I bought it.,Customer Service,,,Customer Service,0.888,Customer Service,model,test,True,rules-v1 / tfidf-lr-v1
C0493,I have been a customer for years. I was hit with a penalty charg for a payment I made on time. I do not think it was explained properly when I bought it. I expect compensation.,Fees & Charges,,,Fees & Charges,0.781,Fees & Charges,model,train,True,rules-v1 / tfidf-lr-v1
C0494,I was misled about what the insurance actually included. I would like a response in writing.,Mis-selling,Mis-selling,"misled, insurance",Mis-selling,0.979,Mis-selling,rule,test,True,rules-v1 / tfidf-lr-v1
C0495,I have been a customer for years. My account was frozen and I cannot get in to move money.,Account Access,,,Account Access,0.967,Account Access,model,test,True,rules-v1 / tfidf-lr-v1
C0496,Please look into what happened on my account. Please sort this out.,Fees & Charges,,,Fees & Charges,0.612,Fees & Charges,model,train,True,rules-v1 / tfidf-lr-v1
C0497,I have been a customer for years. I was misled about what the insurance actually included. I want this put right.,Mis-selling,Mis-selling,"misled, insurance",Mis-selling,0.973,Mis-selling,rule,train,True,rules-v1 / tfidf-lr-v1
C0498,"The staff member was rude and dismissive when I clled. Also, i keep getting an error message when I sign in. Please escalate this.",Customer Service,,,Customer Service,0.791,Customer Service,model,train,True,rules-v1 / tfidf-lr-v1
C0499,"Hello, I was hit with a penalty charge for a payment I made on time.",Fees & Charges,Fees & Charges,"charge, penalty",Fees & Charges,0.976,Fees & Charges,rule,train,True,rules-v1 / tfidf-lr-v1
C0500,This is the second time I have raised this. The paperwork was submitted a month ago and I am still waiting. I want this put right.,Delays & Processing,,,Delays & Processing,0.891,Delays & Processing,model,train,True,rules-v1 / tfidf-lr-v1
C0501,The direct debit setup was delayed and I missed a bill because of it. This is not acceptable.,Delays & Processing,,,Delays & Processing,0.975,Delays & Processing,model,train,True,rules-v1 / tfidf-lr-v1
C0502,I have been a customer for years. My application has been stuck for weeks with no progress. I also spent ages on hold when I called about it. Please sort this out.,Delays & Processing,,,Delays & Processing,0.92,Delays & Processing,model,train,True,rules-v1 / tfidf-lr-v1
C0503,"I have been a customer for years. My transfer has been pending for over a week. Also, a late payment fee appeared and I want it refunded.",Delays & Processing,,,Delays & Processing,0.728,Delays & Processing,model,train,True,rules-v1 / tfidf-lr-v1
C0504,I have been a customer for years. The complaints handler was unhelpful and talked over me. I do not think it was explained properly when I bought it. I would like a response in writing.,Customer Service,,,Customer Service,0.874,Customer Service,model,test,True,rules-v1 / tfidf-lr-v1
C0505,The direct debit setup was delayed and I missed a bill because of it. There was also a fee involved.,Delays & Processing,,,Delays & Processing,0.974,Delays & Processing,model,train,True,rules-v1 / tfidf-lr-v1
C0506,I was advised to take out cover that duplicates what I already had. Please sort this out.,Mis-selling,,,Mis-selling,0.946,Mis-selling,model,train,True,rules-v1 / tfidf-lr-v1
C0507,"I am writing to complain. The account maintenance fee was taken twice this month. Also, two factor codes are not being sent to my phone. I expect compensation.",Fees & Charges,,,Account Access,0.7,Account Access,model,test,False,rules-v1 / tfidf-lr-v1
C0508,I am writing to complain. The fraud team closed my case without investigating properly. This is not acceptable.,Fraud & Scams,Fraud & Scams,fraud,Fraud & Scams,0.922,Fraud & Scams,rule,train,True,rules-v1 / tfidf-lr-v1
C0509,I am extremely disappointed and want this resolved. I would like a response in writing.,Customer Service,,,Customer Service,0.291,Needs review,human queue,train,False,rules-v1 / tfidf-lr-v1
C0510,"Hello, Nobody has responded to my emails despite three reminders.",Customer Service,,,Customer Service,0.986,Customer Service,model,train,True,rules-v1 / tfidf-lr-v1
C0511,I have been a customer for years. The complaints handler was unhelpful and talked over me.,Customer Service,,,Customer Service,0.968,Customer Service,model,train,True,rules-v1 / tfidf-lr-v1
C0512,I am very unhappy with how this has been handled. Please sort this out.,Delays & Processing,,,Delays & Processing,0.453,Needs review,human queue,train,False,rules-v1 / tfidf-lr-v1
C0513,I am writing to complain. I think I was the victim of a scam and sent money to a fraudster.,Fraud & Scams,Fraud & Scams,"scam, fraudster",Fraud & Scams,0.96,Fraud & Scams,rule,train,True,rules-v1 / tfidf-lr-v1
C0514,This is the second time I have raised this. I was tricked into moving savings to a safe account that was not safe. I want this put right.,Fraud & Scams,,,Fraud & Scams,0.972,Fraud & Scams,model,train,True,rules-v1 / tfidf-lr-v1
C0515,I am writing to complain. The app crashes every time I try to open my statements. I would like a response in writing.,Account Access,Account Access,"app, crashes",Account Access,0.941,Account Access,rule,test,True,rules-v1 / tfidf-lr-v1
C0516,"To whom it may concern, Nobody explained the foreign transaction charges before my hliday.",Fees & Charges,,,Fees & Charges,0.972,Fees & Charges,model,train,True,rules-v1 / tfidf-lr-v1
C0517,"Hello, I think I was the victim of a scam and sent money to a fraudster. I also spent ages on hold when I called about it.",Fraud & Scams,Fraud & Scams,"scam, fraudster",Fraud & Scams,0.93,Fraud & Scams,rule,test,True,rules-v1 / tfidf-lr-v1
C0518,I have been billed an annual fee I never agreed to. I also spent ages on hold when I called about it. Please escalate this.,Fees & Charges,,,Fees & Charges,0.921,Fees & Charges,model,train,True,rules-v1 / tfidf-lr-v1
C0519,Please look into what hapened on my account.,Delays & Processing,,,Delays & Processing,0.755,Delays & Processing,model,train,True,rules-v1 / tfidf-lr-v1
C0520,The fraud team closed my case without investigating properly. Please escalate this.,Fraud & Scams,Fraud & Scams,fraud,Fraud & Scams,0.943,Fraud & Scams,rule,train,True,rules-v1 / tfidf-lr-v1
C0521,I have been billed an annual fee I never agreed to. It has also been taking far too long. I expect compensation.,Fees & Charges,Fees & Charges,"fee, billed",Fees & Charges,0.935,Fees & Charges,rule,train,True,rules-v1 / tfidf-lr-v1
C0522,I have been a customer for years. I reported the unauthorised payment but you refused to reimburse me. I want this ut right.,Fraud & Scams,Fraud & Scams,unauthorised,Fraud & Scams,0.957,Fraud & Scams,rule,train,True,rules-v1 / tfidf-lr-v1
C0523,I am writing to complain. I spent an hour on hold and then the call was cut off. Please escalate this.,Customer Service,Customer Service,on hold,Customer Service,0.974,Customer Service,rule,train,True,rules-v1 / tfidf-lr-v1
C0524,A late payment fee appeared and I want it refunded. I would like a response in writing.,Fees & Charges,,,Fees & Charges,0.958,Fees & Charges,model,train,True,rules-v1 / tfidf-lr-v1
C0525,"Hello, I was sold a product that was not suitable for my circumstances. I want this put right.",Mis-selling,Mis-selling,"sold, not suitable",Mis-selling,0.946,Mis-selling,rule,test,True,rules-v1 / tfidf-lr-v1
C0526,The payment still has not arrived in my account. This is not acceptable.,Delays & Processing,,,Delays & Processing,0.978,Delays & Processing,model,train,True,rules-v1 / tfidf-lr-v1
C0527,The payment still has not arrived in my account. This is not acceptable.,Delays & Processing,,,Delays & Processing,0.978,Delays & Processing,model,train,True,rules-v1 / tfidf-lr-v1
C0528,I have been a customer for years. My card reader stopped working and I cannot approve payments.,Account Access,,,Account Access,0.982,Account Access,model,train,True,rules-v1 / tfidf-lr-v1
C0529,"To whom it may concern, I was sold a product that was not suitable for my circumstances. This is not acceptable.",Mis-selling,Mis-selling,"sold, not suitable",Mis-selling,0.957,Mis-selling,rule,train,True,rules-v1 / tfidf-lr-v1
C0530,"To whom it may concern, The website will not let me register for online access. I am worried it might be fraud. This is not acceptable.",Account Access,Fraud & Scams,fraud,Account Access,0.975,Fraud & Scams,rule,test,False,rules-v1 / tfidf-lr-v1
C0531,I have been a customer for years. My card reader stopped working and I cannot approve payments. It has also been taking far too long. I expect compensation.,Account Access,,,Account Access,0.969,Account Access,model,test,True,rules-v1 / tfidf-lr-v1
C0532,"Hello, I keep getting an error message when I sign in. Also, the adviser did not explain the risks of the investment. I expect compensation.",Account Access,,,Account Access,0.704,Account Access,model,test,True,rules-v1 / tfidf-lr-v1
C0533,"Frankly, A person pretending to be from your bank phoned me and I gave them details. I expect compensation.",Fraud & Scams,,,Fraud & Scams,0.957,Fraud & Scams,model,train,True,rules-v1 / tfidf-lr-v1
C0534,"Frankly, Your advisor gave me different answers on two separate calls. Please escalate this.",Customer Service,,,Customer Service,0.97,Customer Service,model,train,True,rules-v1 / tfidf-lr-v1
C0535,I was charged a monthly fee that nobody told me about. I expect compensation.,Fees & Charges,Fees & Charges,"fee, charged",Fees & Charges,0.977,Fees & Charges,rule,test,True,rules-v1 / tfidf-lr-v1
C0536,I reported the unauthorised payment but you refused to reimburse me. I want this put right.,Fraud & Scams,Fraud & Scams,unauthorised,Fraud & Scams,0.98,Fraud & Scams,rule,test,True,rules-v1 / tfidf-lr-v1
C0537,This is the second time I have raised this. My identity was stolen and a loan was taken out in my name. This is not acceptable.,Fraud & Scams,,,Fraud & Scams,0.965,Fraud & Scams,model,test,True,rules-v1 / tfidf-lr-v1
C0538,I am writing to complain. The complaints handler was unhelpful and talked over me. Please sort this out.,Customer Service,,,Customer Service,0.962,Customer Service,model,test,True,rules-v1 / tfidf-lr-v1
C0539,"Frankly, A person pretending to be from your bank phoned me and I gave them details. I could not log in to check either. I want this put right.",Fraud & Scams,Account Access,log in,Fraud & Scams,0.956,Account Access,rule,test,False,rules-v1 / tfidf-lr-v1
C0540,I have been a customer for years. Nobody has responded to my emails despite three reminders.,Customer Service,,,Customer Service,0.985,Customer Service,model,train,True,rules-v1 / tfidf-lr-v1
C0541,"I am unable to access my account to see my balance. Also, the staff member was rude and dismissive when I called. I want this put right.",Account Access,Customer Service,"rude, staff",Account Access,0.458,Customer Service,rule,train,False,rules-v1 / tfidf-lr-v1
C0542,I have been billed an annual fee I never agreed to. Please escalate this.,Fees & Charges,Fees & Charges,"fee, billed",Fees & Charges,0.984,Fees & Charges,rule,test,True,rules-v1 / tfidf-lr-v1
C0543,"A late payment fee appeared and I want it refunded. Also, the branch manager would not listen to my concerns. Please sort this out.",Fees & Charges,,,Fees & Charges,0.717,Fees & Charges,model,train,True,rules-v1 / tfidf-lr-v1
C0544,"I am writing to complain. There is an unexpected charge on my statement of £25. Also, the app crashes every time I try to open my statements. Please sort this out.",Fees & Charges,,,Fees & Charges,0.751,Fees & Charges,model,train,True,rules-v1 / tfidf-lr-v1
C0545,"Hello, The fraud team closed my case without investigating properly. I want this put right.",Fraud & Scams,Fraud & Scams,fraud,Fraud & Scams,0.944,Fraud & Scams,rule,train,True,rules-v1 / tfidf-lr-v1
C0546,"Hello, The closure of my old account has dragged on for months. I do not think it was explained properly when I bought it.",Delays & Processing,,,Delays & Processing,0.868,Delays & Processing,model,train,True,rules-v1 / tfidf-lr-v1
C0547,I have been a customer for years. I think I was the victim of a scam and sent money to a fraudster. I expect compensation.,Fraud & Scams,Fraud & Scams,"scam, fraudster",Fraud & Scams,0.957,Fraud & Scams,rule,train,True,rules-v1 / tfidf-lr-v1
C0548,"To whom it may concern, I think I was the victim of a scam and sent money to a fraudster.",Fraud & Scams,Fraud & Scams,"scam, fraudster",Fraud & Scams,0.979,Fraud & Scams,rule,train,True,rules-v1 / tfidf-lr-v1
C0549,I was misled about what the insurance actually included. Please sort this out.,Mis-selling,Mis-selling,"misled, insurance",Mis-selling,0.966,Mis-selling,rule,train,True,rules-v1 / tfidf-lr-v1
C0550,"To whom it may concern, I sent the form twice and it seems to have been lost in the system. There was also a fee involved. Please sort this out.",Delays & Processing,,,Delays & Processing,0.931,Delays & Processing,model,train,True,rules-v1 / tfidf-lr-v1
C0551,This is the second time I have raised this. My identity was stolen and a loan was taken out in my name. Please escalate this.,Fraud & Scams,,,Fraud & Scams,0.955,Fraud & Scams,model,train,True,rules-v1 / tfidf-lr-v1
C0552,"Hello, Why has my interest rate gone up without notice, it is costing me more every month. I do not think it was explained properly when I bought it. This is not acceptable.",Fees & Charges,,,Fees & Charges,0.873,Fees & Charges,model,train,True,rules-v1 / tfidf-lr-v1
C0553,I am writing to complain. Nobody checked whether I could afford the credit agreement. There was also a fee involved.,Mis-selling,,,Mis-selling,0.936,Mis-selling,model,test,True,rules-v1 / tfidf-lr-v1
C0554,"Frankly, My application has been stuck for weeks with no progress. Please sort this out.",Delays & Processing,Delays & Processing,"weeks, stuck",Delays & Processing,0.971,Delays & Processing,rule,train,True,rules-v1 / tfidf-lr-v1
C0555,"Frankly, The webchat agent ended the conversation without solving anything. I would like a response in writing.",Customer Service,,,Customer Service,0.906,Customer Service,model,train,True,rules-v1 / tfidf-lr-v1
C0556,"Frankly, Nobody checked whether I could afford the credit agreement. Also, i spent an hour on hold and then the call was cut off.",Mis-selling,Customer Service,on hold,Mis-selling,0.832,Customer Service,rule,train,False,rules-v1 / tfidf-lr-v1
C0557,Nothing has been done and I am losing patience. I would like a response in writing.,Mis-selling,,,Mis-selling,0.676,Mis-selling,model,train,True,rules-v1 / tfidf-lr-v1
C0558,"Hello, The terms were very different from what I was promised at the time of sale. I could not log in to check either.",Mis-selling,Account Access,log in,Mis-selling,0.957,Account Access,rule,test,False,rules-v1 / tfidf-lr-v1
C0559,This is the second time I have raised this. I was passed between four departments and no one took ownership. Please escalate this.,Customer Service,,,Customer Service,0.971,Customer Service,model,train,True,rules-v1 / tfidf-lr-v1
C0560,The adviser did not explain the risks of the investment.,Mis-selling,Mis-selling,"adviser, risks",Mis-selling,0.97,Mis-selling,rule,train,True,rules-v1 / tfidf-lr-v1
C0561,This is the second time I have raised this. I reported the unauthorised payment but you refused to reimburse me. I expect compensation.,Fraud & Scams,Fraud & Scams,unauthorised,Fraud & Scams,0.959,Fraud & Scams,rule,train,True,rules-v1 / tfidf-lr-v1
C0562,I am writing to complain. I asked for a callback and it never happened. I expect compensation.,Customer Service,,,Customer Service,0.933,Customer Service,model,train,True,rules-v1 / tfidf-lr-v1
C0563,"The branch manager would not listen to my concerns. Also, i sent the form twice and it seems to have been lost in the system. I would like a response in writing.",Customer Service,,,Customer Service,0.788,Customer Service,model,train,True,rules-v1 / tfidf-lr-v1
C0564,"To whom it may concern, My account was frozen and I cannot get in to move money. This is not acceptable.",Account Access,,,Account Access,0.903,Account Access,model,train,True,rules-v1 / tfidf-lr-v1
C0565,I asked for a callback and it never happened. I am worried it might be fraud. I expect compensation.,Customer Service,,,Customer Service,0.86,Customer Service,model,train,True,rules-v1 / tfidf-lr-v1
C0566,"To whom it my concern, The paperwork was submitted a month ago and I am still waiting. I am worried it might be fraud. I want this put right.",Delays & Processing,,,Delays & Processing,0.83,Delays & Processing,model,train,True,rules-v1 / tfidf-lr-v1
C0567,"Hello, Your advisor gave me different answers on two separate calls. Als, the paperwork was submitted a month ago and I am still waiting. Please escalate this.",Customer Service,,,Customer Service,0.862,Customer Service,model,train,True,rules-v1 / tfidf-lr-v1
C0568,"I sent the form twice and it seems to have been lost in the system. Also, i am unable to access my account to see my balance. This is not acceptable.",Delays & Processing,,,Delays & Processing,0.839,Delays & Processing,model,train,True,rules-v1 / tfidf-lr-v1
C0569,I am writing to complain. The staff member was rude and dismissive when I called. This is not acceptable.,Customer Service,Customer Service,"rude, staff",Customer Service,0.96,Customer Service,rule,train,True,rules-v1 / tfidf-lr-v1
C0570,I am very unhappy with how this has been handled. I want this put right.,Fees & Charges,,,Fees & Charges,0.695,Fees & Charges,model,train,True,rules-v1 / tfidf-lr-v1
C0571,"The terms were very different from what I was promised at the time of sale. Also, i feel I was treated badly because of my age.",Mis-selling,Customer Service,treated badly,Mis-selling,0.811,Customer Service,rule,train,False,rules-v1 / tfidf-lr-v1
C0572,I have been a customer for years. Nobody checked whether I could afford the credit agreement.,Mis-selling,,,Mis-selling,0.946,Mis-selling,model,train,True,rules-v1 / tfidf-lr-v1
C0573,A fake text message led me to a website and my money disappeared.,Fraud & Scams,,,Fraud & Scams,0.904,Fraud & Scams,model,train,True,rules-v1 / tfidf-lr-v1
C0574,This is the second time I have raised this. I think I was the victim of a scam and sent money to a fraudster. I expect compensation.,Fraud & Scams,Fraud & Scams,"scam, fraudster",Fraud & Scams,0.973,Fraud & Scams,rule,train,True,rules-v1 / tfidf-lr-v1
C0575,I have been a customer for years. The salesperson pushed me into a plan I did not need. It has also been taking far too long. I would like a response in writing.,Mis-selling,,,Mis-selling,0.921,Mis-selling,model,train,True,rules-v1 / tfidf-lr-v1
C0576,My identity was stolen and a loan was taken out in my name. It has also been taking far too long. I expect compensation.,Fraud & Scams,,,Fraud & Scams,0.921,Fraud & Scams,model,train,True,rules-v1 / tfidf-lr-v1
C0577,"The webchat agent ended the conversation without solving anything. Also, my transfer has been pending for over a week. I expect compensation.",Customer Service,,,Customer Service,0.753,Customer Service,model,train,True,rules-v1 / tfidf-lr-v1
C0578,A person pretending to be from your bank phoned me and I gave them details. This is not acceptable.,Fraud & Scams,,,Fraud & Scams,0.948,Fraud & Scams,model,train,True,rules-v1 / tfidf-lr-v1
C0579,"Hello, I was hit with a penalty charge for a ayment I made on time. Please escalate this.",Fees & Charges,Fees & Charges,"charge, penalty",Fees & Charges,0.949,Fees & Charges,rule,test,True,rules-v1 / tfidf-lr-v1
C0580,"Frankly, I have been billed an annual fee I never areed to. I expect compensation.",Fees & Charges,Fees & Charges,"fee, billed",Fees & Charges,0.939,Fees & Charges,rule,test,True,rules-v1 / tfidf-lr-v1
C0581,I was misled about what the insurance actually included. This is not acceptable.,Mis-selling,Mis-selling,"misled, insurance",Mis-selling,0.987,Mis-selling,rule,train,True,rules-v1 / tfidf-lr-v1
C0582,I have been a customer for years. The salesperson pushed me into a plan I did not need. This is not acceptable.,Mis-selling,,,Mis-selling,0.926,Mis-selling,model,test,True,rules-v1 / tfidf-lr-v1
C0583,This is the second time I have raised this. I reported the unauthorised payment but you refused to reimburse me. There was also a fee involved. I would like a response in writing.,Fraud & Scams,,,Fraud & Scams,0.926,Fraud & Scams,model,train,True,rules-v1 / tfidf-lr-v1
C0584,"Nobody checked whether I could afford the credit agreement. Also, i keep getting an error message when I sign in. Please escalate this.",Mis-selling,Account Access,sign in,Account Access,0.557,Account Access,rule,test,False,rules-v1 / tfidf-lr-v1
C0585,"Frankly, My mortgage switch is taking far longer than you said it would.",Delays & Processing,,,Delays & Processing,0.958,Delays & Processing,model,test,True,rules-v1 / tfidf-lr-v1
C0586,This is the second time I have raised this. I spent an hour on hold and then the call was cut off.,Customer Service,Customer Service,on hold,Customer Service,0.971,Customer Service,rule,train,True,rules-v1 / tfidf-lr-v1
C0587,This is the second time I have raised this. I was sold a product that was not suitable for my circumstances. This is not acceptable.,Mis-selling,Mis-selling,"sold, not suitable",Mis-selling,0.936,Mis-selling,rule,train,True,rules-v1 / tfidf-lr-v1
C0588,I am writing to complain. I asked for a callback and it never happened. I do not think it was explained properly when I bought it. I would like a response in writing.,Customer Service,,,Customer Service,0.827,Customer Service,model,test,True,rules-v1 / tfidf-lr-v1
C0589,A person pretending to be from your bank phoned me and I gave them details. Please sort this out.,Fraud & Scams,,,Fraud & Scams,0.959,Fraud & Scams,model,train,True,rules-v1 / tfidf-lr-v1
C0590,"I have been a customer for years. The payment still has not arrived in my account. Also, the pension transfer advice I received was poor and I have lost out.",Delays & Processing,,,Delays & Processing,0.796,Delays & Processing,model,train,True,rules-v1 / tfidf-lr-v1
C0591,"I am writing to complain. I spent an hur on hold and then the call was cut off. Also, i was advised to take out cover that duplicates what I already had.",Customer Service,Customer Service,on hold,Customer Service,0.668,Customer Service,rule,train,True,rules-v1 / tfidf-lr-v1
C0592,I have been a customer for years. My card reader stopped working and I cannot approve payments. I also spent ages on hold when I called about it. Please escalate this.,Account Access,Customer Service,on hold,Account Access,0.953,Customer Service,rule,train,False,rules-v1 / tfidf-lr-v1
C0593,"I am writing to complain. The webchat agent ended the conversation without solving anything. Also, why has my interest rate gone up without notice, it is costing me more every month.",Customer Service,,,Customer Service,0.665,Customer Service,model,test,True,rules-v1 / tfidf-lr-v1
C0594,I have been a customer for years. My account was frozen and I cannot get in to move money. I expect compensation.,Account Access,,,Account Access,0.964,Account Access,model,train,True,rules-v1 / tfidf-lr-v1
C0595,"To whom it may concern, The branch manager would not listen to my concerns. I am worried it might be fraud.",Customer Service,Fraud & Scams,fraud,Customer Service,0.974,Fraud & Scams,rule,train,False,rules-v1 / tfidf-lr-v1
C0596,"Hello, The fraud team closed my case without investigating properly. It has also been taking far too long. Please escalate this.",Fraud & Scams,Fraud & Scams,fraud,Fraud & Scams,0.902,Fraud & Scams,rule,train,True,rules-v1 / tfidf-lr-v1
C0597,"I sent the form twice and it seems to have been lost in the system. Also, two factor codes are not being sent to my phone.",Delays & Processing,Account Access,two factor,Delays & Processing,0.843,Account Access,rule,train,False,rules-v1 / tfidf-lr-v1
C0598,I think I was the victim of a scam and sent money to a fraudster. I expect compensation.,Fraud & Scams,Fraud & Scams,"scam, fraudster",Fraud & Scams,0.977,Fraud & Scams,rule,test,True,rules-v1 / tfidf-lr-v1
C0599,"To whom it may concern, A person pretending to be from your bank phoned me and I gave them details.",Fraud & Scams,,,Fraud & Scams,0.951,Fraud & Scams,model,train,True,rules-v1 / tfidf-lr-v1
C0600,"To whom it may concern, I feel I was treated badly because of my age. I could not log in to check either.",Customer Service,,,Customer Service,0.964,Customer Service,model,train,True,rules-v1 / tfidf-lr-v1
C0601,I was charged a monthly fee that nobody told me about.,Fees & Charges,Fees & Charges,"fee, charged",Fees & Charges,0.989,Fees & Charges,rule,train,True,rules-v1 / tfidf-lr-v1
C0602,I was sold a product that was not suitable for my circumstances. I also spent ages on hold when I called about it. I want this put right.,Mis-selling,Mis-selling,"sold, not suitable",Mis-selling,0.929,Mis-selling,rule,train,True,rules-v1 / tfidf-lr-v1
C0603,"To whom it may concern, I feel I was treated badly because of my age.",Customer Service,Customer Service,treated badly,Customer Service,0.978,Customer Service,rule,test,True,rules-v1 / tfidf-lr-v1
C0604,I have been a customer for years. My account was frozen and I cannot get in to move money. It has also been taking far too long. I expect compensation.,Account Access,,,Account Access,0.924,Account Access,model,train,True,rules-v1 / tfidf-lr-v1
C0605,"To whom it may concern, I cannot log in to the mobile app since the update.",Account Access,Account Access,"log in, app",Account Access,0.972,Account Access,rule,train,True,rules-v1 / tfidf-lr-v1
C0606,A late payment fee appeared and I want it refunded. I want this put right.,Fees & Charges,,,Fees & Charges,0.973,Fees & Charges,model,test,True,rules-v1 / tfidf-lr-v1
C0607,"Hello, The costs keep creeping up and my balance is lower than it should be. I am worried it might be fraud. I would like a response in writing.",Fees & Charges,Fraud & Scams,fraud,Fees & Charges,0.866,Fraud & Scams,rule,train,False,rules-v1 / tfidf-lr-v1
C0608,I sent the form twice and it seems to have been lost in the system.,Delays & Processing,,,Delays & Processing,0.987,Delays & Processing,model,train,True,rules-v1 / tfidf-lr-v1
C0609,"Frankly, The terms were very different from what I was promised at the time of sale.",Mis-selling,,,Mis-selling,0.977,Mis-selling,model,train,True,rules-v1 / tfidf-lr-v1
C0610,The pension transfer advice I received was poor and I have lost out. I also spent ages on hold when I called about it. I want this put right.,Mis-selling,,,Mis-selling,0.926,Mis-selling,model,train,True,rules-v1 / tfidf-lr-v1
C0611,I am writing to complain. The payment still has not arrived in my account. I would like a response in writing.,Delays & Processing,,,Delays & Processing,0.918,Delays & Processing,model,train,True,rules-v1 / tfidf-lr-v1
C0612,"To whom it may concern, The complaints handler was unhelpful and talked over me. Please escalate this.",Customer Service,,,Customer Service,0.947,Customer Service,model,train,True,rules-v1 / tfidf-lr-v1
C0613,I asked for a callback and it never happened. I do not think it was explained properly when I bought it.,Customer Service,,,Customer Service,0.862,Customer Service,model,train,True,rules-v1 / tfidf-lr-v1
C0614,"Frankly, The pension transfer advice I received was poor and I have lost out. I expect compensation.",Mis-selling,,,Mis-selling,0.923,Mis-selling,model,test,True,rules-v1 / tfidf-lr-v1
C0615,"My transfer has been pending for over a week. Also, i am unable to access my account to see my balance. Please sort this out.",Delays & Processing,,,Delays & Processing,0.825,Delays & Processing,model,train,True,rules-v1 / tfidf-lr-v1
C0616,"This is the second time I have raised this. Your advisor gave me different answers on two separate calls. Also, i have been billed an annual fee I never agreed to. I expect compensation.",Customer Service,Fees & Charges,"fee, billed",Customer Service,0.844,Fees & Charges,rule,train,False,rules-v1 / tfidf-lr-v1
C0617,The terms were very different from what I was promised at the time of sale.,Mis-selling,,,Mis-selling,0.975,Mis-selling,model,train,True,rules-v1 / tfidf-lr-v1
C0618,My card reader stopped working and I cannot approve payments.,Account Access,,,Account Access,0.989,Account Access,model,test,True,rules-v1 / tfidf-lr-v1
C0619,My identity was stolen and a loan was taken out in my name. It has also been taking far too long. I would like a response in writing.,Fraud & Scams,,,Fraud & Scams,0.859,Fraud & Scams,model,train,True,rules-v1 / tfidf-lr-v1
C0620,"Frankly, I feel I was treated badly because of my age. It has also been taking far too long.",Customer Service,Customer Service,treated badly,Customer Service,0.948,Customer Service,rule,train,True,rules-v1 / tfidf-lr-v1
C0621,"Hello, I cannot log in to the mobile app since the update. There was also a fee involved.",Account Access,Account Access,"log in, app",Account Access,0.959,Account Access,rule,train,True,rules-v1 / tfidf-lr-v1
C0622,The app crashes every time I try to open my statements. Please escalate this.,Account Access,Account Access,"app, crashes",Account Access,0.969,Account Access,rule,train,True,rules-v1 / tfidf-lr-v1
C0623,I am writing to complain. A person pretending to be from your bank phoned me and I gave them details.,Fraud & Scams,,,Fraud & Scams,0.936,Fraud & Scams,model,test,True,rules-v1 / tfidf-lr-v1
C0624,I have been a customer for years. I cannot log in to the mobile app since the update. Please escalate this.,Account Access,Account Access,"log in, app",Account Access,0.969,Account Access,rule,test,True,rules-v1 / tfidf-lr-v1
C0625,I have had enough of the way this has gone.,Customer Service,,,Fees & Charges,0.379,Needs review,human queue,train,False,rules-v1 / tfidf-lr-v1
C0626,The website will not let me registe for online access.,Account Access,,,Account Access,0.948,Account Access,model,test,True,rules-v1 / tfidf-lr-v1
C0627,"I have been a customer for years. The payment still has not arrived in my account. Also, the fraud team closed my case without investigating properly. I want this put right.",Delays & Processing,,,Delays & Processing,0.606,Delays & Processing,model,train,True,rules-v1 / tfidf-lr-v1
C0628,"Hello, I was sold a product that was not suitable for my circumstances. Also, my mortgage switch is taking far longer than you said it would.",Mis-selling,Mis-selling,"sold, not suitable",Mis-selling,0.518,Mis-selling,rule,train,True,rules-v1 / tfidf-lr-v1
C0629,The webchat agent ended the conversation without solving anything. I want this put right.,Customer Service,,,Customer Service,0.91,Customer Service,model,train,True,rules-v1 / tfidf-lr-v1
C0630,I am writing to complain. I sent the form twice and it seems to have been lost in the system. I would like a response in writing.,Delays & Processing,,,Delays & Processing,0.954,Delays & Processing,model,train,True,rules-v1 / tfidf-lr-v1
C0631,I have been a customer for years. There is an unexpected charge on my statement of £60.,Fees & Charges,Fees & Charges,"charge, statement",Fees & Charges,0.938,Fees & Charges,rule,test,True,rules-v1 / tfidf-lr-v1
C0632,A fake text message led me to a website and my money disappeared. I would like a response in writing.,Fraud & Scams,,,Fraud & Scams,0.817,Fraud & Scams,model,train,True,rules-v1 / tfidf-lr-v1
C0633,I am writing to complain. The webchat agent ended the conversation without solving anything. I want this put right.,Customer Service,,,Customer Service,0.918,Customer Service,model,train,True,rules-v1 / tfidf-lr-v1
C0634,The paperwork was submitted a month ago and I am still waiting. There was also a fee involved. This is not acceptable.,Delays & Processing,,,Delays & Processing,0.889,Delays & Processing,model,train,True,rules-v1 / tfidf-lr-v1
C0635,I was tricked into moving savings to a safe account that was not safe. I do not think it was explained properly when I bought it.,Fraud & Scams,,,Fraud & Scams,0.937,Fraud & Scams,model,train,True,rules-v1 / tfidf-lr-v1
C0636,"To whom it may concern, The direct debit setup was delayed and I missed a bill because of it. I also spent ages on hold when I called about it.",Delays & Processing,,,Delays & Processing,0.939,Delays & Processing,model,train,True,rules-v1 / tfidf-lr-v1
C0637,There are transactions on my card I do not recognise.,Fraud & Scams,,,Fraud & Scams,0.954,Fraud & Scams,model,train,True,rules-v1 / tfidf-lr-v1
C0638,"Frankly, Nobody explained the foreign transaction charges before my holiday.",Fees & Charges,,,Fees & Charges,0.983,Fees & Charges,model,train,True,rules-v1 / tfidf-lr-v1
C0639,"You promised the money within three working days and it is still outstanding. Also, the webchat agent ended the conversation without solving anything. Please escalate this.",Delays & Processing,,,Delays & Processing,0.641,Delays & Processing,model,train,True,rules-v1 / tfidf-lr-v1
C0640,Two factor codes are not being sent to my phone. There was also a fee involved. I would like a response in writing.,Account Access,,,Account Access,0.944,Account Access,model,train,True,rules-v1 / tfidf-lr-v1
C0641,I am extremely disappointed and want this resolved. I want this put right.,Customer Service,,,Fraud & Scams,0.417,Needs review,human queue,test,False,rules-v1 / tfidf-lr-v1
C0642,Someone has made payments from my account that I did not authorise. I do not think it was explained properly when I bought it. I want this put right.,Fraud & Scams,Fraud & Scams,did not authorise,Fraud & Scams,0.924,Fraud & Scams,rule,train,True,rules-v1 / tfidf-lr-v1
C0643,I was tricked into moving savings to a safe account that was not safe. I would like a response in writing.,Fraud & Scams,,,Fraud & Scams,0.93,Fraud & Scams,model,test,True,rules-v1 / tfidf-lr-v1
C0644,"Frankly, You took an overdraft fee even though I was within my limit. Also, i was tricked into moving savings to a safe account that was not safe. Please escalate this.",Fees & Charges,,,Fees & Charges,0.728,Fees & Charges,model,train,True,rules-v1 / tfidf-lr-v1
C0645,My card reader stopped working and I cannot approve payments. I expect compensation.,Account Access,,,Account Access,0.991,Account Access,model,train,True,rules-v1 / tfidf-lr-v1
C0646,I have been a customer for years. Nobody explained the foreign transaction charges before my holiday. I would like a response in writing.,Fees & Charges,,,Fees & Charges,0.921,Fees & Charges,model,train,True,rules-v1 / tfidf-lr-v1
C0647,I have been a customer for years. The website will not let me register for online access. Please sort this out.,Account Access,,,Account Access,0.96,Account Access,model,test,True,rules-v1 / tfidf-lr-v1
C0648,A fake text message led me to a website and my money disappeared. I would like a response in writing.,Fraud & Scams,,,Fraud & Scams,0.817,Fraud & Scams,model,train,True,rules-v1 / tfidf-lr-v1
C0649,I think I was the victim of a scam and sent money to a fraudster.,Fraud & Scams,Fraud & Scams,"scam, fraudster",Fraud & Scams,0.984,Fraud & Scams,rule,train,True,rules-v1 / tfidf-lr-v1
C0650,I was charged a monthly fee that nobody told me about. I would like a response in writing.,Fees & Charges,Fees & Charges,"fee, charged",Fees & Charges,0.953,Fees & Charges,rule,test,True,rules-v1 / tfidf-lr-v1
C0651,"This is the second time I have raised this. The password reset keeps failing and I am locked out. Also, the terms were very different from what I was promised at the time of sale.",Account Access,Account Access,"locked, password, reset",Mis-selling,0.653,Account Access,rule,test,True,rules-v1 / tfidf-lr-v1
C0652,I am writing to complain. I keep getting an error message when I sign in. I would like a response in writing.,Account Access,Account Access,sign in,Account Access,0.96,Account Access,rule,train,True,rules-v1 / tfidf-lr-v1
C0653,"Frankly, My card reader stopped working and I cannot approve payments. I want this put right.",Account Access,,,Account Access,0.96,Account Access,model,train,True,rules-v1 / tfidf-lr-v1
C0654,"To whom it may concern, My card was cloned and used abroad. I could not log in to check either.",Fraud & Scams,,,Fraud & Scams,0.946,Fraud & Scams,model,train,True,rules-v1 / tfidf-lr-v1
C0655,I have been a customer for years. My account was frozen and I cannot get in to move money. I would like a response in writing.,Account Access,,,Account Access,0.897,Account Access,model,train,True,rules-v1 / tfidf-lr-v1
C0656,"The account maintenance fee was taken twice this month. Also, i asked for a callback and it never happened. This is not acceptable.",Fees & Charges,,,Fees & Charges,0.653,Fees & Charges,model,test,True,rules-v1 / tfidf-lr-v1
C0657,This is the second time I have raised this. The payment still has not arrived in my account.,Delays & Processing,,,Delays & Processing,0.967,Delays & Processing,model,train,True,rules-v1 / tfidf-lr-v1
C0658,I was tricked into moving savings to a safe account that was not safe. Please sort this out.,Fraud & Scams,,,Fraud & Scams,0.953,Fraud & Scams,model,test,True,rules-v1 / tfidf-lr-v1
C0659,"To whom it may concern, My application has been stuck for weeks with no progress.",Delays & Processing,Delays & Processing,"weeks, stuck",Delays & Processing,0.981,Delays & Processing,rule,test,True,rules-v1 / tfidf-lr-v1
C0660,I am writing to complain. I feel I was treated badly because of my age. I want this put right.,Customer Service,Customer Service,treated badly,Customer Service,0.931,Customer Service,rule,train,True,rules-v1 / tfidf-lr-v1
C0661,I have had enough of the way this has gone. Please escalae this.,Mis-selling,,,Fees & Charges,0.379,Needs review,human queue,test,False,rules-v1 / tfidf-lr-v1
C0662,The paperwork was submitted a month ago and I am still waiting.,Delays & Processing,,,Delays & Processing,0.925,Delays & Processing,model,train,True,rules-v1 / tfidf-lr-v1
C0663,"Hello, I was told this policy covered e but my claim was rejected. There was also a fee involved. I would like a response in writing.",Mis-selling,,,Mis-selling,0.962,Mis-selling,model,train,True,rules-v1 / tfidf-lr-v1
C0664,My card reader stopped working and I cannot approve payments. I would like a response in writing.,Account Access,,,Account Access,0.979,Account Access,model,train,True,rules-v1 / tfidf-lr-v1
C0665,I have been a customer for years. The webchat agent ended the conversation without solving anything. I am worried it might be fraud. Please sort this out.,Customer Service,,,Customer Service,0.946,Customer Service,model,train,True,rules-v1 / tfidf-lr-v1
C0666,I was told this policy covered me but my claim was rejected.,Mis-selling,,,Mis-selling,0.976,Mis-selling,model,train,True,rules-v1 / tfidf-lr-v1
C0667,"Frankly, The direct debit setup was delayed and I missed a bill because of it.",Delays & Processing,,,Delays & Processing,0.979,Delays & Processing,model,test,True,rules-v1 / tfidf-lr-v1
C0668,"This is the second time I have raised this. I reported the unauthorised payment but you refused to reimburse me. Also, why has my interest rate gone up without notice, it is costing me more every month. Please sort this out.",Fraud & Scams,,,Fraud & Scams,0.827,Fraud & Scams,model,train,True,rules-v1 / tfidf-lr-v1
C0669,Nobody explained the foreign transaction charges before my holiday. I do not think it was explained properly when I bought it. I want this put right.,Fees & Charges,,,Fees & Charges,0.957,Fees & Charges,model,train,True,rules-v1 / tfidf-lr-v1
C0670,"To whom it may concern, The brochure said guaranteed returns and my money has lost value. Please escalate this.",Mis-selling,,,Mis-selling,0.957,Mis-selling,model,train,True,rules-v1 / tfidf-lr-v1
C0671,"A person pretending to be from your bank phoned me and I gave them details. Also, the direct debit setup was delayed and I missed a bill because of it. Please escalate this.",Fraud & Scams,,,Fraud & Scams,0.765,Fraud & Scams,model,train,True,rules-v1 / tfidf-lr-v1
C0672,The costs keep creeping up and my balance is lower than it should be. I want this put right.,Fees & Charges,,,Fees & Charges,0.937,Fees & Charges,model,train,True,rules-v1 / tfidf-lr-v1
C0673,"Frankly, I was charged a monthly fee that nobody told me about. I would like a response in writing.",Fees & Charges,Fees & Charges,"fee, charged",Fees & Charges,0.96,Fees & Charges,rule,train,True,rules-v1 / tfidf-lr-v1
C0674,"To whom it may concern, The terms were very different from what I was promised at the time of sale. I also spent ages on hold when I called about it. I want this put right.",Mis-selling,Customer Service,on hold,Mis-selling,0.942,Customer Service,rule,train,False,rules-v1 / tfidf-lr-v1
C0675,"Frankly, The payment still has not arrived in my account.",Delays & Processing,,,Delays & Processing,0.988,Delays & Processing,model,train,True,rules-v1 / tfidf-lr-v1
C0676,"My card reader stopped working and I cannot approve payments. Also, the account maintenance fee was taken twice this month. I would like a response in writing.",Account Access,,,Account Access,0.813,Account Access,model,train,True,rules-v1 / tfidf-lr-v1
C0677,This is the second time I have raised this. I was sold a product that was not suitable for my circumstances. It has also been taking far too long. Please sort this out.,Mis-selling,Mis-selling,"sold, not suitable",Mis-selling,0.877,Mis-selling,rule,train,True,rules-v1 / tfidf-lr-v1
C0678,I have had enough of the way this has gone.,Fees & Charges,,,Fees & Charges,0.379,Needs review,human queue,train,False,rules-v1 / tfidf-lr-v1
C0679,I am writing to complain. The adviser did not explain the risks of the investment.,Mis-selling,Mis-selling,"adviser, risks",Mis-selling,0.95,Mis-selling,rule,test,True,rules-v1 / tfidf-lr-v1
C0680,"This is the second time I have raised this. Why has my interest rate gone up without notice, it is costing me more every month.",Fees & Charges,,,Fees & Charges,0.869,Fees & Charges,model,train,True,rules-v1 / tfidf-lr-v1
C0681,This is the second time I have raised this. The terms were very different from what I was promised at the time of sale. I also spent ages on hold when I called about it. Please sort this out.,Mis-selling,Customer Service,on hold,Mis-selling,0.912,Customer Service,rule,train,False,rules-v1 / tfidf-lr-v1
C0682,"This is the second time I have raised this. The staff member was rude and dismissive when I called. Also, i keep getting an error message when I sign in.",Customer Service,,,Customer Service,0.926,Customer Service,model,train,True,rules-v1 / tfidf-lr-v1
C0683,I think I was the victim of a scam and sent money to a fraudster. It has also been taking far too long. Please escalate this.,Fraud & Scams,Fraud & Scams,"scam, fraudster",Fraud & Scams,0.951,Fraud & Scams,rule,train,True,rules-v1 / tfidf-lr-v1
C0684,I have been a customer for years. Nobody explained the foreign transaction charges before my holiday. I could not log in to check either.,Fees & Charges,Account Access,log in,Fees & Charges,0.936,Account Access,rule,train,False,rules-v1 / tfidf-lr-v1
C0685,I reported the unauthorised payment but you refused to reimburse me. I want this put right.,Fraud & Scams,Fraud & Scams,unauthorised,Fraud & Scams,0.98,Fraud & Scams,rule,train,True,rules-v1 / tfidf-lr-v1
C0686,"Hello, The direct debit setup was delayed and I missed a bill because of it. This is not acceptable.",Delays & Processing,,,Delays & Processing,0.963,Delays & Processing,model,train,True,rules-v1 / tfidf-lr-v1
C0687,"My online banking is locked and the reset link never arrves. Also, the complaints handler was unhelpful and talked over me. Please sort this out.",Account Access,Account Access,"locked, reset",Account Access,0.705,Account Access,rule,train,True,rules-v1 / tfidf-lr-v1
C0688,The branch manager would not listen to my concerns. I could not log in to check either.,Customer Service,Account Access,log in,Customer Service,0.979,Account Access,rule,train,False,rules-v1 / tfidf-lr-v1
C0689,"Frankly, I was tricked into moving savings to a safe account that was not safe. I also spent ages on hold when I called about it.",Fraud & Scams,,,Fraud & Scams,0.912,Fraud & Scams,model,train,True,rules-v1 / tfidf-lr-v1
C0690,"There are transactions on my card I do not recognise. Also, there is an unexpected charge on my statement of £15. Please sort this out.",Fraud & Scams,,,Fraud & Scams,0.625,Fraud & Scams,model,train,True,rules-v1 / tfidf-lr-v1
C0691,My card was cloned and used abroad.,Fraud & Scams,Fraud & Scams,cloned,Fraud & Scams,0.982,Fraud & Scams,rule,train,True,rules-v1 / tfidf-lr-v1
C0692,"To whom it may concern, The closure of my old account has dragged on for months.",Delays & Processing,,,Delays & Processing,0.958,Delays & Processing,model,train,True,rules-v1 / tfidf-lr-v1
C0693,"This is the second time I have raised this. Why has my interest rate gone up without notice, it is costing me more every month. It has also been taking far too long. Please sort this out.",Fees & Charges,,,Fees & Charges,0.873,Fees & Charges,model,train,True,rules-v1 / tfidf-lr-v1
C0694,"Frankly, I asked for a callback and it never happened. Also, the paperwork was submitted a month ago and I am still waiting.",Customer Service,,,Customer Service,0.571,Needs review,human queue,test,False,rules-v1 / tfidf-lr-v1
C0695,"I was misled about what the insurance actually included. Also, i spent an hour on hold and then the call was cut off. This is not acceptable.",Mis-selling,,,Mis-selling,0.83,Mis-selling,model,train,True,rules-v1 / tfidf-lr-v1
C0696,I am writing to complain. Nobody has responded to my emails despite three reminders.,Customer Service,,,Customer Service,0.977,Customer Service,model,train,True,rules-v1 / tfidf-lr-v1
C0697,"Frankly, The staff member was rude and dismissive when I called. Also, i keep getting an error message when I sign in. I want this put right.",Customer Service,,,Customer Service,0.862,Customer Service,model,train,True,rules-v1 / tfidf-lr-v1
C0698,The fraud team closed my case without investigating properly. Please escalate this.,Fraud & Scams,Fraud & Scams,fraud,Fraud & Scams,0.943,Fraud & Scams,rule,train,True,rules-v1 / tfidf-lr-v1
C0699,"To whom it may concern, The brochure said guaranteed returns and my money has lost value. This is not acceptable.",Mis-selling,,,Mis-selling,0.962,Mis-selling,model,train,True,rules-v1 / tfidf-lr-v1
C0700,The adviser did not explain the risks of the investment. There was also a fee involved. I would like a response in writing.,Mis-selling,Mis-selling,"adviser, risks",Mis-selling,0.959,Mis-selling,rule,train,True,rules-v1 / tfidf-lr-v1
C0701,I am writing to complain. You promised the money within three working days and it is still outstanding. I want this put right.,Delays & Processing,,,Delays & Processing,0.956,Delays & Processing,model,test,True,rules-v1 / tfidf-lr-v1
C0702,This has caused me a lot of stress and I want answers. Please escalate this.,Customer Service,,,Customer Service,0.307,Needs review,human queue,train,False,rules-v1 / tfidf-lr-v1
C0703,"There is an unexpected charge on my statement of £48. Also, the adviser did not explain the risks of the investment. This is not acceptable.",Fees & Charges,,,Fees & Charges,0.777,Fees & Charges,model,train,True,rules-v1 / tfidf-lr-v1
C0704,"Frankly, The salesperson pushed me into a plan I did not need. I want this put right.",Mis-selling,,,Mis-selling,0.921,Mis-selling,model,train,True,rules-v1 / tfidf-lr-v1
C0705,My mortgage switch is taking far longer than you said it would. Please escalate this.,Delays & Processing,,,Delays & Processing,0.952,Delays & Processing,model,train,True,rules-v1 / tfidf-lr-v1
C0706,"To whom it may concern, Two factor codes are not being sent to my phone. Please escalate this.",Account Access,Account Access,two factor,Account Access,0.964,Account Access,rule,train,True,rules-v1 / tfidf-lr-v1
C0707,I have been a cusomer for years. My application has been stuck for weeks with no progress.,Delays & Processing,Delays & Processing,"weeks, stuck",Delays & Processing,0.979,Delays & Processing,rule,train,True,rules-v1 / tfidf-lr-v1
C0708,"Frankly, You promised the money within three working days and it is still outstanding. I do not think it was explained properly when I bought it. I would like a response in writing.",Delays & Processing,,,Delays & Processing,0.833,Delays & Processing,model,train,True,rules-v1 / tfidf-lr-v1
C0709,I have been a customer for years. I was advised to take out cover that duplicates what I already had.,Mis-selling,,,Mis-selling,0.923,Mis-selling,model,test,True,rules-v1 / tfidf-lr-v1
C0710,"A late payment fee appeared and I want it refunded. Also, the webchat agent ended the conversation without solving anything. Please escalate this.",Fees & Charges,,,Fees & Charges,0.766,Fees & Charges,model,train,True,rules-v1 / tfidf-lr-v1
C0711,I am writing to complain. The pension transfer advice I received was poor and I have lost out.,Mis-selling,,,Mis-selling,0.915,Mis-selling,model,test,True,rules-v1 / tfidf-lr-v1
C0712,The account maintenance fee was taken twice this month. I want this put right.,Fees & Charges,,,Fees & Charges,0.96,Fees & Charges,model,train,True,rules-v1 / tfidf-lr-v1
C0713,"To whom it may concern, The account maintenance fee was taken twice this month. I could not log in to check either. I expect compensation.",Fees & Charges,,,Fees & Charges,0.933,Fees & Charges,model,train,True,rules-v1 / tfidf-lr-v1
C0714,The terms were very different from what I was promised at the time of sale. Please sort this out.,Mis-selling,,,Mis-selling,0.968,Mis-selling,model,train,True,rules-v1 / tfidf-lr-v1
C0715,"To whom it may concern, The brochure said guaranteed returns and my money has lost value. It has also been taking far too long.",Mis-selling,,,Mis-selling,0.939,Mis-selling,model,test,True,rules-v1 / tfidf-lr-v1
C0716,"This is the second time I have raised this. My application has been stuck for weeks with no progress. Also, your advisor gave me different answers on two separate calls. This is not acceptable.",Delays & Processing,Delays & Processing,"weeks, stuck",Customer Service,0.82,Delays & Processing,rule,test,True,rules-v1 / tfidf-lr-v1
C0717,"To whom it may concern, Nobody has responded to my emails despite three reminders. Also, i am unable to access my account to see my balance. Please sort this out.",Customer Service,,,Customer Service,0.73,Customer Service,model,train,True,rules-v1 / tfidf-lr-v1
C0718,"Nobody checked whether I could afford the credit agreement. Also, my account was frozen and I cannot get in to move money.",Mis-selling,,,Mis-selling,0.896,Mis-selling,model,train,True,rules-v1 / tfidf-lr-v1
C0719,"This is the second time I have raised this. My transfer has been pending for over a week. Also, the terms were very different from what I was promised at the time of sale. This is not acceptable.",Delays & Processing,,,Delays & Processing,0.74,Delays & Processing,model,train,True,rules-v1 / tfidf-lr-v1
C0720,"Hello, My account was frozen and I cannot get in to move money.",Account Access,,,Account Access,0.967,Account Access,model,train,True,rules-v1 / tfidf-lr-v1
C0721,"Hello, I am unable to access my account to see my balance. I would like a response in writing.",Account Access,,,Account Access,0.96,Account Access,model,test,True,rules-v1 / tfidf-lr-v1
C0722,I cannot log in to the mobile app since the update. I am worried it ight be fraud. I expect compensation.,Account Access,,,Account Access,0.968,Account Access,model,train,True,rules-v1 / tfidf-lr-v1
C0723,"To whom it may concern, It has taken six weeks to process my claim and nobody has updated me. I would like a response in writing.",Delays & Processing,,,Delays & Processing,0.942,Delays & Processing,model,train,True,rules-v1 / tfidf-lr-v1
C0724,"Hello, The website will not let me register for online acces. I would like a response in writing.",Account Access,,,Account Access,0.899,Account Access,model,train,True,rules-v1 / tfidf-lr-v1
C0725,I have had enough of the way this has gone. Please sort this out.,Fees & Charges,,,Fees & Charges,0.513,Needs review,human queue,test,False,rules-v1 / tfidf-lr-v1
C0726,The app crashes every time I try to open my statements. There was also a fee involved.,Account Access,,,Account Access,0.963,Account Access,model,train,True,rules-v1 / tfidf-lr-v1
C0727,I have been a customer for years. The fraud team closed my case without investigating properly. Please sort this out.,Fraud & Scams,Fraud & Scams,fraud,Fraud & Scams,0.916,Fraud & Scams,rule,test,True,rules-v1 / tfidf-lr-v1
C0728,"Frankly, I spent an hour on hold and then the call was cut off. Also, my application has been stuck for weeks with no progress. I want this put right.",Customer Service,,,Customer Service,0.694,Customer Service,model,train,True,rules-v1 / tfidf-lr-v1
C0729,"My application has been stuck for weeks with no progress. Also, i was tricked into moving savings to a safe account that was not safe. Please escalate this.",Delays & Processing,,,Delays & Processing,0.797,Delays & Processing,model,train,True,rules-v1 / tfidf-lr-v1
C0730,"I am writing to complain. My transfer has been pending for over a week. Also, the staff member was rude and dismissive when I called. Please escalate this.",Delays & Processing,Customer Service,"rude, staff",Delays & Processing,0.58,Customer Service,rule,train,False,rules-v1 / tfidf-lr-v1
C0731,"Hello, I feel I was treated badly because of my age. Also, a late payment fee appeared and I want it refunded.",Customer Service,,,Customer Service,0.553,Needs review,human queue,train,False,rules-v1 / tfidf-lr-v1
C0732,"Frankly, My transfer has been pending for over a week. Please sort this out.",Delays & Processing,,,Delays & Processing,0.973,Delays & Processing,model,test,True,rules-v1 / tfidf-lr-v1
C0733,The complaints handler was unhelpful and talked over me. I could not log in to check either. I would like a response in writing.,Customer Service,,,Customer Service,0.829,Customer Service,model,test,True,rules-v1 / tfidf-lr-v1
C0734,There is an unexpected charge on my statement of £48. I would like a response in writing.,Fees & Charges,Fees & Charges,"charge, statement",Fees & Charges,0.957,Fees & Charges,rule,train,True,rules-v1 / tfidf-lr-v1
C0735,I am very unhappy with how this has been handled.,Account Access,,,Account Access,0.49,Needs review,human queue,train,False,rules-v1 / tfidf-lr-v1
C0736,The account maintenance fee was taken twice this month. I want this put right.,Fees & Charges,,,Fees & Charges,0.96,Fees & Charges,model,train,True,rules-v1 / tfidf-lr-v1
C0737,The staff member was rude and dismissive when I called.,Customer Service,Customer Service,"rude, staff",Customer Service,0.982,Customer Service,rule,test,True,rules-v1 / tfidf-lr-v1
C0738,"The password reset keeps failing and I am locked out. Also, nobody checked whether I could afford the credit agreement.",Account Access,Account Access,"locked, password, reset",Mis-selling,0.638,Account Access,rule,test,True,rules-v1 / tfidf-lr-v1
C0739,"Frankly, I have been billed an annual fee I never agreed to. I expect compensation.",Fees & Charges,Fees & Charges,"fee, billed",Fees & Charges,0.962,Fees & Charges,rule,train,True,rules-v1 / tfidf-lr-v1
C0740,"To whom it may concern, I was charged a monthly fee that nobody told me about.",Fees & Charges,Fees & Charges,"fee, charged",Fees & Charges,0.987,Fees & Charges,rule,train,True,rules-v1 / tfidf-lr-v1
C0741,The closure of my old account has dragged on for months. I could not log in to check either. Please sort this out.,Delays & Processing,,,Delays & Processing,0.947,Delays & Processing,model,train,True,rules-v1 / tfidf-lr-v1
C0742,My account was frozen and I cannot get in to move money.,Account Access,,,Account Access,0.965,Account Access,model,train,True,rules-v1 / tfidf-lr-v1
C0743,The salesperson pushed me into a plan I did not need. This is not acceptable.,Mis-selling,,,Mis-selling,0.961,Mis-selling,model,test,True,rules-v1 / tfidf-lr-v1
C0744,"Frankly, I was charged a monthly fee that nobody told me about. I also spent ages on hold when I called about it. This is not acceptable.",Fees & Charges,,,Fees & Charges,0.922,Fees & Charges,model,train,True,rules-v1 / tfidf-lr-v1
C0745,The webchat agent ended the conversation without solving anything. There was also a fee involved. I want this put right.,Customer Service,,,Customer Service,0.826,Customer Service,model,test,True,rules-v1 / tfidf-lr-v1
C0746,I was advised to take out cover that duplicates what I already had. Please sort this out.,Mis-selling,,,Mis-selling,0.946,Mis-selling,model,train,True,rules-v1 / tfidf-lr-v1
C0747,"I have been a customer for years. The complaints handler was unhelpful and talked over me. Also, i was hit with a penalty charge for a payment I made on time. I expect compensation.",Customer Service,Fees & Charges,"charge, penalty",Customer Service,0.769,Fees & Charges,rule,train,False,rules-v1 / tfidf-lr-v1
C0748,I am extremely disappointed and want this resolved. I expect compensation.,Fees & Charges,,,Fraud & Scams,0.311,Needs review,human queue,test,False,rules-v1 / tfidf-lr-v1
C0749,I was hit with a penalty charge for a payment I made on time. I am worried it might be fraud. I expect compensation.,Fees & Charges,,,Fees & Charges,0.92,Fees & Charges,model,train,True,rules-v1 / tfidf-lr-v1
C0750,"Hello, The closure of my old account has dragged on for months.",Delays & Processing,,,Delays & Processing,0.952,Delays & Processing,model,train,True,rules-v1 / tfidf-lr-v1
C0751,"Hello, I was hit with a penalty charge for a payment I made on time. Also, the pension transfer advice I received was poor and I have lost out.",Fees & Charges,Fees & Charges,"charge, penalty",Fees & Charges,0.562,Fees & Charges,rule,train,True,rules-v1 / tfidf-lr-v1
C0752,Nothing has been done and I am losing patience. This is not acceptable.,Fraud & Scams,,,Mis-selling,0.461,Needs review,human queue,test,False,rules-v1 / tfidf-lr-v1
C0753,I was misled about what the insurance actually included. I am worried it might be fraud. Please sort this out.,Mis-selling,,,Mis-selling,0.941,Mis-selling,model,train,True,rules-v1 / tfidf-lr-v1
C0754,"To whom it may concern, The account maintenance fee was taken twice this month. I could not log in to check either.",Fees & Charges,,,Fees & Charges,0.96,Fees & Charges,model,train,True,rules-v1 / tfidf-lr-v1
C0755,I have had enough of the way this has gone. Please sort this out.,Fees & Charges,,,Fees & Charges,0.513,Needs review,human queue,train,False,rules-v1 / tfidf-lr-v1
C0756,"Frankly, I was charged a monthly fee that nobody told me about. Also, i feel I was treated badly ecause of my age. I want this put right.",Fees & Charges,,,Fees & Charges,0.83,Fees & Charges,model,train,True,rules-v1 / tfidf-lr-v1
C0757,I have been a customer for years. The password reset keeps failing and I am locked out.,Account Access,Account Access,"locked, password, reset",Account Access,0.963,Account Access,rule,train,True,rules-v1 / tfidf-lr-v1
C0758,"Frankly, There are transactions on my card I do not recognise. Please escalate this.",Fraud & Scams,,,Fraud & Scams,0.905,Fraud & Scams,model,train,True,rules-v1 / tfidf-lr-v1
C0759,I was charged a monthly fee that nobody told me about. It has also been taking far too long.,Fees & Charges,Fees & Charges,"fee, charged",Fees & Charges,0.967,Fees & Charges,rule,train,True,rules-v1 / tfidf-lr-v1
C0760,Nobody explained the foreig transaction charges before my holiday.,Fees & Charges,,,Fees & Charges,0.957,Fees & Charges,model,train,True,rules-v1 / tfidf-lr-v1
C0761,I am very unhappy with how this has been handled. This is not acceptable.,Delays & Processing,,,Delays & Processing,0.784,Delays & Processing,model,train,True,rules-v1 / tfidf-lr-v1
C0762,I have been a customer for years. I have been billed an annual fee I never agreed to. Please sort this out.,Fees & Charges,Fees & Charges,"fee, billed",Fees & Charges,0.953,Fees & Charges,rule,train,True,rules-v1 / tfidf-lr-v1
C0763,"This is the second time I have raised this. The fraud team closed my case without investigating properly. Also, the direct debit setup was delayed and I missed a bill because of it. This is not acceptable.",Fraud & Scams,,,Fraud & Scams,0.798,Fraud & Scams,model,train,True,rules-v1 / tfidf-lr-v1
C0764,"The payment still has not arrived in my account. Also, i was advised to take out cover that duplicates what I already had.",Delays & Processing,,,Delays & Processing,0.622,Delays & Processing,model,test,True,rules-v1 / tfidf-lr-v1
C0765,"My online banking is locked and the reset link never arrives. Also, nobody has responded to my emails despite three reminders. I would like a response in writing.",Account Access,Account Access,"locked, reset",Account Access,0.501,Account Access,rule,test,True,rules-v1 / tfidf-lr-v1
C0766,This is the second time I have raised this. There is an unexpected charge on my statement of £25. It has also been taking far too long. I would like a response in writing.,Fees & Charges,Fees & Charges,"charge, statement",Fees & Charges,0.877,Fees & Charges,rule,train,True,rules-v1 / tfidf-lr-v1
C0767,My online banking is locked and the reset link never arrives. I expect compensation.,Account Access,Account Access,"locked, reset",Account Access,0.942,Account Access,rule,train,True,rules-v1 / tfidf-lr-v1
C0768,"Hello, I have been billed an annual fee I never agreed to.",Fees & Charges,Fees & Charges,"fee, billed",Fees & Charges,0.977,Fees & Charges,rule,train,True,rules-v1 / tfidf-lr-v1
C0769,I am writing to complain. The direct debit setup was delayed and I missed a bill because of it. Please escalate this.,Delays & Processing,,,Delays & Processing,0.974,Delays & Processing,model,train,True,rules-v1 / tfidf-lr-v1
C0770,"I have been a customer for years. You took an overdraft fee even though I was within my limit. Also, my account was frozen and I cannot get in to move money. This is not acceptable.",Fees & Charges,,,Fees & Charges,0.802,Fees & Charges,model,train,True,rules-v1 / tfidf-lr-v1
C0771,"I am writing to complain. I cannot log in to the mobile app since the update. Also, a fake text message led me to a website and my money disappeared. I expect compensation.",Account Access,Account Access,"log in, app",Account Access,0.84,Account Access,rule,train,True,rules-v1 / tfidf-lr-v1
C0772,"Hello, I cannot log in to the mobile app since the update. Also, my identity was stolen and a loan was taken out in my name.",Account Access,Account Access,"log in, app",Account Access,0.819,Account Access,rule,train,True,rules-v1 / tfidf-lr-v1
C0773,"Frankly, I reported the unauthorised payment but you refused to reimburse me. Also, the branch manager would not listen to my concerns. Please escalate this.",Fraud & Scams,Fraud & Scams,unauthorised,Fraud & Scams,0.725,Fraud & Scams,rule,train,True,rules-v1 / tfidf-lr-v1
C0774,"The staff member was rude and dismissive when I called. Also, the closure of my old account has dragged on for months. Please sort this out.",Customer Service,Customer Service,"rude, staff",Customer Service,0.54,Customer Service,rule,train,True,rules-v1 / tfidf-lr-v1
C0775,I am writing to complain. It has taken six weeks to process my claim and nobody has updated me.,Delays & Processing,,,Delays & Processing,0.988,Delays & Processing,model,test,True,rules-v1 / tfidf-lr-v1
C0776,I think I was the victim of a scam and sent money to a fraudster. This is not acceptable.,Fraud & Scams,Fraud & Scams,"scam, fraudster",Fraud & Scams,0.974,Fraud & Scams,rule,train,True,rules-v1 / tfidf-lr-v1
C0777,I have been a customer for years. I was misled about what the insurance actually included.,Mis-selling,Mis-selling,"misled, insurance",Mis-selling,0.978,Mis-selling,rule,train,True,rules-v1 / tfidf-lr-v1
C0778,I am writing to complain. I asked for a callback and it never happened. There was also a fee involved. Please sort this out.,Customer Service,,,Customer Service,0.905,Customer Service,model,train,True,rules-v1 / tfidf-lr-v1
C0779,I was sold a product that was not suitable for my circumstances. I want this put right.,Mis-selling,Mis-selling,"sold, not suitable",Mis-selling,0.92,Mis-selling,rule,train,True,rules-v1 / tfidf-lr-v1
C0780,"This is the second time I have raised this. I have been billed an annual fee I never agreed to. Also, i think I was the victim of a scam and sent money to a fraudster.",Fees & Charges,Fraud & Scams,"scam, fraudster",Fees & Charges,0.553,Fraud & Scams,rule,train,False,rules-v1 / tfidf-lr-v1
C0781,"Hello, The website will not let me register for online access. There was also a fee involved.",Account Access,,,Account Access,0.968,Account Access,model,train,True,rules-v1 / tfidf-lr-v1
C0782,The branch manager would not listen to my concerns. I expect compensation.,Customer Service,,,Customer Service,0.981,Customer Service,model,test,True,rules-v1 / tfidf-lr-v1
C0783,I have been a customer for years. I was tricked into moving savings to a safe account that was not safe. I could not log in to check either. I want this put right.,Fraud & Scams,,,Fraud & Scams,0.931,Fraud & Scams,model,test,True,rules-v1 / tfidf-lr-v1
C0784,Someone has made payments from my account that I did not authorise.,Fraud & Scams,Fraud & Scams,did not authorise,Fraud & Scams,0.963,Fraud & Scams,rule,train,True,rules-v1 / tfidf-lr-v1
C0785,This is the second time I have raised this. I was misled about what the insurance actually included. There was also a fee involved. I expect compensation.,Mis-selling,Mis-selling,"misled, insurance",Mis-selling,0.904,Mis-selling,rule,train,True,rules-v1 / tfidf-lr-v1
C0786,I have been a customer for years. The website will not let me register for online access. I expect compensation.,Account Access,,,Account Access,0.982,Account Access,model,test,True,rules-v1 / tfidf-lr-v1
C0787,"To whom it may concern, A late payment fee appeared and I want it refunded. I do not think it was explained properly when I bought it. Please sort this out.",Fees & Charges,,,Fees & Charges,0.972,Fees & Charges,model,train,True,rules-v1 / tfidf-lr-v1
C0788,"Hello, Nobody explained the foreign transaction charges before my holiday. I am worried it might be fraud. Please escalate this.",Fees & Charges,Fraud & Scams,fraud,Fees & Charges,0.959,Fraud & Scams,rule,train,False,rules-v1 / tfidf-lr-v1
C0789,This is the second time I have raised this. My card reader stopped working and I cannot approve payments. Please escalate this.,Account Access,,,Account Access,0.954,Account Access,model,test,True,rules-v1 / tfidf-lr-v1
C0790,"The adviser did not explain the risks of the investment. Also, my online banking is locked and the reset link never arrives. Please escalate this.",Mis-selling,,,Mis-selling,0.694,Mis-selling,model,train,True,rules-v1 / tfidf-lr-v1
C0791,"To whom it may concern, I keep getting an error message when I sign in.",Account Access,Account Access,sign in,Account Access,0.981,Account Access,rule,train,True,rules-v1 / tfidf-lr-v1
C0792,I have been a customer for years. There is an unexpected charge on my statement of £15. Please sort this out.,Fees & Charges,Fees & Charges,"charge, statement",Fees & Charges,0.879,Fees & Charges,rule,train,True,rules-v1 / tfidf-lr-v1
C0793,I am very unhappy with how this has been handled. I expect compensation.,Account Access,,,Account Access,0.844,Account Access,model,train,True,rules-v1 / tfidf-lr-v1
C0794,"To whom it may concern, The staff member was rude and dismissive when I called. Also, the app crashes every time I try to open my statements.",Customer Service,,,Customer Service,0.728,Customer Service,model,train,True,rules-v1 / tfidf-lr-v1
C0795,I am writing to complain. I was advised to take out cover that duplicates what I already had.,Mis-selling,,,Mis-selling,0.953,Mis-selling,model,train,True,rules-v1 / tfidf-lr-v1
C0796,"The branch manager would not listen to my concerns. Also, the salesperson pushed me into a plan I did not need. Please sort this out.",Customer Service,,,Customer Service,0.857,Customer Service,model,train,True,rules-v1 / tfidf-lr-v1
C0797,I am writing to complain. I was advised to take out cover that duplicates what I already had. It has also been taking far too long. I would like a response in writing.,Mis-selling,,,Mis-selling,0.93,Mis-selling,model,test,True,rules-v1 / tfidf-lr-v1
C0798,"Hello, The pension transfer advice I received was poor and I have lost out.",Mis-selling,,,Mis-selling,0.954,Mis-selling,model,test,True,rules-v1 / tfidf-lr-v1
C0799,I spent an hour on hold and then the call was cut off. This is not acceptable.,Customer Service,Customer Service,on hold,Customer Service,0.945,Customer Service,rule,train,True,rules-v1 / tfidf-lr-v1
C0800,"Hello, I was passed between four departments and no one took ownership. Also, there are transactions on my card I do not recognise. This is not acceptable.",Customer Service,,,Customer Service,0.831,Customer Service,model,train,True,rules-v1 / tfidf-lr-v1
C0801,"To whom it may concern, I was misled about what the insurance actually included. Please escalate this.",Mis-selling,Mis-selling,"misled, insurance",Mis-selling,0.981,Mis-selling,rule,test,True,rules-v1 / tfidf-lr-v1
C0802,The paperwork was submitted a month ago and I am still waiting.,Delays & Processing,,,Delays & Processing,0.925,Delays & Processing,model,train,True,rules-v1 / tfidf-lr-v1
C0803,"I am writing to complain. My mortgage switch is taking far longer than you said it would. Also, i was sold a product that was not suitable for my circumstances.",Delays & Processing,Mis-selling,"sold, not suitable",Delays & Processing,0.783,Mis-selling,rule,train,False,rules-v1 / tfidf-lr-v1
C0804,"Hello, I was sold a product that was not suitable for my circumstances.",Mis-selling,Mis-selling,"sold, not suitable",Mis-selling,0.978,Mis-selling,rule,train,True,rules-v1 / tfidf-lr-v1
C0805,It has taken six weeks to process my claim and nobody has updated me. I could not log in to check either. Please escalate this.,Delays & Processing,,,Delays & Processing,0.973,Delays & Processing,model,train,True,rules-v1 / tfidf-lr-v1
C0806,This is the second time I have raised this. The pament still has not arrived in my account. I expect compensation.,Delays & Processing,,,Delays & Processing,0.958,Delays & Processing,model,test,True,rules-v1 / tfidf-lr-v1
C0807,"To whm it may concern, There is an unexpected charge on my statement of £25. Also, there are transactions on my card I do not recognise. Please escalate this.",Fees & Charges,,,Fees & Charges,0.799,Fees & Charges,model,train,True,rules-v1 / tfidf-lr-v1
C0808,"Frankly, I cannot log in to the mobile app since the update. I expect compensation.",Account Access,Account Access,"log in, app",Account Access,0.954,Account Access,rule,train,True,rules-v1 / tfidf-lr-v1
C0809,"This is the second time I have raised this. I think I was the victim of a scam and sent money to a fraudster. Also, the webchat agent ended the conversation without solving anything. I want this put right.",Fraud & Scams,Fraud & Scams,"scam, fraudster",Fraud & Scams,0.822,Fraud & Scams,rule,train,True,rules-v1 / tfidf-lr-v1
C0810,"Frankly, A person pretending to be from your bank phoned me and I gave them details. Also, a late payment fee appeared and I want it refunded.",Fraud & Scams,,,Fraud & Scams,0.677,Fraud & Scams,model,test,True,rules-v1 / tfidf-lr-v1
C0811,I am writing to complain. I was misled about what the insurance actually included. I expect compensation.,Mis-selling,Mis-selling,"misled, insurance",Mis-selling,0.958,Mis-selling,rule,train,True,rules-v1 / tfidf-lr-v1
C0812,This is the second time I have raised this. The website will not let me register for online access. I want this put right.,Account Access,,,Account Access,0.877,Account Access,model,train,True,rules-v1 / tfidf-lr-v1
C0813,I was tricked into moving savings to a safe account that was not safe. This is not acceptable.,Fraud & Scams,,,Fraud & Scams,0.959,Fraud & Scams,model,train,True,rules-v1 / tfidf-lr-v1
C0814,The paperwork was submitted a month ago and I am still waiting. Please sort this out.,Delays & Processing,,,Delays & Processing,0.924,Delays & Processing,model,test,True,rules-v1 / tfidf-lr-v1
C0815,This has caused me a lot of stress and I want answers. Please escalate this.,Mis-selling,,,Customer Service,0.307,Needs review,human queue,test,False,rules-v1 / tfidf-lr-v1
C0816,"The account maintenance fee was taken twice this month. Also, i feel I was treated badly because of my age. Please escalate this.",Fees & Charges,,,Customer Service,0.678,Customer Service,model,test,False,rules-v1 / tfidf-lr-v1
C0817,I have been billed an annual fee I never agreed to. It has also been taking far too long.,Fees & Charges,Fees & Charges,"fee, billed",Fees & Charges,0.963,Fees & Charges,rule,train,True,rules-v1 / tfidf-lr-v1
C0818,A late payment fee appeared and I want it refunded. I also spent ages on hold when I called about it. I want this put right.,Fees & Charges,,,Fees & Charges,0.919,Fees & Charges,model,train,True,rules-v1 / tfidf-lr-v1
C0819,The fraud team closed my case without investigating properly. Please escalate this.,Fraud & Scams,Fraud & Scams,fraud,Fraud & Scams,0.943,Fraud & Scams,rule,test,True,rules-v1 / tfidf-lr-v1
C0820,"Hello, The adviser did not explain the risks of the investment. Also, you promised the money within three working days and it is still outstanding.",Mis-selling,Mis-selling,"adviser, risks, promised",Mis-selling,0.745,Mis-selling,rule,train,True,rules-v1 / tfidf-lr-v1
C0821,"Frankly, The brochure said guaranteed returns and my money has lost value. Please escalate this.",Mis-selling,,,Mis-selling,0.966,Mis-selling,model,train,True,rules-v1 / tfidf-lr-v1
C0822,Nobody explained the foreign transaction charges before my holiday. I would like a response in writing.,Fees & Charges,,,Fees & Charges,0.957,Fees & Charges,model,train,True,rules-v1 / tfidf-lr-v1
C0823,I am writing to complain. My identity was stolen and a loan was taken out in my name. I expect compensation.,Fraud & Scams,,,Fraud & Scams,0.952,Fraud & Scams,model,train,True,rules-v1 / tfidf-lr-v1
C0824,I have been a customer for years. My account was frozen and I cannot get in to move money. I do not think it was explained properly when I bought it. I want this put right.,Account Access,,,Account Access,0.815,Account Access,model,train,True,rules-v1 / tfidf-lr-v1
C0825,"To whom it may concern, The staff member was rude and dismissive when I called. Also, i cannot log in to the mobile app since the update. I want this put right.",Customer Service,,,Customer Service,0.662,Customer Service,model,test,True,rules-v1 / tfidf-lr-v1
C0826,"I keep getting an error message when I sign in. Also, you took an overdraft fee even though I was within my limit. This is not acceptable.",Account Access,,,Account Access,0.76,Account Access,model,train,True,rules-v1 / tfidf-lr-v1
C0827,I have been a customer for years. I sent the form twice and it seems to have been lost in the system.,Delays & Processing,,,Delays & Processing,0.98,Delays & Processing,model,test,True,rules-v1 / tfidf-lr-v1
C0828,I think I was the victim of a scam and sent money to a fraudster. Please escalate this.,Fraud & Scams,Fraud & Scams,"scam, fraudster",Fraud & Scams,0.97,Fraud & Scams,rule,train,True,rules-v1 / tfidf-lr-v1
C0829,I am very uhappy with how this has been handled.,Account Access,,,Account Access,0.793,Account Access,model,train,True,rules-v1 / tfidf-lr-v1
C0830,The staff member was rude and dismissive when I called. I want this put right.,Customer Service,Customer Service,"rude, staff",Customer Service,0.917,Customer Service,rule,train,True,rules-v1 / tfidf-lr-v1
C0831,"Hello, My card was cloned and used abroad.",Fraud & Scams,Fraud & Scams,cloned,Fraud & Scams,0.971,Fraud & Scams,rule,train,True,rules-v1 / tfidf-lr-v1
C0832,"Frankly, I reported the unauthorised payment but you refused to reimburse me. Also, there is an unexpected charge on my statement of £25. Please sort this out.",Fraud & Scams,,,Fraud & Scams,0.804,Fraud & Scams,model,train,True,rules-v1 / tfidf-lr-v1
C0833,"I was misled about what the insurance actually included. Also, a person pretending to be from your bank phoned me and I gave them details.",Mis-selling,Mis-selling,"misled, insurance",Mis-selling,0.72,Mis-selling,rule,train,True,rules-v1 / tfidf-lr-v1
C0834,"I have been a customer for years. The closure of my old account has dragged on for months. Also, i asked for a callback and it never happened. Please sort this out.",Delays & Processing,,,Delays & Processing,0.692,Delays & Processing,model,train,True,rules-v1 / tfidf-lr-v1
C0835,"Hello, My card reader stopped working and I cannot approve payments. I am worried it might be fraud. Please escalate this.",Account Access,Fraud & Scams,fraud,Account Access,0.971,Fraud & Scams,rule,train,False,rules-v1 / tfidf-lr-v1
C0836,I have had enough of the way this has gone. This is not acceptable.,Account Access,,,Account Access,0.351,Needs review,human queue,train,False,rules-v1 / tfidf-lr-v1
C0837,"Frankly, The costs keep creeping up and my balance is lower than it should be. Please sort this out.",Fees & Charges,,,Fees & Charges,0.956,Fees & Charges,model,train,True,rules-v1 / tfidf-lr-v1
C0838,"The password reset keeps failing and I am locked out. Also, i was advised to take out cover that duplicates what I already had. I would like a response in writing.",Account Access,Account Access,"locked, password, reset",Mis-selling,0.503,Account Access,rule,test,True,rules-v1 / tfidf-lr-v1
C0839,The direct debit setup was delayed and I missed a bill because of it. This is not acceptable.,Delays & Processing,,,Delays & Processing,0.975,Delays & Processing,model,train,True,rules-v1 / tfidf-lr-v1
C0840,The password reset keeps failing and I am locked out. It has also been taking far too long. I expect compensation.,Account Access,Account Access,"locked, password, reset",Account Access,0.942,Account Access,rule,train,True,rules-v1 / tfidf-lr-v1
C0841,This is the second time I have raised this. I keep getting an error message when I sign in. Please escalate this.,Account Access,Account Access,sign in,Account Access,0.916,Account Access,rule,train,True,rules-v1 / tfidf-lr-v1
C0842,"The direct debit setup was delayed and I missed a bill because of it. Also, a fake text message led me to a website and my money disappeared. Please sort this out.",Delays & Processing,,,Delays & Processing,0.57,Needs review,human queue,train,False,rules-v1 / tfidf-lr-v1
C0843,I am writing to complain. I was advised to take out cover that duplicates what I already had.,Mis-selling,,,Mis-selling,0.953,Mis-selling,model,train,True,rules-v1 / tfidf-lr-v1
C0844,This is the second time I have raised this. I was hit with a penalty charge for a payment I made on time. It has also been taking far too long. I expect compensation.,Fees & Charges,Fees & Charges,"charge, penalty",Fees & Charges,0.908,Fees & Charges,rule,test,True,rules-v1 / tfidf-lr-v1
C0845,"Hello, I spent an hour on hold and then the call was cut off. I want this put right.",Customer Service,Customer Service,on hold,Customer Service,0.934,Customer Service,rule,test,True,rules-v1 / tfidf-lr-v1
C0846,"I am writing to complain. I was advised to take out cover that duplicates what I already had. Also, i asked for a callback and it never happened. Please sort this out.",Mis-selling,,,Mis-selling,0.737,Mis-selling,model,train,True,rules-v1 / tfidf-lr-v1
C0847,My application has been stuck for weeks with no progress. I could not log in to check either.,Delays & Processing,,,Delays & Processing,0.977,Delays & Processing,model,train,True,rules-v1 / tfidf-lr-v1
C0848,I have been a customer for years. I sent the form twice and it seems to have been lost in the system. Please sort this out.,Delays & Processing,,,Delays & Processing,0.976,Delays & Processing,model,train,True,rules-v1 / tfidf-lr-v1
C0849,A late payment fee appeared and I want it refunded. I do not think it was explained properly when I bought it. I want this put right.,Fees & Charges,,,Fees & Charges,0.944,Fees & Charges,model,train,True,rules-v1 / tfidf-lr-v1
C0850,"I reported the unauthorised payment but you refused to reimburse me. Also, you took an overdraft fee even though I was within my limit. I want this put right.",Fraud & Scams,,,Fraud & Scams,0.727,Fraud & Scams,model,train,True,rules-v1 / tfidf-lr-v1
C0851,"The staff member was rude and dismissive when I called. Also, the paperwork was submitted a month ago and I am still waiting. I expect compensation.",Customer Service,Customer Service,"rude, staff",Customer Service,0.697,Customer Service,rule,train,True,rules-v1 / tfidf-lr-v1
C0852,"There are transactions on my card I do not recognise. Also, the paperwork was submitted a month ago and I am still waiting.",Fraud & Scams,,,Delays & Processing,0.613,Delays & Processing,model,test,False,rules-v1 / tfidf-lr-v1
C0853,"Hello, My card was cloned and used abroad. I could not log in to check either. I would like a response in writing.",Fraud & Scams,,,Fraud & Scams,0.883,Fraud & Scams,model,train,True,rules-v1 / tfidf-lr-v1
C0854,I have had enough of the way this has gone. I would like a response in writing.,Delays & Processing,,,Mis-selling,0.289,Needs review,human queue,test,False,rules-v1 / tfidf-lr-v1
C0855,I have had enough of the way this has gone.,Fees & Charges,,,Fees & Charges,0.379,Needs review,human queue,train,False,rules-v1 / tfidf-lr-v1
C0856,"Frankly, My transfer has been pending fr over a week. I would like a response in writing.",Delays & Processing,,,Delays & Processing,0.903,Delays & Processing,model,train,True,rules-v1 / tfidf-lr-v1
C0857,"This is the second time I have raised this. A person pretending to be from your bank phoned me and I gave them details. Also, i feel I was treated badly because of my age.",Fraud & Scams,Customer Service,treated badly,Fraud & Scams,0.576,Customer Service,rule,test,False,rules-v1 / tfidf-lr-v1
C0858,There is an unexpected charge on my statement of £120. I would like a response in writing.,Fees & Charges,Fees & Charges,"charge, statement",Fees & Charges,0.949,Fees & Charges,rule,test,True,rules-v1 / tfidf-lr-v1
C0859,I am extremely disappointed and want this resolved.,Customer Service,,,Mis-selling,0.273,Needs review,human queue,test,False,rules-v1 / tfidf-lr-v1
C0860,"To whom it may concern, Nobody checked wether I could afford the credit agreement. I expect compensation.",Mis-selling,,,Mis-selling,0.921,Mis-selling,model,train,True,rules-v1 / tfidf-lr-v1
C0861,"To whom it may concern, My identity was stolen and a loan was taken out in my name.",Fraud & Scams,,,Fraud & Scams,0.965,Fraud & Scams,model,train,True,rules-v1 / tfidf-lr-v1
C0862,I am writing to complain. I was charged a monthly fee that nobody told me about. It has also been taking far too long. I expect compensation.,Fees & Charges,Fees & Charges,"fee, charged",Fees & Charges,0.928,Fees & Charges,rule,train,True,rules-v1 / tfidf-lr-v1
C0863,"Hello, A late payment fee appeared and I want it refunded.",Fees & Charges,,,Fees & Charges,0.979,Fees & Charges,model,train,True,rules-v1 / tfidf-lr-v1
C0864,"I am writing to complain. The app crashes every time I try to open my statements. Also, i was told this policy covered me but my claim was rejected. I would like a response in writing.",Account Access,Account Access,"app, crashes",Account Access,0.573,Account Access,rule,train,True,rules-v1 / tfidf-lr-v1
C0865,"To whom it may concern, The closure of my old account has dragged on for months. Please escalate this.",Delays & Processing,,,Delays & Processing,0.952,Delays & Processing,model,train,True,rules-v1 / tfidf-lr-v1
C0866,"To whom it may concern, My application has been stuck for weeks with no progress. Also, the app crashes every time I try to open my statements. Please sort this out.",Delays & Processing,,,Delays & Processing,0.677,Delays & Processing,model,train,True,rules-v1 / tfidf-lr-v1
C0867,Two factor codes are not being sent to my phone. I also spent ages on hold when I called about it.,Account Access,,,Account Access,0.931,Account Access,model,test,True,rules-v1 / tfidf-lr-v1
C0868,"Frankly, There is an unexpected charge on my statement of £120. I could not log in to check either. Please sort this out.",Fees & Charges,,,Fees & Charges,0.96,Fees & Charges,model,test,True,rules-v1 / tfidf-lr-v1
C0869,I was misled about what the insurance actually included. Please escalate this.,Mis-selling,Mis-selling,"misled, insurance",Mis-selling,0.987,Mis-selling,rule,train,True,rules-v1 / tfidf-lr-v1
C0870,"Two factor codes are not being sent to my phone. Also, the webchat agent ended the conversation without solving anything. I would like a response in writing.",Account Access,,,Account Access,0.738,Account Access,model,train,True,rules-v1 / tfidf-lr-v1
C0871,The pension transfer advice I received was poor and I have lost out. I lso spent ages on hold when I called about it. I expect compensation.,Mis-selling,,,Mis-selling,0.896,Mis-selling,model,train,True,rules-v1 / tfidf-lr-v1
C0872,This is the second time I have raised this. There are transactions on my card I do not recognise. I expect compensation.,Fraud & Scams,,,Fraud & Scams,0.926,Fraud & Scams,model,train,True,rules-v1 / tfidf-lr-v1
C0873,My card reader stopped working and I cannot approve payments. Please sort this out.,Account Access,,,Account Access,0.978,Account Access,model,train,True,rules-v1 / tfidf-lr-v1
C0874,I have been  customer for years. My account was frozen and I cannot get in to move money.,Account Access,,,Account Access,0.967,Account Access,model,train,True,rules-v1 / tfidf-lr-v1
C0875,Your advisor gave me different answers on two separate calls. I would like a response in writing.,Customer Service,,,Customer Service,0.96,Customer Service,model,test,True,rules-v1 / tfidf-lr-v1
C0876,"Frankly, The terms were very different from what I was promised at the time of sale. Also, the fraud team closed my case without investigating properly.",Mis-selling,Fraud & Scams,fraud,Mis-selling,0.799,Fraud & Scams,rule,train,False,rules-v1 / tfidf-lr-v1
C0877,"Frankly, I spent an hour on hold and then the call was cut off. I want this put right.",Customer Service,Customer Service,on hold,Customer Service,0.94,Customer Service,rule,train,True,rules-v1 / tfidf-lr-v1
C0878,"Frankly, Nobody has responded to my emails despite three reminders. Please escalate this.",Customer Service,,,Customer Service,0.975,Customer Service,model,train,True,rules-v1 / tfidf-lr-v1
C0879,"I am writing to complain. I sent the form twice and it seems to have been lost in the system. Also, the app crashes every time I try to open my statements. I expect compensation.",Delays & Processing,Account Access,"app, crashes",Delays & Processing,0.477,Account Access,rule,test,False,rules-v1 / tfidf-lr-v1
C0880,I am writing to complain. A person pretending to be from your bank phoned me and I gave them details. I want this put right.,Fraud & Scams,,,Fraud & Scams,0.958,Fraud & Scams,model,train,True,rules-v1 / tfidf-lr-v1
C0881,"I am writing to complain. I was misled about what the insurance actually included. Also, the password reset keeps failing and I am locked out. This is not acceptable.",Mis-selling,Account Access,"locked, password, reset",Mis-selling,0.659,Account Access,rule,train,False,rules-v1 / tfidf-lr-v1
C0882,"This is the second time I have raised this. Nobody checked whether I could afford the credit agreement. Also, the staff member was rude and dismissive when I called. Please sort this out.",Mis-selling,Customer Service,"rude, staff",Customer Service,0.603,Customer Service,rule,test,False,rules-v1 / tfidf-lr-v1
C0883,"Hello, The terms were very different from what I was promised at the time of sale. I want this put right.",Mis-selling,,,Mis-selling,0.969,Mis-selling,model,train,True,rules-v1 / tfidf-lr-v1
C0884,I have been a customer for years. My identity was stolen and a loan was taken out in my name. There was also a fee involved. I would like a response in writing.,Fraud & Scams,,,Fraud & Scams,0.838,Fraud & Scams,model,train,True,rules-v1 / tfidf-lr-v1
C0885,"To whom it may concern, I am unable to access my account to see my balance.",Account Access,,,Account Access,0.968,Account Access,model,train,True,rules-v1 / tfidf-lr-v1
C0886,Nobody has responded to my emails despite three reminders.,Customer Service,,,Customer Service,0.987,Customer Service,model,train,True,rules-v1 / tfidf-lr-v1
C0887,"Frankly, A late payment fee appeared and I want it refunded.",Fees & Charges,,,Fees & Charges,0.981,Fees & Charges,model,train,True,rules-v1 / tfidf-lr-v1
C0888,"To whom it may concern, I was told this policy covered me but my claim was rejected. I would like a response in writing.",Mis-selling,,,Mis-selling,0.957,Mis-selling,model,train,True,rules-v1 / tfidf-lr-v1
C0889,It has taken six weeks to process my claim and nobody has updated me. I want this put right.,Delays & Processing,,,Delays & Processing,0.965,Delays & Processing,model,test,True,rules-v1 / tfidf-lr-v1
C0890,This is the second time I have raised this. I am unable to access my account to see my balance. It has also been taking far too long. I expect compensation.,Account Access,,,Account Access,0.879,Account Access,model,test,True,rules-v1 / tfidf-lr-v1
C0891,This is the second time I have raised this. Nobody explained the foreign transaction charges before my holiday. Please sort this out.,Fees & Charges,,,Fees & Charges,0.948,Fees & Charges,model,train,True,rules-v1 / tfidf-lr-v1
C0892,"I was charged a monthly fee that nobody told me about. Also, my account was frozen and I cannot get in to move money.",Fees & Charges,Fees & Charges,"fee, charged",Fees & Charges,0.855,Fees & Charges,rule,test,True,rules-v1 / tfidf-lr-v1
C0893,I have been a customer for years. You promised the money within three working days and it is still outstanding. There was also a fee involved. I want this put right.,Delays & Processing,,,Delays & Processing,0.887,Delays & Processing,model,test,True,rules-v1 / tfidf-lr-v1
C0894,Nobody has responded to my emails despite three reminders. I do not think it was explained properly when I bought it. I expect compensation.,Customer Service,,,Customer Service,0.9,Customer Service,model,train,True,rules-v1 / tfidf-lr-v1
C0895,Nobody has responded to my emails despite three reminders. I expect compensation.,Customer Service,,,Customer Service,0.948,Customer Service,model,train,True,rules-v1 / tfidf-lr-v1
C0896,"Frankly, The salesperson pushed me into a plan I did not need. Please sort this out.",Mis-selling,,,Mis-selling,0.903,Mis-selling,model,train,True,rules-v1 / tfidf-lr-v1
C0897,The payment still has not arrived in my account. I expect compensation.,Delays & Processing,,,Delays & Processing,0.994,Delays & Processing,model,train,True,rules-v1 / tfidf-lr-v1
C0898,"This is the second time I have raised this. My identity was stolen and a loan was taken out in my name. Also, the brochure said guaranteed returns and my money has lost value.",Fraud & Scams,,,Fraud & Scams,0.612,Fraud & Scams,model,train,True,rules-v1 / tfidf-lr-v1
C0899,"Frankly, The payment still has not arrived in my account.",Delays & Processing,,,Delays & Processing,0.988,Delays & Processing,model,test,True,rules-v1 / tfidf-lr-v1
C0900,"Hello, I spent an hour on hold and then the call was cut off. Also, the account maintenance fee was taken twice this month.",Customer Service,,,Customer Service,0.705,Customer Service,model,train,True,rules-v1 / tfidf-lr-v1
