complaint_id,text,category
C0001,"I was told this policy overed me but my claim was rejected. Also, the complaints handler was unhelpful and talked over me. This is not acceptable.",Mis-selling
C0002,"Hello, I was told this policy covered me but my claim was rejected. I could not log in to check either.",Mis-selling
C0003,This is the second time I have raised this. The salesperson pushed me into a plan I did not need. I could not log in to check either. I would like a response in writing.,Mis-selling
C0004,I am writing to complain. It has taken six weeks to process my claim and nobody has updated me. Please sort this out.,Delays & Processing
C0005,My mortgage switch is taking far longer than you said it would. Please escalate this.,Delays & Processing
C0006,"Hello, The app crashes every time I try to open my statements. There was also a fee involved. I expect compensation.",Account Access
C0007,This is the second time I have raised this. The brochure said guaranteed returns and my money has lost value. I also spent ages on hold when I called about it. Please sort this out.,Mis-selling
C0008,This is the second time I have raised this. I asked for a callback and it never happened. I would like a response in writing.,Customer Service
C0009,"I am writing to complain. Why has my interest rate gone up without notice, it is costing me more every month.",Fees & Charges
C0010,"To whom it may concern, Someone has made payments from my account that I did not authorise. Also, the app crashes every time I try to open my statements. Please escalate this.",Fraud & Scams
C0011,"I was tricked into moving savings to a safe account that was not safe. Also, my account was frozen and I cannot get in to move money.",Fraud & Scams
C0012,I asked for a callback and it never happened.,Customer Service
C0013,A late payment fee appeared and I want it refunded. It has also been takig far too long. I want this put right.,Fees & Charges
C0014,"Frankly, The complaints handler was unhelpful and talked over me. I am worried it might be fraud. I want this put right.",Customer Service
C0015,"I am writing to complain. Nobody explained the foreign transaction charges before my holiday. Also, my account was frozen and I cannot get in to move money. I want this put right.",Fees & Charges
C0016,The adviser did not explain the risks of the investment.,Mis-selling
C0017,Two factor codes are not being sent to my phone. Please sort this out.,Account Access
C0018,I am writing to complain. A late payment fee appeared and I want it refunded.,Fees & Charges
C0019,"Frankly, The branch manager would not listen to my concerns. Please escalate this.",Customer Service
C0020,I am writing to complain. The payment still has not arrived in my account. Please escalate this.,Delays & Processing
C0021,"Hello, My application has been stuck for weeks with no progress.",Delays & Processing
C0022,I am extremely disappointed and want this resolved. I expect compensation.,Fraud & Scams
C0023,"Frankly, I sent the form twice and it seems to have been lost in the system.",Delays & Processing
C0024,The salesperson pushed me into a plan I did not need. I expect compensation.,Mis-selling
C0025,I have been a customer for years. A fake text message led me to a website and my money disappeared. I expect compensation.,Fraud & Scams
C0026,There is an unexpected charge on my statement of £120. I would like a response in writing.,Fees & Charges
C0027,"The terms were very different from what I was promised at the time of sale. Also, there is an unexpected charge on my statement of £25. Please escalate this.",Mis-selling
C0028,"Hello, It has taken six weeks to process my claim and nobody has updated me. Also, i spent an hour on hold and then the call was cut off.",Delays & Processing
C0029,"Frankly, The app crashes every time I try to open my statements. Also, the payment still has not arrived in my account.",Account Access
C0030,"My identity was stolen and a loan was taken out in my name. Also, my transfer has been pending for over a week. Please sort this out.",Fraud & Scams
C0031,I am very unhappy with how this has been handled. I want this put right.,Fees & Charges
C0032,"Hello, The webchat agent ended the conversation without solving anything. Please escalate this.",Customer Service
C0033,The adviser did not explain the risks of the investment. This is not acceptable.,Mis-selling
C0034,"Frankly, A late payment fee appeared and I want it refunded. I would like a response in writing.",Fees & Charges
C0035,The closure of my old account has draggd on for months.,Delays & Processing
C0036,"I have been a customer for years. The webchat agent ended the conversation without solving anything. Also, why has my interest rate gone up without notice, it is costing me more every month. Please sort this out.",Customer Service
C0037,This has caused me a lot of stress and I want answers. I would like a response in writing.,Fraud & Scams
C0038,"My card reader stopped working and I cannot approve payments. Also, the pension transfer advice I received was poor and I have lost out.",Account Access
C0039,"I am writing to complain. I spent an hour on hold and then the call was cut off. Also, nobody explained the foreign transaction charges before my holiday. Please escalate this.",Customer Service
C0040,"Frankly, The webchat agent ended the conversation without soving anything. Please sort this out.",Customer Service
C0041,I have been a customer for years. My transfer has been pending for over a week. This is not acceptable.,Delays & Processing
C0042,I am writing to complain. Your advisor gave me different answers on two separate calls. This is not acceptable.,Customer Service
C0043,"Frankly, I was told this policy covered me but my claim was rejected. I could not log in to check either. I would like a response in writing.",Mis-selling
C0044,"Hello, A late payment fee appeared and I want it refunded. Please sort this out.",Fees & Charges
C0045,I am writing to complain. The fraud team closed my case without investigating properly.,Fraud & Scams
C0046,"This is the second time I have raised this. I was hit with a penalty charge for a payment I made on time. Also, you promised the money within three working days and it is still outstanding. Please escalate this.",Fees & Charges
C0047,"Frankly, The complaints handler was unhelpful and talked over me. There was also a fee involved.",Customer Service
C0048,I am very unhappy with how this has been handled. I expect compensation.,Account Access
C0049,"Hello, My account was frozen and I cannot get in to move money. Also, the paperwork was submitted a month ago and I am still waiting.",Account Access
C0050,I have been a customer for years. The app crashes every time I try to open my statements. This is not acceptable.,Account Access
C0051,"Hello, Nobody explained the foreign transaction charges before my holiday. Also, the salesperson pushed me into a plan I did not need.",Fees & Charges
C0052,"Hello, It has taken six weeks to process my claim and nobody has updated me. I also spent ages on hold when I called about it. I would like a response in writing.",Delays & Processing
C0053,"Frankly, You promised the money within three working days and it is still outstanding. I want this put right.",Delays & Processing
C0054,"I am writing to complain. The brochure said guaanteed returns and my money has lost value. Also, my identity was stolen and a loan was taken out in my name.",Mis-selling
C0055,"Hello, I was tricked into moving savings to a safe account that was not safe. I expect compensation.",Fraud & Scams
C0056,"You promised the money within three working days and it is still outstanding. Also, the staff member was rude and dismissive when I called.",Delays & Processing
C0057,"The pension transfer advice I received was poor and I have lost out. Also, i cannot log in to the mobile app since the update. I expect compensation.",Mis-selling
C0058,"Why has my interest rate gone up without notice, it is costing me more every month. I want this put right.",Fees & Charges
C0059,"Frankly, The account maintenance fee was taken twice this month. It has also been taking far too long.",Fees & Charges
C0060,I feel I was treated badly because of my age.,Customer Service
C0061,"I have been a customer for years. I asked for a callback and it never happened. Also, you promised the money within three working days and it is still outstanding.",Customer Service
C0062,"To whom it may concern, Why has my interest rate gone up without notice, it is costing me more every month. Please escalate this.",Fees & Charges
C0063,"To whom it may concern, The account maintenance fee was taken twice this month. Also, the paperwork was submitted a month ago and I am still waiting. Please escalate this.",Fees & Charges
C0064,The website will not let me register for online access.,Account Access
C0065,"Hello, The password reset keeps failing and I am locked out. There was also a fee involved.",Account Access
C0066,"The password reset keeps failing and I am locked out. Also, i was advised to take out cover that duplicates what I already had. I expect compensation.",Account Access
C0067,A person pretending to be from your bank phoned me and I gave them details.,Fraud & Scams
C0068,"I am writing to complain. I was tricked into moving savings to a safe account that was not safe. Also, the complaints handler was unhelpful and talked over me. I expect compensation.",Fraud & Scams
C0069,I was misled about what the insurance actually included. I expect compensation.,Mis-selling
C0070,There are transactions on my card I do not recognise. I want this put right.,Fraud & Scams
C0071,"To whom it may concern, Nobody explained the foreign transaction charges before my holiday. Also, i reported the unauthorised payment but you refused to reimburse me. I expect compensation.",Fees & Charges
C0072,I feel I was treated badly becaus of my age. I would like a response in writing.,Customer Service
C0073,This is the second time I have raised this. I was sold a product that was not suitable for my circumstances. This is not acceptable.,Mis-selling
C0074,I was sold a product that was not suitable for my circumstances. It has also been taking far too long. I would like a response in writing.,Mis-selling
C0075,The pension transfer advice I received was poor and I have lost out.,Mis-selling
C0076,"Hello, I am unable to access my account to see my balance. Please sort this out.",Account Access
C0077,I am writing to complain. My online banking is locked and the reset link never arrives. Please sort this out.,Account Access
C0078,I have been a customer for years. My application has been stuck for weeks with no progress. This is not acceptable.,Delays & Processing
C0079,"I have been a customer for years. I was misled about what the insurance actually included. Also, the payment still has not arrived in my account. Please sort this out.",Mis-selling
C0080,Nobody has responded to my emails despite three reminders. Please sort this out.,Customer Service
C0081,"Frankly, Why has my interest rate gone up without notice, it is costing me more every month. It has also been taking far too long. I expect compensation.",Fees & Charges
C0082,"To whom it may concern, The fraud team closed my case without investigating properly. I do not think it was explained properly when I bought it.",Fraud & Scams
C0083,I am extremely disappointed and want this resolved. I would like a response in writing.,Account Access
C0084,I am writing to complain. The paperwork was submitted a month ago and I am still waiting. I expect compensation.,Delays & Processing
C0085,"I have been a customer for years. The password reset keeps failing and I am locked out. Also, your advisor gave me different answers on two separate calls. I expect compensation.",Account Access
C0086,"The branch manager would not listen to my concerns. Also, my identity was stolen and a loan was taken out in my name.",Customer Service
C0087,The app crashes every time I try to open my statements.,Account Access
C0088,I have been a customer for years. I was misled about what the insurance actually included. Please sort this out.,Mis-selling
C0089,My online banking is locked and the reset link never arrives.,Account Access
C0090,Someone has made payments from my account that I did not authorise. Please sort this out.,Fraud & Scams
C0091,This is the second time I have raised this. I keep getting an error message when I sign in.,Account Access
C0092,"This is the second time I have raised this. I keep getting an error message when I sign in. Also, the paperwork was submitted a month ago and I am still waiting. Please escalate this.",Account Access
C0093,"Hello, A late payment fee appeared and I want it refunded.",Fees & Charges
C0094,"To whom it may concern, The costs keep creeping up and my balance is lower than it should be. Also, i was misled about what the insurance actually included. Please sort this out.",Fees & Charges
C0095,"I have been a customer for years. I keep getting an error message when I sign in. Also, i was misled about what the insurance actually included. I would like a response in writing.",Account Access
C0096,My mortgage switch is taking far longer than you said it would. Please sort this out.,Delays & Processing
C0097,"Frankly, There are transactions on my card I do not recognise. I also spent ages on hold when I called about it.",Fraud & Scams
C0098,"To whom it may concern, The app crashes every time I try to open my statements. Also, you promised the money within three working days and it is still outstanding. Please escalate this.",Account Access
C0099,I have been a customer for years. A person pretending to be from your bank phoned me and I gave them details.,Fraud & Scams
C0100,"Hello, The salesperson pushed me into a plan I did not need. It has also been taking far too long. I would like a response in writing.",Mis-selling
C0101,I was passed between four departmens and no one took ownership.,Customer Service
C0102,"Frankly, A late payment fee appeared and I want it refunded. Also, the staff member was rude and dismissive when I called.",Fees & Charges
C0103,Nobody explained the foreign transaction charges before my holiday. I could not log in to check either. This is not acceptable.,Fees & Charges
C0104,The password reset keeps failing and I am locked out. There was also a fee involved.,Account Access
C0105,I have been a customer for years. The fraud team closed my case without investigating properly. I would like a response in writing.,Fraud & Scams
C0106,I am writing to complain. The costs keep creeping up and my balance is lower than it should be.,Fees & Charges
C0107,The webchat agent ended the conversation without solving anything.,Customer Service
C0108,"Frankly, Nobody checked whether I could afford the credit agreement.",Mis-selling
C0109,"Hello, My mortgage switch is taking far longer than you said it would. Also, two factor codes are not being sent to my phone.",Delays & Processing
C0110,"Frankly, A fake text message led me to a website and my money disappeared. I expect compensation.",Fraud & Scams
C0111,I reported the unauthorised payment but you refused to reimburse me. I expect compensation.,Fraud & Scams
C0112,I am writing to complain. My card reader stopped working and I cannot approve payments.,Account Access
C0113,"Frankly, The terms were very different from what I was promised at the time of sale. Also, a fake text message led me to a website and my money disappeared. I want this put right.",Mis-selling
C0114,I am unable to access my account to see my balance. This is not acceptable.,Account Access
C0115,This is the second time I have raised this. The closure of my old account has dragged on for months. I could not log in to check either. I would like a response in writing.,Delays & Processing
C0116,"Frankly, Two factor codes are not being sent to my phone. Also, there are transactions on my card I do not recognise.",Account Access
C0117,I have been a customer for years. I have been billed an annual fee I never agreed to. I expect compensation.,Fees & Charges
C0118,This is the second time I have raised this. I asked for a callback and it never happened. I would like a response in writing.,Customer Service
C0119,This is the second time I have raised this. The ebchat agent ended the conversation without solving anything.,Customer Service
C0120,I have been a customer for years. I was told this policy covered me but my claim was rejected. I also spent ages on hold when I called about it. Please escalate this.,Mis-selling
C0121,"To whom it may concern, Nobody explained the foreign transaction charges before my holiday. Also, the direct debit setup was delayed and I missed a bill because of it. I want this put right.",Fees & Charges
C0122,I am writing to complain. I spent an hour on hold and then the call was cut off. I do not think it was explained properly when I bought it. Please sort this out.,Customer Service
C0123,I have been a customer for years. The direct debit setup was delayed and I missed a bill because of it.,Delays & Processing
C0124,The closure of my old account has dragged on for months. There was also a fee involved. I expect compensation.,Delays & Processing
C0125,"I am writing to complain. There are transactions on my card I do not recognise. Also, my mortgage switch is taking far longer than you said it would.",Fraud & Scams
C0126,There is an unexpected charge on my statement of £25. I could not log in to check either.,Fees & Charges
C0127,I am writing to complain. It has taken six weeks to process my claim and nobody has updated me. I could not log in to check either. Please escalate this.,Delays & Processing
C0128,"The adviser did not explain the risks of the investment. Also, a fake text message led me to a website and my money disappeared. I would like a response in writing.",Mis-selling
C0129,Please look into what happened on my account. I expect compensation.,Delays & Processing
C0130,This is the second time I have raised this. I was tricked into moving savings to a safe account that was not safe. Please sort this out.,Fraud & Scams
C0131,I have been a customer for years. The direct debit setup was delayed and I missed a bill because of it. Please escalate this.,Delays & Processing
C0132,I was passed between for departments and no one took ownership. I could not log in to check either. Please sort this out.,Customer Service
C0133,My card reader stopped working and I cannot approve payments. This is not acceptable.,Account Access
C0134,"Frankly, The pension transfer advice I received was poor and I have lost out. I want this put right.",Mis-selling
C0135,"Hello, I was tricked into moving savings to a safe account that was not safe.",Fraud & Scams
C0136,I am writing to complain. I was hit with a penalty charge for a payment I made on time. This is not acceptable.,Fees & Charges
C0137,I think I was the victim f a scam and sent money to a fraudster. I expect compensation.,Fraud & Scams
C0138,This is the second time I have raised this. The fraud team closed my case without investigating properly. I do not think it was explained properly when I bought it. Please sort this out.,Fraud & Scams
C0139,"I am writing to complain. The brochure said guaranteed returns and my money has lost value. Also, why has my interest rate gone up without notice, it is costing me more every month. I would like a response in writing.",Mis-selling
C0140,"To whom it may concern, I feel I was treated badly because of my age. Also, my mortgage switch is taking far longer than you said it would.",Customer Service
C0141,"The salesperson pushed me into a plan I did not need. Also, the paperwork was submitted a month ago and I am still waiting. I expect compensation.",Mis-selling
C0142,There is an unexpected charge on my statement of £60. This is not acceptable.,Fees & Charges
C0143,Your advisor gave me different answers on two separate calls.,Customer Service
C0144,I spent an hour on hold and then the call was cut off. This is not acceptable.,Customer Service
C0145,"Hello, The app crashes every time I try to open my statements. It has also been taking far too long. I expect compensation.",Account Access
C0146,"To whom it ay concern, I was charged a monthly fee that nobody told me about. I would like a response in writing.",Fees & Charges
C0147,I have been a customer for years. It has taken six weeks to process my claim and nobody has updated me.,Delays & Processing
C0148,I have been a customer for years. Nobody checked whether I could afford the credit agreement.,Mis-selling
C0149,My account was frozen and I cannot get in to move money. There was also a fee involved. I want this put right.,Account Access
C0150,I was misled about what the insurance actually included.,Mis-selling
C0151,I am writing to complain. I was hit with a penalty charge for a payment I made on time. I am worried it might be fraud. I want this put right.,Fees & Charges
C0152,"Hello, I feel I was treated badly because of my age.",Customer Service
C0153,"Hello, My card reader stopped working and I cannot approve payments. This is not acceptable.",Account Access
C0154,"To whom it may concern, My account was frozen and I cannot get in to move money. I am worried it might be fraud. I would like a response in writing.",Account Access
C0155,The closure of my old account has dragged on for months. I also spent ages on hold when I called about it. I expect compensation.,Delays & Processing
C0156,"My card was cloned and used abroad. Also, the closure of my old account has dragged on for months. I want this put right.",Fraud & Scams
C0157,The app crashes every time I try to open my statements. There was also a fee involved. I want this put right.,Account Access
C0158,This has caused me a lot of stress and I want answers. I want this put right.,Fees & Charges
C0159,I have been a customer for years. The webchat agent ended the conversation without solving anything. I do not think it was explained properly when I bought it. I would like a response in writing.,Customer Service
C0160,Please look into what happened on my account. Please escalate this.,Account Access
C0161,I spent an hour on hold and then the call was cut off. This is not acceptable.,Customer Service
C0162,I keep getting an error message when I sign in. I also spent ages on hold when I called about it. I expect compensation.,Account Access
C0163,You promised the money within three working days and it is still outstanding.,Delays & Processing
C0164,Please look into what happened on my account. I would like a response in writing.,Mis-selling
C0165,"I have been a customer for years. The webchat agent ended the conversation without solving anything. Also, i have been billed an annual fee I never agreed to. I expect compensation.",Customer Service
C0166,I am writing to complain. I was tricked into moving savings to a safe account that was not safe. It has also been taking far too long.,Fraud & Scams
C0167,"To whom it may concern, Someone has made payments from my account that I did not authorise. Also, the salesperson pushed me into a plan I did not need.",Fraud & Scams
C0168,"Hello, My card was cloned and used abroad. I want this put right.",Fraud & Scams
C0169,This is the second time I have raised this. The paperwork was submitted a month ago and I am still waiting. I expect compensation.,Delays & Processing
C0170,"Frankly, I was hit with a penalty charge for a payment I made on time. Also, the website will not let me register for online access. I want this put right.",Fees & Charges
C0171,"Frankly, I cannot log in to the mobile app since the update. Also, a fake text message led me to a website and my money disappeared. Please escalate this.",Account Access
C0172,I was told this policy covered me but my claim was rejected. I expect compensation.,Mis-selling
C0173,"To whom it may concern, My mortgage switch is taking far longer than you said it would. Also, i was misled about what the insurance actually included.",Delays & Processing
C0174,I am extremely disappointed and want this resolved. Please escalate this.,Customer Service
C0175,I am writing to complain. Nobody explained the foreign transaction charges before my holiday. Please sort this out.,Fees & Charges
C0176,"Frankly, There are transactions on my card I do not recognise. I want this put right.",Fraud & Scams
C0177,The app crashes every time I try to open my statements. It has also been taking far too long. Please escalate this.,Account Access
C0178,"I was told this policy covered me but y claim was rejected. Also, my account was frozen and I cannot get in to move money.",Mis-selling
C0179,Please look into what happened on my account. I would like a response in writing.,Mis-selling
C0180,"My card reader stopped working and I cannot approve payments. Also, the adviser did not explain the risks of the investment. I expect compensation.",Account Access
C0181,I keep getting an error message when I sign in.,Account Access
C0182,I have been a customer for years. I have ben billed an annual fee I never agreed to. I want this put right.,Fees & Charges
C0183,Someone has made payment from my account that I did not authorise. Please sort this out.,Fraud & Scams
C0184,I am writing to complain. I cannot log in to the mobile app since the update. There was also a fee involved.,Account Access
C0185,"The website will not let me register for online access. Also, the direct debit setup was delayed and I missed a bill because of it.",Account Access
C0186,"The costs keep creeping up and my balance is lower than it should be. Also, the staff member was rude and dismissive when I called.",Fees & Charges
C0187,"To whom it may concern, The salesperson pushed me into a plan I did not need. Also, i was charged a monthly fee that nobody told me about. I expect compensation.",Mis-selling
C0188,I am writing to complain. Nobody explained the foreign transaction charges before my holiday. Please sort this out.,Fees & Charges
C0189,"Hello, A late payment fee appeared and I want it refunded.",Fees & Charges
C0190,"Frankly, My account was rozen and I cannot get in to move money. I am worried it might be fraud. This is not acceptable.",Account Access
C0191,I was told this policy covered me but my claim was rejected. I expect compensation.,Mis-selling
C0192,"Hello, A late payment fee appeared and I want it refunded.",Fees & Charges
C0193,"Frankly, I was advised to take out cover that duplicates what I already had. I would like a response in writing.",Mis-selling
C0194,"Hello, My application has been stuck for weeks with no progress.",Delays & Processing
C0195,"I am writing to complain. The staff member was rude and dismissive when I called. Also, the brochure said guaranteed returns and my money has lost value.",Customer Service
C0196,"This is the second time I have raised this. The staff member was rude and dismissive when I called. Also, my card reader stopped working and I cannot approve payments.",Customer Service
C0197,I am writing to complain. My mortgage switch is taking far longer than you said it would. Please escalate this.,Delays & Processing
C0198,"To whom it may concern, The branch manager would not listen to my concerns. Also, a fake text message led me to a website and my money disappeared. I expect compensation.",Customer Service
C0199,"To whom it may concern, Someone has made payments from my account that I did not authorise. Also, the complaints handler was unhelpful and talked over me.",Fraud & Scams
C0200,I am writing to complain. The complaints handler was unhelpful and talked over me. It has also been taking far too long. Please escalate this.,Customer Service
C0201,I was misled about what the insurance actually included. I exect compensation.,Mis-selling
C0202,"A person pretending to be from your bank phoned me and I gave them details. Also, i asked for a callback and it never happened.",Fraud & Scams
C0203,"To whom it may concern, The website will not let me register for online access. I would like a response in writing.",Account Access
C0204,This has caused me a lot of stress and I want answers.,Account Access
C0205,This is the second time I have raised this. The password reset keeps failing and I am locked out. I do not think it was explained properly when I bought it. I expect compensation.,Account Access
C0206,"This is the second time I have raised this. Nobody checked whether I could afford the credit agreement. Also, a fake text message led me to a website and my money disappeared. Tis is not acceptable.",Mis-selling
C0207,"Hello, Your advisor gave me different answers on two separate calls. I could not log in to check either.",Customer Service
C0208,"To whom it may concern, Two factor codes are not being sent to my phone. There was also a fee involved. I would like a response in writing.",Account Access
C0209,This is the second time I have raised this. Someone has made payments from my account that I did not authorise.,Fraud & Scams
C0210,My application has been stuck for weeks with no progress. I am worried it might be fraud.,Delays & Processing
C0211,I think I was the victim of a scam and sent money to a fraudster. I do not think it was explained properly when I bought it. This is not acceptable.,Fraud & Scams
C0212,Please look into what happened on my account.,Fees & Charges
C0213,"Hello, Why has my interest rate gone up without notice, it is costing me more every month. I could not log in to check either. I would like a response in writing.",Fees & Charges
C0214,"The complaints handler was unhelpful and talked over me. Also, someone has made payments from my account that I did not authorise.",Customer Service
C0215,"To whom it may concern, The app crashes every time I try to open my statements.",Account Access
C0216,The adviser did not explain the risks of the investment. Please escalate this.,Mis-selling
C0217,"Frankly, My card reader stopped working and I cannot approve payments. I want this put right.",Account Access
C0218,"Hello, I asked for a callback and it never happened. I want this put right.",Customer Service
C0219,I am writing to complain. My online banking is locked and the reset link never arrives. I also spent ages on hold when I called about it. I want this put right.,Account Access
C0220,I have been a customer for years. My account was frozen and I cannot get in to move money. I expect compensation.,Account Access
C0221,"Frankly, The pension transfer advice I received was poor and I have lost out. Also, i cannot log in to the mobile app since the update. This is not acceptable.",Mis-selling
C0222,I was hit with a penalty charge for a payment I made on time. It has also been taking far too long. Please escalate this.,Fees & Charges
C0223,"I am writing to complain. The pension transfer advice I received was poor and I have lost out. Also, i was hit with a penalty charge for a payment I made on time. Please sort this out.",Mis-selling
C0224,"To whom it may concern, My application has been stuck for weeks with no progress. I am worried it might be fraud. I expect compensation.",Delays & Processing
C0225,"Frankly, It has taken six weeks to process my claim and nobody has updated me.",Delays & Processing
C0226,"To whom it may concern, A late payment fee appeared and I want it refunded. It has also been taking far too long. This is not acceptable.",Fees & Charges
C0227,This is the second time I have raised this. My mortgage switch is taking far longer than you said it would. I also spent ages on hold when I called about it. This is not acceptable.,Delays & Processing
C0228,"Frankly, The pension transfer advice I received was poor and I have lost out. There was also a fee involved. I want this put right.",Mis-selling
C0229,You promised the money within three working days and it is still outstanding. Please sort this out.,Delays & Processing
C0230,The staff member was rude and dismissive when I called. This is not acceptable.,Customer Service
C0231,"The website will not let me register for online access. Also, i feel I was treated badly because of my age. Please sort this out.",Account Access
C0232,"Frankly, The paperwork was submitted a month ago and I am still waiting.",Delays & Processing
C0233,The account maintenance fee was taken twice this month. I expect compensation.,Fees & Charges
C0234,I reported the unauthorised payment but you refused to reimburse me. I could not log in to check either.,Fraud & Scams
C0235,My card reader stopped working and I cannot approve payments.,Account Access
C0236,This is the second time I have raised this. A late payment fee appeared and I want it refunded. I could not log in to check either. Please sort this out.,Fees & Charges
C0237,I have had enough of the way this has gone. I would like a response in writing.,Mis-selling
C0238,I sent the form twice and it seems to have been lost in the system. I want this put right.,Delays & Processing
C0239,"This is the second time I have raised this. I sent the form twice and it seems to have been lost in the system. Also, i was tricked into moving savings to a safe account that was not safe.",Delays & Processing
C0240,The fraud team closed my case without investigating properly. There was also a fee involved.,Fraud & Scams
C0241,"Frankly, My application has been stuck for weeks with no progress. There was also a fee involved. I want this put right.",Delays & Processing
C0242,I have been a customer for years. The paperwork was submitted a month ago and I am still waiting. I would like a response in writing.,Delays & Processing
C0243,"Hello, The salesperson pushed me into a plan I did not need.",Mis-selling
C0244,"To whom it may concern, A late payment fee appeared and I want it refunded. I would like a response in writing.",Fees & Charges
C0245,I have been a customer for years. The app crashes every time I try to open my statements. I expect compensation.,Account Access
C0246,"Hello, I feel I was treated badly because of my age. Please sort this out.",Customer Service
C0247,My mortgage switch is taking far longer than you said it would.,Delays & Processing
C0248,"This is the second time I have raised this. The branch manager would not listen to my concerns. Also, nobody explained the foreign transaction charges before my holiday.",Customer Service
C0249,This is the second time I have raised this. My card was cloned and used abroad. I could not log in to check ither. Please sort this out.,Fraud & Scams
C0250,I have been a customer for years. The account maintenance fee was taken twice this month. Please sort this out.,Fees & Charges
C0251,"Frankly, A fake text message led me to a website and my money disappeared.",Fraud & Scams
C0252,The payment still has not arrived in my account. I expect compensation.,Delays & Processing
C0253,"To whom it may concern, The branch manager would not listen to my concerns. I would like a response in writing.",Customer Service
C0254,"To whom it may concern, A late payment fee appeared and I want it refunded. I expect compensation.",Fees & Charges
C0255,"The terms were very different from what I was promised at the time of sale. Also, the webchat agent ended the conversation without solving anything. Please escalate this.",Mis-selling
C0256,My transfer has been pending for over a week. I could not log in to check either.,Delays & Processing
C0257,I am writing to complain. My identity was stolen and a loan was taken out in my name. I also spent ages on hold when I called about it. This is not acceptable.,Fraud & Scams
C0258,It has taken six weeks to process my claim and nobody has updated me. I would like a response in writing.,Delays & Processing
C0259,"Frankly, There are transactions on my card I do not recognise.",Fraud & Scams
C0260,"I am writing to complain. The staff member was rude and dismissive when I called. Also, my card reader stopped working and I cannot approve payments.",Customer Service
C0261,I am writing to complain. A fake text message led me to a website and my money disappeared.,Fraud & Scams
C0262,I have been a customer for years. I asked for a callback and it never happened. It has also been taking far too long. I want this put right.,Customer Service
C0263,"Hello, My account was frozen and I cannot get in to move money. Please escalate this.",Account Access
C0264,This is the second time I hve raised this. The password reset keeps failing and I am locked out.,Account Access
C0265,This is the second time I have raised this. You promised the money within three workin days and it is still outstanding.,Delays & Processing
C0266,"This is the second time I have raised this. I was tricked into moving savings to a safe account that was not safe. Also, i spent an hour on hold and then the call was cut off. Please escalate this.",Fraud & Scams
C0267,I am writing to complain. I think I was the victim of a scam and sent money to a fraudster. I want this put right.,Fraud & Scams
C0268,This is the second time I have raised this. I spent an hour on hold and then the call was cut off. This is not acceptable.,Customer Service
C0269,I have been a customer for years. I was tricked into moving savings to a safe account that was not safe. This is not acceptable.,Fraud & Scams
C0270,"Frankly, Two factor codes are not being sent to my phone.",Account Access
C0271,"To whom it may concern, My identity was stolen and a loan was taken out in my name. Also, my transfer has been pending for over a week. I want this put right.",Fraud & Scams
C0272,"I have been a customer for years. There are transactions on my card I do not recognise. Also, the app crashes every time I try to open my statements.",Fraud & Scams
C0273,I am writing to complain. I feel I was treated badly because of my age. Please sort this out.,Customer Service
C0274,I am unable to access my account to see my balance. I do not think it was explained properly when I bought it.,Account Access
C0275,I have had enough of the way this has gone.,Account Access
C0276,I am unable to access my account to see my balance.,Account Access
C0277,I am extremely disappointed and want this resolved. I want this put right.,Mis-selling
C0278,"Frankly, I reported the unauthorised payment but you refused to reimburse me.",Fraud & Scams
C0279,This is the second time I have raised this. I think I was the victim of a scam and sent money to a fraudster.,Fraud & Scams
C0280,I was told this policy covered me but my claim was rejected. This is not acceptable.,Mis-selling
C0281,"Frankly, The brochure said guaranteed returns and my money has lost value. Also, the app crashes every time I try to open my statements. Please sort this out.",Mis-selling
C0282,I am writing to complain. I am unable to access my account to see my balance.,Account Access
C0283,"I am writing to complain. You promised the money within three working days and it is still outstanding. Also, the terms were very different from what I was promised at the time of sale. I would like a response in writing.",Delays & Processing
C0284,"Hello, There is an unexpected charge on my statement of £48.",Fees & Charges
C0285,I was tricked into moving savings to a safe account that was not safe. Please sort this out.,Fraud & Scams
C0286,This is the second time I have raised this. The adviser did not explain the risks of the investment. Please sort this out.,Mis-selling
C0287,"I have been a customer for years. My online banking is locked and the reset link never arrives. Also, the costs keep creeping up and my balance is lower than it should be. This is not acceptable.",Account Access
C0288,"To whom it may concern, Nobody has responded to my emails despite three reminders. Also, my card was cloned and used abroad. I would like a response in writing.",Customer Service
C0289,This is the secnd time I have raised this. It has taken six weeks to process my claim and nobody has updated me. I expect compensation.,Delays & Processing
C0290,The direct debit setup was delayed and I missed a bill because of it. This is not acceptable.,Delays & Processing
C0291,I am writing to complain. I was advised to take out cover that duplicates what I already had. I would like a response in writing.,Mis-selling
C0292,This is the second time I have raised this. Your advisor gave me different answers on two separate calls. I could not log in to check either. Please sort this out.,Customer Service
C0293,This is the second time I have raised this. I have been billed an annual fee I never agreed to. Please sort this out.,Fees & Charges
C0294,"Frankly, I was told this policy covered me but my claim was rejected. It has also been taking far too long. I would like a response in writing.",Mis-selling
C0295,"Hello, I cannot log in to the mobile app since the update. I am worried it might be fraud. I expect compensation.",Account Access
C0296,I am writing to complain. A person pretending to be from your bank phoned me and I gave them details. This is not acceptable.,Fraud & Scams
C0297,"Frankly, My identity was stolen and a loan was taken out in my name. I do not think it was explained properly when I bought it.",Fraud & Scams
C0298,"To whom it may concern, The complaints handler was unhelpful and talked over me. Please sort this out.",Customer Service
C0299,"To whom it may concern, I was passed between four departments and no one took ownership. Please sort this out.",Customer Service
C0300,This is the second time I have raised this. A fake text message led me to a website and my money disappeared. I want this put right.,Fraud & Scams
C0301,The paperwork was submitted a month ago and I am still waiting. I want this put right.,Delays & Processing
C0302,Your advisor gave me different answers on two separate calls. Please escalate this.,Customer Service
C0303,"This is the second time I have raised this. The paperwork was submitted a month ago and I am still waiting. Also, nobody checked whether I could afford the credit agreement. Please escalate this.",Delays & Processing
C0304,"Frankly, The pension transfer advice I received was poor and I have lost out. I would like a response in writing.",Mis-selling
C0305,"I am writing to complain. The complaints hanler was unhelpful and talked over me. Also, the fraud team closed my case without investigating properly.",Customer Service
C0306,I was charged a monthly fee that nobody told me about. I would like a response in writing.,Fees & Charges
C0307,Please look into what happened on my account. I expect comensation.,Delays & Processing
C0308,"Frankly, The ayment still has not arrived in my account. I could not log in to check either. I expect compensation.",Delays & Processing
C0309,This is the second time I have raised this. My card reader stopped working and I cannot approve payments.,Account Access
C0310,The pension transfer advice I received was poor and I have lost out. I want this put right.,Mis-selling
C0311,I am writing to complain. You took an overdraft fee even though I was within my limit. I do not think it was explained properly when I bought it. This is not acceptable.,Fees & Charges
C0312,The webchat agent ended the conversation without solving anything. Please sort this out.,Customer Service
C0313,This is the second time I have raised this. Nobody explained the foreign transaction charges before my holiday. I would like a response in writing.,Fees & Charges
C0314,"To whom it may concern, You took an overdraft fee even though I was within my limit. I expect compensation.",Fees & Charges
C0315,This is the second time I have raised this. The fraud team closed my case without investigating properly. This is not acceptable.,Fraud & Scams
C0316,I am writing to complain. I was advised to take out cover that duplicates what I already had.,Mis-selling
C0317,The complaints handler was unhelpful and talked over me. I expect compensation.,Customer Service
C0318,My application has been stuck for weeks with no progress. I also spent ages on hold when I called about it. Please sort this out.,Delays & Processing
C0319,"Frankly, I was sold a product that was not suitable for my circumstances. It has also been taking far too long. I want this put right.",Mis-selling
C0320,I think I was the victim of a scam and sent money to a fraudster. This is not acceptable.,Fraud & Scams
C0321,"To whom it may concern, The pension transfer advice I received was poor and I have lost out. I could not log in to check either. Please escalate this.",Mis-selling
C0322,This is the second time I have raised this. I feel I was treated badly because of my age. I would like a response in writing.,Customer Service
C0323,"I was advised to take out cover that duplicates what I already had. Also, my account was frozen and I cannot get in to move money. I would like a response in writing.",Mis-selling
C0324,"Frankly, The fraud team closed my case without investigating properly. I expect compensation.",Fraud & Scams
C0325,I have been a customer for years. I was advised to take out cover that duplicates what I already had. Please escalate this.,Mis-selling
C0326,"Frankly, My identity was stolen and a loan was taken out in my name. There was also a fee involved.",Fraud & Scams
C0327,"I am writing to complain. The direct debit setup was delayed and I missed a bill because of it. Also, i was hit with a penalty charge for a payment I made on time. I expect compensation.",Delays & Processing
C0328,"This is the second time I have raised this. I was passed between four departments and no one took ownership. Also, the adviser did not explain the risks of the investment. Please sort this out.",Customer Service
C0329,The fraud team closed my case without investigating properly. It has also been taking far too long.,Fraud & Scams
C0330,"Hello, I have been billed an annual fee I never agreed to.",Fees & Charges
C0331,"Frankly, The complaints handler was unhelpful and talked over me. Please escalate this.",Customer Service
C0332,"To whom it may concern, The pension transfer advice I received was poor and I have lost out.",Mis-selling
C0333,I was sold a product that was not suitable for my circumstances. Please escalate this.,Mis-selling
C0334,Nothing has been done and I am losing patience.,Mis-selling
C0335,I feel I was treated badly because of my age. I expect compensation.,Customer Service
C0336,I am writing to complain. Nobody has responded to my emails despite three reminders. I want this put right.,Customer Service
C0337,"Hello, I was passed between four departments and no one took ownership.",Customer Service
C0338,"I am writing to complain. My identity was stolen and a loan was taken out in my name. Also, the costs keep creeping up and my balance is lower than it should be. This is not acceptable.",Fraud & Scams
C0339,My identity was stolen and a loan was taken out in my name. This is not acceptable.,Fraud & Scams
C0340,"Frankly, My mortgage switch is taking far longer than you said it would. Please sort this out.",Delays & Processing
C0341,I have been a customer for years. My card reader stopped working and I cannot approve payments. I would like a response in writing.,Account Access
C0342,I was advised to take out cover that duplicates what I already had.,Mis-selling
C0343,"Hello, The complaints handler was unhelpful and talked over me. It has also been taking far too long.",Customer Service
C0344,The terms were very different from what I was promised at the time of sale. There was also a fee involved. This is not acceptable.,Mis-selling
C0345,"To whom it may concern, There is an unexpected charge on my statement of £15. Also, my identity was stolen and a loan was taken out in my name. I would like a response in writing.",Fees & Charges
C0346,My card reader stopped working and I cannot approve payments. It has also been taking far too long.,Account Access
C0347,"I have been a customer for years. Your advisor gave me different answers on two separate calls. Also, the salesperson pushed me into a plan I did not need. I want this put right.",Customer Service
C0348,"Hello, The adviser did not explain the risks of the investment. I expect compensation.",Mis-selling
C0349,This is the second time I have raised this. The account maintenance fee was taken twice this month. Please sort this out.,Fees & Charges
C0350,"Hello, The fraud team closed my case without investigating properly. Also, my account was frozen and I cannot get in to move money. I want this put right.",Fraud & Scams
C0351,"To whom it may concern, I have been billed an annual fee I never agreed to. Please sort this out.",Fees & Charges
C0352,"The payment still has not arrived in my account. Also, why has my interest rate gone up without notice, it is costing me more every month.",Delays & Processing
C0353,Please look into what happened on my account. I want this put right.,Fraud & Scams
C0354,The website will not let me register for online access. I want this put right.,Account Access
C0355,"Hello, Nobody explained the foreign transaction charges before my holiday. Also, nobody has responded to my emails despite three reminders. I expect compensation.",Fees & Charges
C0356,"This is the second time I have raised this. Nobody has responded to my emails despite three reminders. Also, i was hit with a penalty charge for a payment I made on time. Please escalate this.",Customer Service
C0357,I feel I was treated badly because of my age.,Customer Service
C0358,I have been a customer for years. My online banking is locked and the reset link never arrives. I expect compensation.,Account Access
C0359,The costs keep creeping up and my balance is lower than it should be. I would like a response in writing.,Fees & Charges
C0360,"This is the second time I have raised this. I was told this policy covered me but my claim was rejected. Also, the website will not let me register for online access.",Mis-selling
C0361,I am writing to complain. My card reader stopped working and I cannot approve payments. Please escalate this.,Account Access
C0362,This is the second time I have raised this. I reported the unauthorised payment but you refused to reimburse me. I expect compensation.,Fraud & Scams
C0363,The direct debit setup was delayed and I missed a bill because of it.,Delays & Processing
C0364,The webchat agent ended the conversation without solving anything. I could not log in to check either. I expect compensation.,Customer Service
C0365,"Frankly, My application has been stuck for weeks with no progress.",Delays & Processing
C0366,"I have been a customer for years. The direct debit setup was delayed and I missed a bill because of it. Also, two factor codes are not being sent to my phone.",Delays & Processing
C0367,It has taken six weeks to process my claim and nobody has updated me. I am worried it might be fraud.,Delays & Processing
C0368,"Frankly, Two factor codes are not being sent to my phone. I want this put right.",Account Access
C0369,"Frankly, My online banking is locked and the reset link never arrives.",Account Access
C0370,"To whom it may concern, I am unable to access my account to see my balance. I also spent ages on hold when I called about it.",Account Access
C0371,The salesperson pushed me into a plan I did not need.,Mis-selling
C0372,"Frankly, I was charged a monthly fee that nobody told me about.",Fees & Charges
C0373,"Frankly, I was hit with a penalty charge for a payment I made on time. Also, nobody checked whether I could afford the credit agreement. I want this put right.",Fees & Charges
C0374,I asked for a callback and it never happened. It has also been taking far too long.,Customer Service
C0375,This has caused me a lot of stress and I want answers.,Delays & Processing
C0376,"To whom it may concern, A late payment fee appeared and I want it refunded. Also, i sent the form twice and it seems to have been lost in the system.",Fees & Charges
C0377,"I was tricked into moving savings to a safe account that was not safe. Also, the adviser did not explin the risks of the investment. Please sort this out.",Fraud & Scams
C0378,I was advised to take out cover that duplicates what I already had. There was also a fee involved.,Mis-selling
C0379,"Frankly, I was told this policy covered me but my claim was rejected. There was also a fee involved. Please escalate this.",Mis-selling
C0380,"You took an overdraft fee even though I was within my limit. Also, my online banking is locked and the reset link never arrives.",Fees & Charges
C0381,Nothing has been done and I am losing patience. I expect compensation.,Account Access
C0382,"Frankly, The pssword reset keeps failing and I am locked out.",Account Access
C0383,"To whom it may concern, I was charged a monthly fee that nobody told me about. Also, the staff member was rude and dismissive when I called. I expect compensation.",Fees & Charges
C0384,"I am writing to complain. My application has been stuck for weeks with no progress. Also, a late payment fee appeared and I want it refunded.",Delays & Processing
C0385,"Frankly, I feel I was treated badly because of my age. I expect compensation.",Customer Service
C0386,I think I was the victim of a scam and sent money to a fraudster. Please escalate this.,Fraud & Scams
C0387,"Hello, I was misled about what the insurance actually included. I would like a response in writing.",Mis-selling
C0388,I am writing to complain. The payment still has not arrived in my account. I could not log in to check either. Please escalate this.,Delays & Processing
C0389,This is the second time I have raised this. Your advisor gave me different answers on two separate calls. Please escalate this.,Customer Service
C0390,I am writing to complain. The staff member was rude and dismissive when I called. I could not log in to check either. Please sort this out.,Customer Service
C0391,I am writing to complain. I was tricked into moving savings to a safe account that was not safe. This is not acceptable.,Fraud & Scams
C0392,Please look into what happened on my account.,Account Access
C0393,My card reader stopped working and I cannot approve payments. I also spent ages on hold when I called about it.,Account Access
C0394,I have been a customer for years. You took an overdraft fee even though I was within my limit. I do not think it was explained properly when I bought it. Please sort this out.,Fees & Charges
C0395,"Why has my interest rate gone up without notice, it is costing me more every month. Also, the complaints handler was unhelpful and talked over me. I want this put right.",Fees & Charges
C0396,"A late payment fee appeared and I want it refunded. Also, i asked for a callback and it never happened.",Fees & Charges
C0397,I have been a customer for years. The complaints handler was unhelpful and talked over me. I expect compensation.,Customer Service
C0398,This is the second time I have raised this. The webchat agent ended the conversation without solving anything. I would like a response in writing.,Customer Service
C0399,"Frankly, The staff member was rude and dismissive when I called. Also, the salesperson pushed me into a plan I did not need. I would like a response in writing.",Customer Service
C0400,"Frankly, I was advised to take out cover that duplicates what I already had.",Mis-selling
C0401,This is the second time I have raised this. Your advisor gave me different answers on two separate calls.,Customer Service
C0402,"Frankly, My card was cloned and used abroad. I want this put right.",Fraud & Scams
C0403,This is the second time I have raised this. The branch manager would not listen to my concerns. It has also been taking far too long. Please sort this out.,Customer Service
C0404,"Frankly, The direct debit setup was delayed and I missed a bill because of it. Please escalate this.",Delays & Processing
C0405,My card reader stopped working and I cannot approve payments.,Account Access
C0406,"This is the second time I have raised this. The fraud team closed my case without investigating properly. Also, the direct debit setup was delayed and I missed a bill because of it.",Fraud & Scams
C0407,"To whom it may concern, The adviser did not explain the risks of the investment. There was also a fee involved.",Mis-selling
C0408,I have been a customer for years. The direct debit setup was delayed and I missed a bill because of it. I do not think it was explained properly when I bought it. This is not acceptable.,Delays & Processing
C0409,My identity was stolen and a loan was taken out in my name. I could not log in to check either. I expect compensation.,Fraud & Scams
C0410,This is the second time I have raised this. The brochure said guaranteed returns and my money has lost value.,Mis-selling
C0411,"To whom it may concern, The payment still has not arrived in my account. Please escalate this.",Delays & Processing
C0412,"To whom it may concern, The salesperson pushed me into a plan I did not need. This is not acceptable.",Mis-selling
C0413,"Frankly, There are transactions on my card I do not recognise. I want this put right.",Fraud & Scams
C0414,The complaints handler was unhelpful and talked over me. Please escalate this.,Customer Service
C0415,"I have been a customer for years. I sent the form twice and it seems to have been lost in the system. Also, i was told this policy covered me but my claim was rejected. Please escalate this.",Delays & Processing
C0416,I have been a customer for years. I was passed between four departments and no one took ownership. This is not acceptable.,Customer Service
C0417,"Frankly, You took an overdraft fee even though I was within my limit. Also, my application has been stuck for weeks with no progress. I expect compensation.",Fees & Charges
C0418,"To whom it may concern, I keep getting an error message when I sign in. Also, i have been billed an annual fee I never agreed to. I expect compensation.",Account Access
C0419,I am writing to complain. I keep getting an error message when I sign in. Please escalate this.,Account Access
C0420,I have been a customer for years. I feel I was treated badly because of my age. I would like a response in writing.,Customer Service
C0421,"Nobody explained the foreign transaction charges before my holiday. Also, my card was cloned and used abroad. Please escalate this.",Fees & Charges
C0422,Nobody has responded to my emails despite three reminders.,Customer Service
C0423,The closure of my old account has dragged on for months. I want this put right.,Delays & Processing
C0424,"Hello, A fake text message led me to a website and my money disappeared.",Fraud & Scams
C0425,"Hello, I was tricked into moving savings to a safe account that was not safe. I also spent ages on hold when I called about it. This is not acceptable.",Fraud & Scams
C0426,"Two factor codes are not being sent to my phone. Also, i reported the unauthorised payment but you refused to reimburse me. Please sort this out.",Account Access
C0427,"Frankly, The paperwork was submitted a month ago and I am still waiting. I want this put right.",Delays & Processing
C0428,The brochure said guaranteed returns and my money has lost value. I would like a response in writing.,Mis-selling
C0429,"I am writing to complain. I keep getting an error message when I sign in. Also, i have been billed an annual fee I never agreed to. I want this put right.",Account Access
C0430,This is the second time I have raised this. The terms were very different from what I was promised at the time of sale. I want this put right.,Mis-selling
C0431,"Frankly, I sent the form twice and it seems to have been lost in the system. Please escalate this.",Delays & Processing
C0432,"Hello, I have been billed an annual fee I never agreed to. I expect compensation.",Fees & Charges
C0433,I have been a customer for years. I was advised to take out cover that duplicates what I already had. I could not log in to check either.,Mis-selling
C0434,"To whom it may concern, My transfer has been pending for over a week. I could not log in to check either.",Delays & Processing
C0435,"I have been a customer for years. A person pretending to be from your bank phoned me and I gave them details. Also, i was told this policy covered me but my claim was rejected. I would like a response in writing.",Fraud & Scams
C0436,"To whom it may concern, It has taken six weeks to process my claim and nobody has updated me. I want this put right.",Delays & Processing
C0437,I have been a customer for years. I was told this policy covered me but my claim was rejected. This is not acceptable.,Mis-selling
C0438,"Hello, The brochure said guaranteed returns and my money has lost value. There was also a fee involved.",Mis-selling
C0439,I have had enough of the way this has gone.,Delays & Processing
C0440,"The payment still has not arrived in my account. Also, i was sold a product that was not suitable for my circumstances. I want this put right.",Delays & Processing
C0441,This is the second time I have raised this. Two factor codes are not being sent to my phone. I do not think it was explained properly when I bought it.,Account Access
C0442,"To whom it may concern, I was told this policy covered me but my claim was rejected. Also, my account was frozen and I cannot get in to move money.",Mis-selling
C0443,There is an unexpected charge on my statement of £60. I do not think it was explained properly when I bought it.,Fees & Charges
C0444,Someone has made payments from my account that I did not authorise. I would like a response in writing.,Fraud & Scams
C0445,The paperwork was submitted a month ago and I am still waiting. I want this put right.,Delays & Processing
C0446,I asked for a callback and it never happened.,Customer Service
C0447,This is the second time I have raised this. I sent the form twice and it seems to have been lost in the system. I am worried it might be fraud. I would like a response in writing.,Delays & Processing
C0448,"Hello, My mortgage switch is taking far longer than you said it would.",Delays & Processing
C0449,My transfer has been pending for over a week.,Delays & Processing
C0450,"I have been a customer for years. Your advisor gave me different answers on two separate calls. Also, why has my interest rate gone up without notice, it is costing me more every month. Please escalate this.",Customer Service
C0451,"This is the second time I have raised this. The complaints handler was unhelpful and talked over me. Also, my transfer has been pending for over a week. I expect compensation.",Customer Service
C0452,I was charged a monthly fee that nobody told me about. I am worried it might be fraud.,Fees & Charges
C0453,"To whom it may concern, I feel I was treated badly because of my age. Please escalate this.",Customer Service
C0454,Two factor codes are not being sent to my phone. It has also been taking far too long.,Account Access
C0455,A fake text message led me to a website and my money disappeared. This is not acceptable.,Fraud & Scams
C0456,"Frankly, A late payment fee appeared and I want it refunded. Please sort this out.",Fees & Charges
C0457,"To whom it may concern, I keep getting an error message when I sign in. I expect compensation.",Account Access
C0458,I have been a customer for years. The salesperson pushed me into a plan I did not need. I am worried it might be fraud. Please escalate this.,Mis-selling
C0459,I have been a customer for years. A person pretending to be from your bank phoned me and I gave them details. Please escalate this.,Fraud & Scams
C0460,"I am writing to complain. I was charged a monthly fee that nobody told me about. Also, the salesperson pushed me into a plan I did not need. Please sort this out.",Fees & Charges
C0461,I am writing to complain. I was tricked into moving savings to a safe account that was not safe.,Fraud & Scams
C0462,"I am writing to complain. I cannot log in to the mobile app since the update. Also, why has my interest rate gone up without notice, it is costing me more every month.",Account Access
C0463,"Frankly, Nobody has responded to my emails despite three remindrs. I expect compensation.",Customer Service
C0464,"Frankly, A fake text message led me to a website and my money disappeared. Also, why has my interest rate gone up without notice, it is costing me more every month. I want this put right.",Fraud & Scams
C0465,Nothing has been done and I am losing patience. Please sort this out.,Customer Service
C0466,"To whom it may concern, I was misled about what the insurance actually included. Also, your advisor gave me different answers on two separate calls. I expect compensation.",Mis-selling
C0467,I sent the form twice and it seems to have been lost in the system.,Delays & Processing
C0468,I am writing to complain. There is an unexpected charge on my statement of £60. I also spent ages on hold when I called about it. Please sort this out.,Fees & Charges
C0469,The account maintenance fee was taken twice this month. I would like a response in writing.,Fees & Charges
C0470,"To whom it may concern, The website will not let me register for online access. Also, nobody explained the foreign transaction charges before my holiday. Please sort this out.",Account Access
C0471,"To whom i may concern, Your advisor gave me different answers on two separate calls. I want this put right.",Customer Service
C0472,The payment still has not arrived in my account.,Delays & Processing
C0473,"I have been a customer for years. Two factor codes are not being sent to my phone. Also, a person pretending to be from your bank phoned me and I gave them details.",Account Access
C0474,"I think I was the victim of a scam and sent money to a fraudster. Also, nobody explained the foreign transaction charges before my holiday.",Fraud & Scams
C0475,"To whom it may concern, The website will not let me register for online access. Please escalate this.",Account Access
C0476,My card wa cloned and used abroad. Please sort this out.,Fraud & Scams
C0477,"To whom it may concern, My card was cloned and used abroad. Also, the payment still has not arrived in my account. Please sort this out.",Fraud & Scams
C0478,I think I was the victim of a scam and sent money to a fraudster. This is not acceptable.,Fraud & Scams
C0479,"To whom it may concern, The salesperson pushed me into a plan I did not need. Please sort this out.",Mis-selling
C0480,This is the second time I have raised this. I was hit with a penalty charge for a payment I made on time.,Fees & Charges
C0481,"To whom it may concern, The app crashes every time I try to open my statements. I also spent ages on hold when I called about it. I would like a response in writing.",Account Access
C0482,The paperwork was submitted a month ago and I am still waiting. There was also a fee involved. Please escalate this.,Delays & Processing
C0483,I am very unhappy with how this has been handled. This is not acceptable.,Delays & Processing
C0484,"To whom it may concern, I am unable to access my account to see my balance. I want this put right.",Account Access
C0485,"A late payment fee appeared and I want it refunded. Also, the adviser did not explain the risks of the investment. This is not acceptable.",Fees & Charges
C0486,I am writing to complain. My card reader stopped working and I cannot approve payments.,Account Access
C0487,"My card was cloned and used abroad. Also, a late payment fee appeared and I want it refunded. I want this put right.",Fraud & Scams
C0488,"To whom it may concern, The adviser did not explain the risks of the investment. I expect compensation.",Mis-selling
C0489,"Hello, I was tricked into moving savings to a safe account that was not safe. I expect compensation.",Fraud & Scams
C0490,"Frankly, I sent the form twice and it seems to have been lost in the system. I would like a response in writing.",Delays & Processing
C0491,My appliction has been stuck for weeks with no progress. Please escalate this.,Delays & Processing
C0492,The complaints handler was unhelpful and talked over me. I do not think it was explained properly when I bought it.,Customer Service
C0493,I have been a customer for years. I was hit with a penalty charg for a payment I made on time. I do not think it was explained properly when I bought it. I expect compensation.,Fees & Charges
C0494,I was misled about what the insurance actually included. I would like a response in writing.,Mis-selling
C0495,I have been a customer for years. My account was frozen and I cannot get in to move money.,Account Access
C0496,Please look into what happened on my account. Please sort this out.,Fees & Charges
C0497,I have been a customer for years. I was misled about what the insurance actually included. I want this put right.,Mis-selling
C0498,"The staff member was rude and dismissive when I clled. Also, i keep getting an error message when I sign in. Please escalate this.",Customer Service
C0499,"Hello, I was hit with a penalty charge for a payment I made on time.",Fees & Charges
C0500,This is the second time I have raised this. The paperwork was submitted a month ago and I am still waiting. I want this put right.,Delays & Processing
C0501,The direct debit setup was delayed and I missed a bill because of it. This is not acceptable.,Delays & Processing
C0502,I have been a customer for years. My application has been stuck for weeks with no progress. I also spent ages on hold when I called about it. Please sort this out.,Delays & Processing
C0503,"I have been a customer for years. My transfer has been pending for over a week. Also, a late payment fee appeared and I want it refunded.",Delays & Processing
C0504,I have been a customer for years. The complaints handler was unhelpful and talked over me. I do not think it was explained properly when I bought it. I would like a response in writing.,Customer Service
C0505,The direct debit setup was delayed and I missed a bill because of it. There was also a fee involved.,Delays & Processing
C0506,I was advised to take out cover that duplicates what I already had. Please sort this out.,Mis-selling
C0507,"I am writing to complain. The account maintenance fee was taken twice this month. Also, two factor codes are not being sent to my phone. I expect compensation.",Fees & Charges
C0508,I am writing to complain. The fraud team closed my case without investigating properly. This is not acceptable.,Fraud & Scams
C0509,I am extremely disappointed and want this resolved. I would like a response in writing.,Customer Service
C0510,"Hello, Nobody has responded to my emails despite three reminders.",Customer Service
C0511,I have been a customer for years. The complaints handler was unhelpful and talked over me.,Customer Service
C0512,I am very unhappy with how this has been handled. Please sort this out.,Delays & Processing
C0513,I am writing to complain. I think I was the victim of a scam and sent money to a fraudster.,Fraud & Scams
C0514,This is the second time I have raised this. I was tricked into moving savings to a safe account that was not safe. I want this put right.,Fraud & Scams
C0515,I am writing to complain. The app crashes every time I try to open my statements. I would like a response in writing.,Account Access
C0516,"To whom it may concern, Nobody explained the foreign transaction charges before my hliday.",Fees & Charges
C0517,"Hello, I think I was the victim of a scam and sent money to a fraudster. I also spent ages on hold when I called about it.",Fraud & Scams
C0518,I have been billed an annual fee I never agreed to. I also spent ages on hold when I called about it. Please escalate this.,Fees & Charges
C0519,Please look into what hapened on my account.,Delays & Processing
C0520,The fraud team closed my case without investigating properly. Please escalate this.,Fraud & Scams
C0521,I have been billed an annual fee I never agreed to. It has also been taking far too long. I expect compensation.,Fees & Charges
C0522,I have been a customer for years. I reported the unauthorised payment but you refused to reimburse me. I want this ut right.,Fraud & Scams
C0523,I am writing to complain. I spent an hour on hold and then the call was cut off. Please escalate this.,Customer Service
C0524,A late payment fee appeared and I want it refunded. I would like a response in writing.,Fees & Charges
C0525,"Hello, I was sold a product that was not suitable for my circumstances. I want this put right.",Mis-selling
C0526,The payment still has not arrived in my account. This is not acceptable.,Delays & Processing
C0527,The payment still has not arrived in my account. This is not acceptable.,Delays & Processing
C0528,I have been a customer for years. My card reader stopped working and I cannot approve payments.,Account Access
C0529,"To whom it may concern, I was sold a product that was not suitable for my circumstances. This is not acceptable.",Mis-selling
C0530,"To whom it may concern, The website will not let me register for online access. I am worried it might be fraud. This is not acceptable.",Account Access
C0531,I have been a customer for years. My card reader stopped working and I cannot approve payments. It has also been taking far too long. I expect compensation.,Account Access
C0532,"Hello, I keep getting an error message when I sign in. Also, the adviser did not explain the risks of the investment. I expect compensation.",Account Access
C0533,"Frankly, A person pretending to be from your bank phoned me and I gave them details. I expect compensation.",Fraud & Scams
C0534,"Frankly, Your advisor gave me different answers on two separate calls. Please escalate this.",Customer Service
C0535,I was charged a monthly fee that nobody told me about. I expect compensation.,Fees & Charges
C0536,I reported the unauthorised payment but you refused to reimburse me. I want this put right.,Fraud & Scams
C0537,This is the second time I have raised this. My identity was stolen and a loan was taken out in my name. This is not acceptable.,Fraud & Scams
C0538,I am writing to complain. The complaints handler was unhelpful and talked over me. Please sort this out.,Customer Service
C0539,"Frankly, A person pretending to be from your bank phoned me and I gave them details. I could not log in to check either. I want this put right.",Fraud & Scams
C0540,I have been a customer for years. Nobody has responded to my emails despite three reminders.,Customer Service
C0541,"I am unable to access my account to see my balance. Also, the staff member was rude and dismissive when I called. I want this put right.",Account Access
C0542,I have been billed an annual fee I never agreed to. Please escalate this.,Fees & Charges
C0543,"A late payment fee appeared and I want it refunded. Also, the branch manager would not listen to my concerns. Please sort this out.",Fees & Charges
C0544,"I am writing to complain. There is an unexpected charge on my statement of £25. Also, the app crashes every time I try to open my statements. Please sort this out.",Fees & Charges
C0545,"Hello, The fraud team closed my case without investigating properly. I want this put right.",Fraud & Scams
C0546,"Hello, The closure of my old account has dragged on for months. I do not think it was explained properly when I bought it.",Delays & Processing
C0547,I have been a customer for years. I think I was the victim of a scam and sent money to a fraudster. I expect compensation.,Fraud & Scams
C0548,"To whom it may concern, I think I was the victim of a scam and sent money to a fraudster.",Fraud & Scams
C0549,I was misled about what the insurance actually included. Please sort this out.,Mis-selling
C0550,"To whom it may concern, I sent the form twice and it seems to have been lost in the system. There was also a fee involved. Please sort this out.",Delays & Processing
C0551,This is the second time I have raised this. My identity was stolen and a loan was taken out in my name. Please escalate this.,Fraud & Scams
C0552,"Hello, Why has my interest rate gone up without notice, it is costing me more every month. I do not think it was explained properly when I bought it. This is not acceptable.",Fees & Charges
C0553,I am writing to complain. Nobody checked whether I could afford the credit agreement. There was also a fee involved.,Mis-selling
C0554,"Frankly, My application has been stuck for weeks with no progress. Please sort this out.",Delays & Processing
C0555,"Frankly, The webchat agent ended the conversation without solving anything. I would like a response in writing.",Customer Service
C0556,"Frankly, Nobody checked whether I could afford the credit agreement. Also, i spent an hour on hold and then the call was cut off.",Mis-selling
C0557,Nothing has been done and I am losing patience. I would like a response in writing.,Mis-selling
C0558,"Hello, The terms were very different from what I was promised at the time of sale. I could not log in to check either.",Mis-selling
C0559,This is the second time I have raised this. I was passed between four departments and no one took ownership. Please escalate this.,Customer Service
C0560,The adviser did not explain the risks of the investment.,Mis-selling
C0561,This is the second time I have raised this. I reported the unauthorised payment but you refused to reimburse me. I expect compensation.,Fraud & Scams
C0562,I am writing to complain. I asked for a callback and it never happened. I expect compensation.,Customer Service
C0563,"The branch manager would not listen to my concerns. Also, i sent the form twice and it seems to have been lost in the system. I would like a response in writing.",Customer Service
C0564,"To whom it may concern, My account was frozen and I cannot get in to move money. This is not acceptable.",Account Access
C0565,I asked for a callback and it never happened. I am worried it might be fraud. I expect compensation.,Customer Service
C0566,"To whom it my concern, The paperwork was submitted a month ago and I am still waiting. I am worried it might be fraud. I want this put right.",Delays & Processing
C0567,"Hello, Your advisor gave me different answers on two separate calls. Als, the paperwork was submitted a month ago and I am still waiting. Please escalate this.",Customer Service
C0568,"I sent the form twice and it seems to have been lost in the system. Also, i am unable to access my account to see my balance. This is not acceptable.",Delays & Processing
C0569,I am writing to complain. The staff member was rude and dismissive when I called. This is not acceptable.,Customer Service
C0570,I am very unhappy with how this has been handled. I want this put right.,Fees & Charges
C0571,"The terms were very different from what I was promised at the time of sale. Also, i feel I was treated badly because of my age.",Mis-selling
C0572,I have been a customer for years. Nobody checked whether I could afford the credit agreement.,Mis-selling
C0573,A fake text message led me to a website and my money disappeared.,Fraud & Scams
C0574,This is the second time I have raised this. I think I was the victim of a scam and sent money to a fraudster. I expect compensation.,Fraud & Scams
C0575,I have been a customer for years. The salesperson pushed me into a plan I did not need. It has also been taking far too long. I would like a response in writing.,Mis-selling
C0576,My identity was stolen and a loan was taken out in my name. It has also been taking far too long. I expect compensation.,Fraud & Scams
C0577,"The webchat agent ended the conversation without solving anything. Also, my transfer has been pending for over a week. I expect compensation.",Customer Service
C0578,A person pretending to be from your bank phoned me and I gave them details. This is not acceptable.,Fraud & Scams
C0579,"Hello, I was hit with a penalty charge for a ayment I made on time. Please escalate this.",Fees & Charges
C0580,"Frankly, I have been billed an annual fee I never areed to. I expect compensation.",Fees & Charges
C0581,I was misled about what the insurance actually included. This is not acceptable.,Mis-selling
C0582,I have been a customer for years. The salesperson pushed me into a plan I did not need. This is not acceptable.,Mis-selling
C0583,This is the second time I have raised this. I reported the unauthorised payment but you refused to reimburse me. There was also a fee involved. I would like a response in writing.,Fraud & Scams
C0584,"Nobody checked whether I could afford the credit agreement. Also, i keep getting an error message when I sign in. Please escalate this.",Mis-selling
C0585,"Frankly, My mortgage switch is taking far longer than you said it would.",Delays & Processing
C0586,This is the second time I have raised this. I spent an hour on hold and then the call was cut off.,Customer Service
C0587,This is the second time I have raised this. I was sold a product that was not suitable for my circumstances. This is not acceptable.,Mis-selling
C0588,I am writing to complain. I asked for a callback and it never happened. I do not think it was explained properly when I bought it. I would like a response in writing.,Customer Service
C0589,A person pretending to be from your bank phoned me and I gave them details. Please sort this out.,Fraud & Scams
C0590,"I have been a customer for years. The payment still has not arrived in my account. Also, the pension transfer advice I received was poor and I have lost out.",Delays & Processing
C0591,"I am writing to complain. I spent an hur on hold and then the call was cut off. Also, i was advised to take out cover that duplicates what I already had.",Customer Service
C0592,I have been a customer for years. My card reader stopped working and I cannot approve payments. I also spent ages on hold when I called about it. Please escalate this.,Account Access
C0593,"I am writing to complain. The webchat agent ended the conversation without solving anything. Also, why has my interest rate gone up without notice, it is costing me more every month.",Customer Service
C0594,I have been a customer for years. My account was frozen and I cannot get in to move money. I expect compensation.,Account Access
C0595,"To whom it may concern, The branch manager would not listen to my concerns. I am worried it might be fraud.",Customer Service
C0596,"Hello, The fraud team closed my case without investigating properly. It has also been taking far too long. Please escalate this.",Fraud & Scams
C0597,"I sent the form twice and it seems to have been lost in the system. Also, two factor codes are not being sent to my phone.",Delays & Processing
C0598,I think I was the victim of a scam and sent money to a fraudster. I expect compensation.,Fraud & Scams
C0599,"To whom it may concern, A person pretending to be from your bank phoned me and I gave them details.",Fraud & Scams
C0600,"To whom it may concern, I feel I was treated badly because of my age. I could not log in to check either.",Customer Service
C0601,I was charged a monthly fee that nobody told me about.,Fees & Charges
C0602,I was sold a product that was not suitable for my circumstances. I also spent ages on hold when I called about it. I want this put right.,Mis-selling
C0603,"To whom it may concern, I feel I was treated badly because of my age.",Customer Service
C0604,I have been a customer for years. My account was frozen and I cannot get in to move money. It has also been taking far too long. I expect compensation.,Account Access
C0605,"To whom it may concern, I cannot log in to the mobile app since the update.",Account Access
C0606,A late payment fee appeared and I want it refunded. I want this put right.,Fees & Charges
C0607,"Hello, The costs keep creeping up and my balance is lower than it should be. I am worried it might be fraud. I would like a response in writing.",Fees & Charges
C0608,I sent the form twice and it seems to have been lost in the system.,Delays & Processing
C0609,"Frankly, The terms were very different from what I was promised at the time of sale.",Mis-selling
C0610,The pension transfer advice I received was poor and I have lost out. I also spent ages on hold when I called about it. I want this put right.,Mis-selling
C0611,I am writing to complain. The payment still has not arrived in my account. I would like a response in writing.,Delays & Processing
C0612,"To whom it may concern, The complaints handler was unhelpful and talked over me. Please escalate this.",Customer Service
C0613,I asked for a callback and it never happened. I do not think it was explained properly when I bought it.,Customer Service
C0614,"Frankly, The pension transfer advice I received was poor and I have lost out. I expect compensation.",Mis-selling
C0615,"My transfer has been pending for over a week. Also, i am unable to access my account to see my balance. Please sort this out.",Delays & Processing
C0616,"This is the second time I have raised this. Your advisor gave me different answers on two separate calls. Also, i have been billed an annual fee I never agreed to. I expect compensation.",Customer Service
C0617,The terms were very different from what I was promised at the time of sale.,Mis-selling
C0618,My card reader stopped working and I cannot approve payments.,Account Access
C0619,My identity was stolen and a loan was taken out in my name. It has also been taking far too long. I would like a response in writing.,Fraud & Scams
C0620,"Frankly, I feel I was treated badly because of my age. It has also been taking far too long.",Customer Service
C0621,"Hello, I cannot log in to the mobile app since the update. There was also a fee involved.",Account Access
C0622,The app crashes every time I try to open my statements. Please escalate this.,Account Access
C0623,I am writing to complain. A person pretending to be from your bank phoned me and I gave them details.,Fraud & Scams
C0624,I have been a customer for years. I cannot log in to the mobile app since the update. Please escalate this.,Account Access
C0625,I have had enough of the way this has gone.,Customer Service
C0626,The website will not let me registe for online access.,Account Access
C0627,"I have been a customer for years. The payment still has not arrived in my account. Also, the fraud team closed my case without investigating properly. I want this put right.",Delays & Processing
C0628,"Hello, I was sold a product that was not suitable for my circumstances. Also, my mortgage switch is taking far longer than you said it would.",Mis-selling
C0629,The webchat agent ended the conversation without solving anything. I want this put right.,Customer Service
C0630,I am writing to complain. I sent the form twice and it seems to have been lost in the system. I would like a response in writing.,Delays & Processing
C0631,I have been a customer for years. There is an unexpected charge on my statement of £60.,Fees & Charges
C0632,A fake text message led me to a website and my money disappeared. I would like a response in writing.,Fraud & Scams
C0633,I am writing to complain. The webchat agent ended the conversation without solving anything. I want this put right.,Customer Service
C0634,The paperwork was submitted a month ago and I am still waiting. There was also a fee involved. This is not acceptable.,Delays & Processing
C0635,I was tricked into moving savings to a safe account that was not safe. I do not think it was explained properly when I bought it.,Fraud & Scams
C0636,"To whom it may concern, The direct debit setup was delayed and I missed a bill because of it. I also spent ages on hold when I called about it.",Delays & Processing
C0637,There are transactions on my card I do not recognise.,Fraud & Scams
C0638,"Frankly, Nobody explained the foreign transaction charges before my holiday.",Fees & Charges
C0639,"You promised the money within three working days and it is still outstanding. Also, the webchat agent ended the conversation without solving anything. Please escalate this.",Delays & Processing
C0640,Two factor codes are not being sent to my phone. There was also a fee involved. I would like a response in writing.,Account Access
C0641,I am extremely disappointed and want this resolved. I want this put right.,Customer Service
C0642,Someone has made payments from my account that I did not authorise. I do not think it was explained properly when I bought it. I want this put right.,Fraud & Scams
C0643,I was tricked into moving savings to a safe account that was not safe. I would like a response in writing.,Fraud & Scams
C0644,"Frankly, You took an overdraft fee even though I was within my limit. Also, i was tricked into moving savings to a safe account that was not safe. Please escalate this.",Fees & Charges
C0645,My card reader stopped working and I cannot approve payments. I expect compensation.,Account Access
C0646,I have been a customer for years. Nobody explained the foreign transaction charges before my holiday. I would like a response in writing.,Fees & Charges
C0647,I have been a customer for years. The website will not let me register for online access. Please sort this out.,Account Access
C0648,A fake text message led me to a website and my money disappeared. I would like a response in writing.,Fraud & Scams
C0649,I think I was the victim of a scam and sent money to a fraudster.,Fraud & Scams
C0650,I was charged a monthly fee that nobody told me about. I would like a response in writing.,Fees & Charges
C0651,"This is the second time I have raised this. The password reset keeps failing and I am locked out. Also, the terms were very different from what I was promised at the time of sale.",Account Access
C0652,I am writing to complain. I keep getting an error message when I sign in. I would like a response in writing.,Account Access
C0653,"Frankly, My card reader stopped working and I cannot approve payments. I want this put right.",Account Access
C0654,"To whom it may concern, My card was cloned and used abroad. I could not log in to check either.",Fraud & Scams
C0655,I have been a customer for years. My account was frozen and I cannot get in to move money. I would like a response in writing.,Account Access
C0656,"The account maintenance fee was taken twice this month. Also, i asked for a callback and it never happened. This is not acceptable.",Fees & Charges
C0657,This is the second time I have raised this. The payment still has not arrived in my account.,Delays & Processing
C0658,I was tricked into moving savings to a safe account that was not safe. Please sort this out.,Fraud & Scams
C0659,"To whom it may concern, My application has been stuck for weeks with no progress.",Delays & Processing
C0660,I am writing to complain. I feel I was treated badly because of my age. I want this put right.,Customer Service
C0661,I have had enough of the way this has gone. Please escalae this.,Mis-selling
C0662,The paperwork was submitted a month ago and I am still waiting.,Delays & Processing
C0663,"Hello, I was told this policy covered e but my claim was rejected. There was also a fee involved. I would like a response in writing.",Mis-selling
C0664,My card reader stopped working and I cannot approve payments. I would like a response in writing.,Account Access
C0665,I have been a customer for years. The webchat agent ended the conversation without solving anything. I am worried it might be fraud. Please sort this out.,Customer Service
C0666,I was told this policy covered me but my claim was rejected.,Mis-selling
C0667,"Frankly, The direct debit setup was delayed and I missed a bill because of it.",Delays & Processing
C0668,"This is the second time I have raised this. I reported the unauthorised payment but you refused to reimburse me. Also, why has my interest rate gone up without notice, it is costing me more every month. Please sort this out.",Fraud & Scams
C0669,Nobody explained the foreign transaction charges before my holiday. I do not think it was explained properly when I bought it. I want this put right.,Fees & Charges
C0670,"To whom it may concern, The brochure said guaranteed returns and my money has lost value. Please escalate this.",Mis-selling
C0671,"A person pretending to be from your bank phoned me and I gave them details. Also, the direct debit setup was delayed and I missed a bill because of it. Please escalate this.",Fraud & Scams
C0672,The costs keep creeping up and my balance is lower than it should be. I want this put right.,Fees & Charges
C0673,"Frankly, I was charged a monthly fee that nobody told me about. I would like a response in writing.",Fees & Charges
C0674,"To whom it may concern, The terms were very different from what I was promised at the time of sale. I also spent ages on hold when I called about it. I want this put right.",Mis-selling
C0675,"Frankly, The payment still has not arrived in my account.",Delays & Processing
C0676,"My card reader stopped working and I cannot approve payments. Also, the account maintenance fee was taken twice this month. I would like a response in writing.",Account Access
C0677,This is the second time I have raised this. I was sold a product that was not suitable for my circumstances. It has also been taking far too long. Please sort this out.,Mis-selling
C0678,I have had enough of the way this has gone.,Fees & Charges
C0679,I am writing to complain. The adviser did not explain the risks of the investment.,Mis-selling
C0680,"This is the second time I have raised this. Why has my interest rate gone up without notice, it is costing me more every month.",Fees & Charges
C0681,This is the second time I have raised this. The terms were very different from what I was promised at the time of sale. I also spent ages on hold when I called about it. Please sort this out.,Mis-selling
C0682,"This is the second time I have raised this. The staff member was rude and dismissive when I called. Also, i keep getting an error message when I sign in.",Customer Service
C0683,I think I was the victim of a scam and sent money to a fraudster. It has also been taking far too long. Please escalate this.,Fraud & Scams
C0684,I have been a customer for years. Nobody explained the foreign transaction charges before my holiday. I could not log in to check either.,Fees & Charges
C0685,I reported the unauthorised payment but you refused to reimburse me. I want this put right.,Fraud & Scams
C0686,"Hello, The direct debit setup was delayed and I missed a bill because of it. This is not acceptable.",Delays & Processing
C0687,"My online banking is locked and the reset link never arrves. Also, the complaints handler was unhelpful and talked over me. Please sort this out.",Account Access
C0688,The branch manager would not listen to my concerns. I could not log in to check either.,Customer Service
C0689,"Frankly, I was tricked into moving savings to a safe account that was not safe. I also spent ages on hold when I called about it.",Fraud & Scams
C0690,"There are transactions on my card I do not recognise. Also, there is an unexpected charge on my statement of £15. Please sort this out.",Fraud & Scams
C0691,My card was cloned and used abroad.,Fraud & Scams
C0692,"To whom it may concern, The closure of my old account has dragged on for months.",Delays & Processing
C0693,"This is the second time I have raised this. Why has my interest rate gone up without notice, it is costing me more every month. It has also been taking far too long. Please sort this out.",Fees & Charges
C0694,"Frankly, I asked for a callback and it never happened. Also, the paperwork was submitted a month ago and I am still waiting.",Customer Service
C0695,"I was misled about what the insurance actually included. Also, i spent an hour on hold and then the call was cut off. This is not acceptable.",Mis-selling
C0696,I am writing to complain. Nobody has responded to my emails despite three reminders.,Customer Service
C0697,"Frankly, The staff member was rude and dismissive when I called. Also, i keep getting an error message when I sign in. I want this put right.",Customer Service
C0698,The fraud team closed my case without investigating properly. Please escalate this.,Fraud & Scams
C0699,"To whom it may concern, The brochure said guaranteed returns and my money has lost value. This is not acceptable.",Mis-selling
C0700,The adviser did not explain the risks of the investment. There was also a fee involved. I would like a response in writing.,Mis-selling
C0701,I am writing to complain. You promised the money within three working days and it is still outstanding. I want this put right.,Delays & Processing
C0702,This has caused me a lot of stress and I want answers. Please escalate this.,Customer Service
C0703,"There is an unexpected charge on my statement of £48. Also, the adviser did not explain the risks of the investment. This is not acceptable.",Fees & Charges
C0704,"Frankly, The salesperson pushed me into a plan I did not need. I want this put right.",Mis-selling
C0705,My mortgage switch is taking far longer than you said it would. Please escalate this.,Delays & Processing
C0706,"To whom it may concern, Two factor codes are not being sent to my phone. Please escalate this.",Account Access
C0707,I have been a cusomer for years. My application has been stuck for weeks with no progress.,Delays & Processing
C0708,"Frankly, You promised the money within three working days and it is still outstanding. I do not think it was explained properly when I bought it. I would like a response in writing.",Delays & Processing
C0709,I have been a customer for years. I was advised to take out cover that duplicates what I already had.,Mis-selling
C0710,"A late payment fee appeared and I want it refunded. Also, the webchat agent ended the conversation without solving anything. Please escalate this.",Fees & Charges
C0711,I am writing to complain. The pension transfer advice I received was poor and I have lost out.,Mis-selling
C0712,The account maintenance fee was taken twice this month. I want this put right.,Fees & Charges
C0713,"To whom it may concern, The account maintenance fee was taken twice this month. I could not log in to check either. I expect compensation.",Fees & Charges
C0714,The terms were very different from what I was promised at the time of sale. Please sort this out.,Mis-selling
C0715,"To whom it may concern, The brochure said guaranteed returns and my money has lost value. It has also been taking far too long.",Mis-selling
C0716,"This is the second time I have raised this. My application has been stuck for weeks with no progress. Also, your advisor gave me different answers on two separate calls. This is not acceptable.",Delays & Processing
C0717,"To whom it may concern, Nobody has responded to my emails despite three reminders. Also, i am unable to access my account to see my balance. Please sort this out.",Customer Service
C0718,"Nobody checked whether I could afford the credit agreement. Also, my account was frozen and I cannot get in to move money.",Mis-selling
C0719,"This is the second time I have raised this. My transfer has been pending for over a week. Also, the terms were very different from what I was promised at the time of sale. This is not acceptable.",Delays & Processing
C0720,"Hello, My account was frozen and I cannot get in to move money.",Account Access
C0721,"Hello, I am unable to access my account to see my balance. I would like a response in writing.",Account Access
C0722,I cannot log in to the mobile app since the update. I am worried it ight be fraud. I expect compensation.,Account Access
C0723,"To whom it may concern, It has taken six weeks to process my claim and nobody has updated me. I would like a response in writing.",Delays & Processing
C0724,"Hello, The website will not let me register for online acces. I would like a response in writing.",Account Access
C0725,I have had enough of the way this has gone. Please sort this out.,Fees & Charges
C0726,The app crashes every time I try to open my statements. There was also a fee involved.,Account Access
C0727,I have been a customer for years. The fraud team closed my case without investigating properly. Please sort this out.,Fraud & Scams
C0728,"Frankly, I spent an hour on hold and then the call was cut off. Also, my application has been stuck for weeks with no progress. I want this put right.",Customer Service
C0729,"My application has been stuck for weeks with no progress. Also, i was tricked into moving savings to a safe account that was not safe. Please escalate this.",Delays & Processing
C0730,"I am writing to complain. My transfer has been pending for over a week. Also, the staff member was rude and dismissive when I called. Please escalate this.",Delays & Processing
C0731,"Hello, I feel I was treated badly because of my age. Also, a late payment fee appeared and I want it refunded.",Customer Service
C0732,"Frankly, My transfer has been pending for over a week. Please sort this out.",Delays & Processing
C0733,The complaints handler was unhelpful and talked over me. I could not log in to check either. I would like a response in writing.,Customer Service
C0734,There is an unexpected charge on my statement of £48. I would like a response in writing.,Fees & Charges
C0735,I am very unhappy with how this has been handled.,Account Access
C0736,The account maintenance fee was taken twice this month. I want this put right.,Fees & Charges
C0737,The staff member was rude and dismissive when I called.,Customer Service
C0738,"The password reset keeps failing and I am locked out. Also, nobody checked whether I could afford the credit agreement.",Account Access
C0739,"Frankly, I have been billed an annual fee I never agreed to. I expect compensation.",Fees & Charges
C0740,"To whom it may concern, I was charged a monthly fee that nobody told me about.",Fees & Charges
C0741,The closure of my old account has dragged on for months. I could not log in to check either. Please sort this out.,Delays & Processing
C0742,My account was frozen and I cannot get in to move money.,Account Access
C0743,The salesperson pushed me into a plan I did not need. This is not acceptable.,Mis-selling
C0744,"Frankly, I was charged a monthly fee that nobody told me about. I also spent ages on hold when I called about it. This is not acceptable.",Fees & Charges
C0745,The webchat agent ended the conversation without solving anything. There was also a fee involved. I want this put right.,Customer Service
C0746,I was advised to take out cover that duplicates what I already had. Please sort this out.,Mis-selling
C0747,"I have been a customer for years. The complaints handler was unhelpful and talked over me. Also, i was hit with a penalty charge for a payment I made on time. I expect compensation.",Customer Service
C0748,I am extremely disappointed and want this resolved. I expect compensation.,Fees & Charges
C0749,I was hit with a penalty charge for a payment I made on time. I am worried it might be fraud. I expect compensation.,Fees & Charges
C0750,"Hello, The closure of my old account has dragged on for months.",Delays & Processing
C0751,"Hello, I was hit with a penalty charge for a payment I made on time. Also, the pension transfer advice I received was poor and I have lost out.",Fees & Charges
C0752,Nothing has been done and I am losing patience. This is not acceptable.,Fraud & Scams
C0753,I was misled about what the insurance actually included. I am worried it might be fraud. Please sort this out.,Mis-selling
C0754,"To whom it may concern, The account maintenance fee was taken twice this month. I could not log in to check either.",Fees & Charges
C0755,I have had enough of the way this has gone. Please sort this out.,Fees & Charges
C0756,"Frankly, I was charged a monthly fee that nobody told me about. Also, i feel I was treated badly ecause of my age. I want this put right.",Fees & Charges
C0757,I have been a customer for years. The password reset keeps failing and I am locked out.,Account Access
C0758,"Frankly, There are transactions on my card I do not recognise. Please escalate this.",Fraud & Scams
C0759,I was charged a monthly fee that nobody told me about. It has also been taking far too long.,Fees & Charges
C0760,Nobody explained the foreig transaction charges before my holiday.,Fees & Charges
C0761,I am very unhappy with how this has been handled. This is not acceptable.,Delays & Processing
C0762,I have been a customer for years. I have been billed an annual fee I never agreed to. Please sort this out.,Fees & Charges
C0763,"This is the second time I have raised this. The fraud team closed my case without investigating properly. Also, the direct debit setup was delayed and I missed a bill because of it. This is not acceptable.",Fraud & Scams
C0764,"The payment still has not arrived in my account. Also, i was advised to take out cover that duplicates what I already had.",Delays & Processing
C0765,"My online banking is locked and the reset link never arrives. Also, nobody has responded to my emails despite three reminders. I would like a response in writing.",Account Access
C0766,This is the second time I have raised this. There is an unexpected charge on my statement of £25. It has also been taking far too long. I would like a response in writing.,Fees & Charges
C0767,My online banking is locked and the reset link never arrives. I expect compensation.,Account Access
C0768,"Hello, I have been billed an annual fee I never agreed to.",Fees & Charges
C0769,I am writing to complain. The direct debit setup was delayed and I missed a bill because of it. Please escalate this.,Delays & Processing
C0770,"I have been a customer for years. You took an overdraft fee even though I was within my limit. Also, my account was frozen and I cannot get in to move money. This is not acceptable.",Fees & Charges
C0771,"I am writing to complain. I cannot log in to the mobile app since the update. Also, a fake text message led me to a website and my money disappeared. I expect compensation.",Account Access
C0772,"Hello, I cannot log in to the mobile app since the update. Also, my identity was stolen and a loan was taken out in my name.",Account Access
C0773,"Frankly, I reported the unauthorised payment but you refused to reimburse me. Also, the branch manager would not listen to my concerns. Please escalate this.",Fraud & Scams
C0774,"The staff member was rude and dismissive when I called. Also, the closure of my old account has dragged on for months. Please sort this out.",Customer Service
C0775,I am writing to complain. It has taken six weeks to process my claim and nobody has updated me.,Delays & Processing
C0776,I think I was the victim of a scam and sent money to a fraudster. This is not acceptable.,Fraud & Scams
C0777,I have been a customer for years. I was misled about what the insurance actually included.,Mis-selling
C0778,I am writing to complain. I asked for a callback and it never happened. There was also a fee involved. Please sort this out.,Customer Service
C0779,I was sold a product that was not suitable for my circumstances. I want this put right.,Mis-selling
C0780,"This is the second time I have raised this. I have been billed an annual fee I never agreed to. Also, i think I was the victim of a scam and sent money to a fraudster.",Fees & Charges
C0781,"Hello, The website will not let me register for online access. There was also a fee involved.",Account Access
C0782,The branch manager would not listen to my concerns. I expect compensation.,Customer Service
C0783,I have been a customer for years. I was tricked into moving savings to a safe account that was not safe. I could not log in to check either. I want this put right.,Fraud & Scams
C0784,Someone has made payments from my account that I did not authorise.,Fraud & Scams
C0785,This is the second time I have raised this. I was misled about what the insurance actually included. There was also a fee involved. I expect compensation.,Mis-selling
C0786,I have been a customer for years. The website will not let me register for online access. I expect compensation.,Account Access
C0787,"To whom it may concern, A late payment fee appeared and I want it refunded. I do not think it was explained properly when I bought it. Please sort this out.",Fees & Charges
C0788,"Hello, Nobody explained the foreign transaction charges before my holiday. I am worried it might be fraud. Please escalate this.",Fees & Charges
C0789,This is the second time I have raised this. My card reader stopped working and I cannot approve payments. Please escalate this.,Account Access
C0790,"The adviser did not explain the risks of the investment. Also, my online banking is locked and the reset link never arrives. Please escalate this.",Mis-selling
C0791,"To whom it may concern, I keep getting an error message when I sign in.",Account Access
C0792,I have been a customer for years. There is an unexpected charge on my statement of £15. Please sort this out.,Fees & Charges
C0793,I am very unhappy with how this has been handled. I expect compensation.,Account Access
C0794,"To whom it may concern, The staff member was rude and dismissive when I called. Also, the app crashes every time I try to open my statements.",Customer Service
C0795,I am writing to complain. I was advised to take out cover that duplicates what I already had.,Mis-selling
C0796,"The branch manager would not listen to my concerns. Also, the salesperson pushed me into a plan I did not need. Please sort this out.",Customer Service
C0797,I am writing to complain. I was advised to take out cover that duplicates what I already had. It has also been taking far too long. I would like a response in writing.,Mis-selling
C0798,"Hello, The pension transfer advice I received was poor and I have lost out.",Mis-selling
C0799,I spent an hour on hold and then the call was cut off. This is not acceptable.,Customer Service
C0800,"Hello, I was passed between four departments and no one took ownership. Also, there are transactions on my card I do not recognise. This is not acceptable.",Customer Service
C0801,"To whom it may concern, I was misled about what the insurance actually included. Please escalate this.",Mis-selling
C0802,The paperwork was submitted a month ago and I am still waiting.,Delays & Processing
C0803,"I am writing to complain. My mortgage switch is taking far longer than you said it would. Also, i was sold a product that was not suitable for my circumstances.",Delays & Processing
C0804,"Hello, I was sold a product that was not suitable for my circumstances.",Mis-selling
C0805,It has taken six weeks to process my claim and nobody has updated me. I could not log in to check either. Please escalate this.,Delays & Processing
C0806,This is the second time I have raised this. The pament still has not arrived in my account. I expect compensation.,Delays & Processing
C0807,"To whm it may concern, There is an unexpected charge on my statement of £25. Also, there are transactions on my card I do not recognise. Please escalate this.",Fees & Charges
C0808,"Frankly, I cannot log in to the mobile app since the update. I expect compensation.",Account Access
C0809,"This is the second time I have raised this. I think I was the victim of a scam and sent money to a fraudster. Also, the webchat agent ended the conversation without solving anything. I want this put right.",Fraud & Scams
C0810,"Frankly, A person pretending to be from your bank phoned me and I gave them details. Also, a late payment fee appeared and I want it refunded.",Fraud & Scams
C0811,I am writing to complain. I was misled about what the insurance actually included. I expect compensation.,Mis-selling
C0812,This is the second time I have raised this. The website will not let me register for online access. I want this put right.,Account Access
C0813,I was tricked into moving savings to a safe account that was not safe. This is not acceptable.,Fraud & Scams
C0814,The paperwork was submitted a month ago and I am still waiting. Please sort this out.,Delays & Processing
C0815,This has caused me a lot of stress and I want answers. Please escalate this.,Mis-selling
C0816,"The account maintenance fee was taken twice this month. Also, i feel I was treated badly because of my age. Please escalate this.",Fees & Charges
C0817,I have been billed an annual fee I never agreed to. It has also been taking far too long.,Fees & Charges
C0818,A late payment fee appeared and I want it refunded. I also spent ages on hold when I called about it. I want this put right.,Fees & Charges
C0819,The fraud team closed my case without investigating properly. Please escalate this.,Fraud & Scams
C0820,"Hello, The adviser did not explain the risks of the investment. Also, you promised the money within three working days and it is still outstanding.",Mis-selling
C0821,"Frankly, The brochure said guaranteed returns and my money has lost value. Please escalate this.",Mis-selling
C0822,Nobody explained the foreign transaction charges before my holiday. I would like a response in writing.,Fees & Charges
C0823,I am writing to complain. My identity was stolen and a loan was taken out in my name. I expect compensation.,Fraud & Scams
C0824,I have been a customer for years. My account was frozen and I cannot get in to move money. I do not think it was explained properly when I bought it. I want this put right.,Account Access
C0825,"To whom it may concern, The staff member was rude and dismissive when I called. Also, i cannot log in to the mobile app since the update. I want this put right.",Customer Service
C0826,"I keep getting an error message when I sign in. Also, you took an overdraft fee even though I was within my limit. This is not acceptable.",Account Access
C0827,I have been a customer for years. I sent the form twice and it seems to have been lost in the system.,Delays & Processing
C0828,I think I was the victim of a scam and sent money to a fraudster. Please escalate this.,Fraud & Scams
C0829,I am very uhappy with how this has been handled.,Account Access
C0830,The staff member was rude and dismissive when I called. I want this put right.,Customer Service
C0831,"Hello, My card was cloned and used abroad.",Fraud & Scams
C0832,"Frankly, I reported the unauthorised payment but you refused to reimburse me. Also, there is an unexpected charge on my statement of £25. Please sort this out.",Fraud & Scams
C0833,"I was misled about what the insurance actually included. Also, a person pretending to be from your bank phoned me and I gave them details.",Mis-selling
C0834,"I have been a customer for years. The closure of my old account has dragged on for months. Also, i asked for a callback and it never happened. Please sort this out.",Delays & Processing
C0835,"Hello, My card reader stopped working and I cannot approve payments. I am worried it might be fraud. Please escalate this.",Account Access
C0836,I have had enough of the way this has gone. This is not acceptable.,Account Access
C0837,"Frankly, The costs keep creeping up and my balance is lower than it should be. Please sort this out.",Fees & Charges
C0838,"The password reset keeps failing and I am locked out. Also, i was advised to take out cover that duplicates what I already had. I would like a response in writing.",Account Access
C0839,The direct debit setup was delayed and I missed a bill because of it. This is not acceptable.,Delays & Processing
C0840,The password reset keeps failing and I am locked out. It has also been taking far too long. I expect compensation.,Account Access
C0841,This is the second time I have raised this. I keep getting an error message when I sign in. Please escalate this.,Account Access
C0842,"The direct debit setup was delayed and I missed a bill because of it. Also, a fake text message led me to a website and my money disappeared. Please sort this out.",Delays & Processing
C0843,I am writing to complain. I was advised to take out cover that duplicates what I already had.,Mis-selling
C0844,This is the second time I have raised this. I was hit with a penalty charge for a payment I made on time. It has also been taking far too long. I expect compensation.,Fees & Charges
C0845,"Hello, I spent an hour on hold and then the call was cut off. I want this put right.",Customer Service
C0846,"I am writing to complain. I was advised to take out cover that duplicates what I already had. Also, i asked for a callback and it never happened. Please sort this out.",Mis-selling
C0847,My application has been stuck for weeks with no progress. I could not log in to check either.,Delays & Processing
C0848,I have been a customer for years. I sent the form twice and it seems to have been lost in the system. Please sort this out.,Delays & Processing
C0849,A late payment fee appeared and I want it refunded. I do not think it was explained properly when I bought it. I want this put right.,Fees & Charges
C0850,"I reported the unauthorised payment but you refused to reimburse me. Also, you took an overdraft fee even though I was within my limit. I want this put right.",Fraud & Scams
C0851,"The staff member was rude and dismissive when I called. Also, the paperwork was submitted a month ago and I am still waiting. I expect compensation.",Customer Service
C0852,"There are transactions on my card I do not recognise. Also, the paperwork was submitted a month ago and I am still waiting.",Fraud & Scams
C0853,"Hello, My card was cloned and used abroad. I could not log in to check either. I would like a response in writing.",Fraud & Scams
C0854,I have had enough of the way this has gone. I would like a response in writing.,Delays & Processing
C0855,I have had enough of the way this has gone.,Fees & Charges
C0856,"Frankly, My transfer has been pending fr over a week. I would like a response in writing.",Delays & Processing
C0857,"This is the second time I have raised this. A person pretending to be from your bank phoned me and I gave them details. Also, i feel I was treated badly because of my age.",Fraud & Scams
C0858,There is an unexpected charge on my statement of £120. I would like a response in writing.,Fees & Charges
C0859,I am extremely disappointed and want this resolved.,Customer Service
C0860,"To whom it may concern, Nobody checked wether I could afford the credit agreement. I expect compensation.",Mis-selling
C0861,"To whom it may concern, My identity was stolen and a loan was taken out in my name.",Fraud & Scams
C0862,I am writing to complain. I was charged a monthly fee that nobody told me about. It has also been taking far too long. I expect compensation.,Fees & Charges
C0863,"Hello, A late payment fee appeared and I want it refunded.",Fees & Charges
C0864,"I am writing to complain. The app crashes every time I try to open my statements. Also, i was told this policy covered me but my claim was rejected. I would like a response in writing.",Account Access
C0865,"To whom it may concern, The closure of my old account has dragged on for months. Please escalate this.",Delays & Processing
C0866,"To whom it may concern, My application has been stuck for weeks with no progress. Also, the app crashes every time I try to open my statements. Please sort this out.",Delays & Processing
C0867,Two factor codes are not being sent to my phone. I also spent ages on hold when I called about it.,Account Access
C0868,"Frankly, There is an unexpected charge on my statement of £120. I could not log in to check either. Please sort this out.",Fees & Charges
C0869,I was misled about what the insurance actually included. Please escalate this.,Mis-selling
C0870,"Two factor codes are not being sent to my phone. Also, the webchat agent ended the conversation without solving anything. I would like a response in writing.",Account Access
C0871,The pension transfer advice I received was poor and I have lost out. I lso spent ages on hold when I called about it. I expect compensation.,Mis-selling
C0872,This is the second time I have raised this. There are transactions on my card I do not recognise. I expect compensation.,Fraud & Scams
C0873,My card reader stopped working and I cannot approve payments. Please sort this out.,Account Access
C0874,I have been  customer for years. My account was frozen and I cannot get in to move money.,Account Access
C0875,Your advisor gave me different answers on two separate calls. I would like a response in writing.,Customer Service
C0876,"Frankly, The terms were very different from what I was promised at the time of sale. Also, the fraud team closed my case without investigating properly.",Mis-selling
C0877,"Frankly, I spent an hour on hold and then the call was cut off. I want this put right.",Customer Service
C0878,"Frankly, Nobody has responded to my emails despite three reminders. Please escalate this.",Customer Service
C0879,"I am writing to complain. I sent the form twice and it seems to have been lost in the system. Also, the app crashes every time I try to open my statements. I expect compensation.",Delays & Processing
C0880,I am writing to complain. A person pretending to be from your bank phoned me and I gave them details. I want this put right.,Fraud & Scams
C0881,"I am writing to complain. I was misled about what the insurance actually included. Also, the password reset keeps failing and I am locked out. This is not acceptable.",Mis-selling
C0882,"This is the second time I have raised this. Nobody checked whether I could afford the credit agreement. Also, the staff member was rude and dismissive when I called. Please sort this out.",Mis-selling
C0883,"Hello, The terms were very different from what I was promised at the time of sale. I want this put right.",Mis-selling
C0884,I have been a customer for years. My identity was stolen and a loan was taken out in my name. There was also a fee involved. I would like a response in writing.,Fraud & Scams
C0885,"To whom it may concern, I am unable to access my account to see my balance.",Account Access
C0886,Nobody has responded to my emails despite three reminders.,Customer Service
C0887,"Frankly, A late payment fee appeared and I want it refunded.",Fees & Charges
C0888,"To whom it may concern, I was told this policy covered me but my claim was rejected. I would like a response in writing.",Mis-selling
C0889,It has taken six weeks to process my claim and nobody has updated me. I want this put right.,Delays & Processing
C0890,This is the second time I have raised this. I am unable to access my account to see my balance. It has also been taking far too long. I expect compensation.,Account Access
C0891,This is the second time I have raised this. Nobody explained the foreign transaction charges before my holiday. Please sort this out.,Fees & Charges
C0892,"I was charged a monthly fee that nobody told me about. Also, my account was frozen and I cannot get in to move money.",Fees & Charges
C0893,I have been a customer for years. You promised the money within three working days and it is still outstanding. There was also a fee involved. I want this put right.,Delays & Processing
C0894,Nobody has responded to my emails despite three reminders. I do not think it was explained properly when I bought it. I expect compensation.,Customer Service
C0895,Nobody has responded to my emails despite three reminders. I expect compensation.,Customer Service
C0896,"Frankly, The salesperson pushed me into a plan I did not need. Please sort this out.",Mis-selling
C0897,The payment still has not arrived in my account. I expect compensation.,Delays & Processing
C0898,"This is the second time I have raised this. My identity was stolen and a loan was taken out in my name. Also, the brochure said guaranteed returns and my money has lost value.",Fraud & Scams
C0899,"Frankly, The payment still has not arrived in my account.",Delays & Processing
C0900,"Hello, I spent an hour on hold and then the call was cut off. Also, the account maintenance fee was taken twice this month.",Customer Service
