complaint_id,text,true_label,seeded_final_label,rule_label,seedless_model_label,seedless_model_confidence,seedless_final_label,seedless_method,used_for_this_run,seedless_correct,changed_vs_seeded
C0001,"I was told this policy overed me but my claim was rejected. Also, the complaints handler was unhelpful and talked over me. This is not acceptable.",Mis-selling,Mis-selling,,Customer Service,0.735,Customer Service,model,test,False,True
C0002,"Hello, I was told this policy covered me but my claim was rejected. I could not log in to check either.",Mis-selling,Account Access,Account Access,Mis-selling,0.943,Account Access,rule,train,False,False
C0003,This is the second time I have raised this. The salesperson pushed me into a plan I did not need. I could not log in to check either. I would like a response in writing.,Mis-selling,Mis-selling,,Mis-selling,0.84,Mis-selling,model,test,True,False
C0004,I am writing to complain. It has taken six weeks to process my claim and nobody has updated me. Please sort this out.,Delays & Processing,Delays & Processing,,Delays & Processing,0.976,Delays & Processing,model,train,True,False
C0005,My mortgage switch is taking far longer than you said it would. Please escalate this.,Delays & Processing,Delays & Processing,,Delays & Processing,0.933,Delays & Processing,model,train,True,False
C0006,"Hello, The app crashes every time I try to open my statements. There was also a fee involved. I expect compensation.",Account Access,Account Access,,Account Access,0.942,Account Access,model,train,True,False
C0007,This is the second time I have raised this. The brochure said guaranteed returns and my money has lost value. I also spent ages on hold when I called about it. Please sort this out.,Mis-selling,Mis-selling,,Mis-selling,0.929,Mis-selling,model,train,True,False
C0008,This is the second time I have raised this. I asked for a callback and it never happened. I would like a response in writing.,Customer Service,Customer Service,,Customer Service,0.924,Customer Service,model,train,True,False
C0009,"I am writing to complain. Why has my interest rate gone up without notice, it is costing me more every month.",Fees & Charges,Fees & Charges,,Fees & Charges,0.838,Fees & Charges,model,train,True,False
C0010,"To whom it may concern, Someone has made payments from my account that I did not authorise. Also, the app crashes every time I try to open my statements. Please escalate this.",Fraud & Scams,Account Access,,Fraud & Scams,0.677,Fraud & Scams,model,train,True,True
C0011,"I was tricked into moving savings to a safe account that was not safe. Also, my account was frozen and I cannot get in to move money.",Fraud & Scams,Fraud & Scams,,Fraud & Scams,0.897,Fraud & Scams,model,train,True,False
C0012,I asked for a callback and it never happened.,Customer Service,Customer Service,,Customer Service,0.98,Customer Service,model,train,True,False
C0013,A late payment fee appeared and I want it refunded. It has also been takig far too long. I want this put right.,Fees & Charges,Fees & Charges,,Fees & Charges,0.969,Fees & Charges,model,train,True,False
C0014,"Frankly, The complaints handler was unhelpful and talked over me. I am worried it might be fraud. I want this put right.",Customer Service,Customer Service,,Customer Service,0.894,Customer Service,model,test,True,False
C0015,"I am writing to complain. Nobody explained the foreign transaction charges before my holiday. Also, my account was frozen and I cannot get in to move money. I want this put right.",Fees & Charges,Fees & Charges,,Fees & Charges,0.917,Fees & Charges,model,train,True,False
C0016,The adviser did not explain the risks of the investment.,Mis-selling,Mis-selling,Mis-selling,Mis-selling,0.976,Mis-selling,rule,train,True,False
C0017,Two factor codes are not being sent to my phone. Please sort this out.,Account Access,Account Access,Account Access,Account Access,0.923,Account Access,rule,train,True,False
C0018,I am writing to complain. A late payment fee appeared and I want it refunded.,Fees & Charges,Fees & Charges,,Fees & Charges,0.956,Fees & Charges,model,test,True,False
C0019,"Frankly, The branch manager would not listen to my concerns. Please escalate this.",Customer Service,Customer Service,,Customer Service,0.959,Customer Service,model,train,True,False
C0020,I am writing to complain. The payment still has not arrived in my account. Please escalate this.,Delays & Processing,Delays & Processing,,Delays & Processing,0.968,Delays & Processing,model,train,True,False
C0021,"Hello, My application has been stuck for weeks with no progress.",Delays & Processing,Delays & Processing,Delays & Processing,Delays & Processing,0.979,Delays & Processing,rule,train,True,False
C0022,I am extremely disappointed and want this resolved. I expect compensation.,Fraud & Scams,Needs review,,Customer Service,0.44,Needs review,human queue,train,False,False
C0023,"Frankly, I sent the form twice and it seems to have been lost in the system.",Delays & Processing,Delays & Processing,,Delays & Processing,0.977,Delays & Processing,model,train,True,False
C0024,The salesperson pushed me into a plan I did not need. I expect compensation.,Mis-selling,Mis-selling,,Mis-selling,0.9,Mis-selling,model,test,True,False
C0025,I have been a customer for years. A fake text message led me to a website and my money disappeared. I expect compensation.,Fraud & Scams,Fraud & Scams,,Fraud & Scams,0.857,Fraud & Scams,model,train,True,False
C0026,There is an unexpected charge on my statement of £120. I would like a response in writing.,Fees & Charges,Fees & Charges,Fees & Charges,Fees & Charges,0.915,Fees & Charges,rule,train,True,False
C0027,"The terms were very different from what I was promised at the time of sale. Also, there is an unexpected charge on my statement of £25. Please escalate this.",Mis-selling,Fees & Charges,Fees & Charges,Mis-selling,0.778,Fees & Charges,rule,train,False,False
C0028,"Hello, It has taken six weeks to process my claim and nobody has updated me. Also, i spent an hour on hold and then the call was cut off.",Delays & Processing,Delays & Processing,,Customer Service,0.636,Customer Service,model,test,False,True
C0029,"Frankly, The app crashes every time I try to open my statements. Also, the payment still has not arrived in my account.",Account Access,Account Access,,Account Access,0.773,Account Access,model,train,True,False
C0030,"My identity was stolen and a loan was taken out in my name. Also, my transfer has been pending for over a week. Please sort this out.",Fraud & Scams,Fraud & Scams,,Fraud & Scams,0.834,Fraud & Scams,model,train,True,False
C0031,I am very unhappy with how this has been handled. I want this put right.,Fees & Charges,Fees & Charges,,Fees & Charges,0.729,Fees & Charges,model,train,True,False
C0032,"Hello, The webchat agent ended the conversation without solving anything. Please escalate this.",Customer Service,Customer Service,,Customer Service,0.923,Customer Service,model,train,True,False
C0033,The adviser did not explain the risks of the investment. This is not acceptable.,Mis-selling,Mis-selling,Mis-selling,Mis-selling,0.934,Mis-selling,rule,train,True,False
C0034,"Frankly, A late payment fee appeared and I want it refunded. I would like a response in writing.",Fees & Charges,Fees & Charges,,Fees & Charges,0.946,Fees & Charges,model,train,True,False
C0035,The closure of my old account has draggd on for months.,Delays & Processing,Delays & Processing,,Delays & Processing,0.935,Delays & Processing,model,train,True,False
C0036,"I have been a customer for years. The webchat agent ended the conversation without solving anything. Also, why has my interest rate gone up without notice, it is costing me more every month. Please sort this out.",Customer Service,Customer Service,,Customer Service,0.842,Customer Service,model,train,True,False
C0037,This has caused me a lot of stress and I want answers. I would like a response in writing.,Fraud & Scams,Needs review,,Delays & Processing,0.213,Needs review,human queue,train,False,False
C0038,"My card reader stopped working and I cannot approve payments. Also, the pension transfer advice I received was poor and I have lost out.",Account Access,Account Access,,Account Access,0.78,Account Access,model,train,True,False
C0039,"I am writing to complain. I spent an hour on hold and then the call was cut off. Also, nobody explained the foreign transaction charges before my holiday. Please escalate this.",Customer Service,Customer Service,Customer Service,Customer Service,0.817,Customer Service,rule,train,True,False
C0040,"Frankly, The webchat agent ended the conversation without soving anything. Please sort this out.",Customer Service,Customer Service,,Customer Service,0.948,Customer Service,model,train,True,False
C0041,I have been a customer for years. My transfer has been pending for over a week. This is not acceptable.,Delays & Processing,Delays & Processing,,Delays & Processing,0.97,Delays & Processing,model,train,True,False
C0042,I am writing to complain. Your advisor gave me different answers on two separate calls. This is not acceptable.,Customer Service,Customer Service,,Customer Service,0.904,Customer Service,model,train,True,False
C0043,"Frankly, I was told this policy covered me but my claim was rejected. I could not log in to check either. I would like a response in writing.",Mis-selling,Account Access,Account Access,Mis-selling,0.938,Account Access,rule,train,False,False
C0044,"Hello, A late payment fee appeared and I want it refunded. Please sort this out.",Fees & Charges,Fees & Charges,,Fees & Charges,0.976,Fees & Charges,model,train,True,False
C0045,I am writing to complain. The fraud team closed my case without investigating properly.,Fraud & Scams,Fraud & Scams,Fraud & Scams,Fraud & Scams,0.931,Fraud & Scams,rule,train,True,False
C0046,"This is the second time I have raised this. I was hit with a penalty charge for a payment I made on time. Also, you promised the money within three working days and it is still outstanding. Please escalate this.",Fees & Charges,Fees & Charges,Fees & Charges,Fees & Charges,0.745,Fees & Charges,rule,train,True,False
C0047,"Frankly, The complaints handler was unhelpful and talked over me. There was also a fee involved.",Customer Service,Customer Service,,Customer Service,0.945,Customer Service,model,train,True,False
C0048,I am very unhappy with how this has been handled. I expect compensation.,Account Access,Account Access,,Account Access,0.812,Account Access,model,train,True,False
C0049,"Hello, My account was frozen and I cannot get in to move money. Also, the paperwork was submitted a month ago and I am still waiting.",Account Access,Account Access,,Account Access,0.686,Account Access,model,train,True,False
C0050,I have been a customer for years. The app crashes every time I try to open my statements. This is not acceptable.,Account Access,Account Access,Account Access,Account Access,0.955,Account Access,rule,train,True,False
C0051,"Hello, Nobody explained the foreign transaction charges before my holiday. Also, the salesperson pushed me into a plan I did not need.",Fees & Charges,Fees & Charges,,Fees & Charges,0.863,Fees & Charges,model,train,True,False
C0052,"Hello, It has taken six weeks to process my claim and nobody has updated me. I also spent ages on hold when I called about it. I would like a response in writing.",Delays & Processing,Delays & Processing,,Delays & Processing,0.876,Delays & Processing,model,train,True,False
C0053,"Frankly, You promised the money within three working days and it is still outstanding. I want this put right.",Delays & Processing,Delays & Processing,,Delays & Processing,0.914,Delays & Processing,model,train,True,False
C0054,"I am writing to complain. The brochure said guaanteed returns and my money has lost value. Also, my identity was stolen and a loan was taken out in my name.",Mis-selling,Mis-selling,,Mis-selling,0.783,Mis-selling,model,train,True,False
C0055,"Hello, I was tricked into moving savings to a safe account that was not safe. I expect compensation.",Fraud & Scams,Fraud & Scams,,Fraud & Scams,0.958,Fraud & Scams,model,test,True,False
C0056,"You promised the money within three working days and it is still outstanding. Also, the staff member was rude and dismissive when I called.",Delays & Processing,Customer Service,Customer Service,Delays & Processing,0.598,Customer Service,rule,train,False,False
C0057,"The pension transfer advice I received was poor and I have lost out. Also, i cannot log in to the mobile app since the update. I expect compensation.",Mis-selling,Account Access,Account Access,Mis-selling,0.668,Account Access,rule,test,False,False
C0058,"Why has my interest rate gone up without notice, it is costing me more every month. I want this put right.",Fees & Charges,Fees & Charges,,Fees & Charges,0.898,Fees & Charges,model,test,True,False
C0059,"Frankly, The account maintenance fee was taken twice this month. It has also been taking far too long.",Fees & Charges,Fees & Charges,,Fees & Charges,0.963,Fees & Charges,model,train,True,False
C0060,I feel I was treated badly because of my age.,Customer Service,Customer Service,Customer Service,Customer Service,0.976,Customer Service,rule,train,True,False
C0061,"I have been a customer for years. I asked for a callback and it never happened. Also, you promised the money within three working days and it is still outstanding.",Customer Service,Needs review,,Customer Service,0.54,Needs review,human queue,train,False,False
C0062,"To whom it may concern, Why has my interest rate gone up without notice, it is costing me more every month. Please escalate this.",Fees & Charges,Fees & Charges,,Fees & Charges,0.913,Fees & Charges,model,train,True,False
C0063,"To whom it may concern, The account maintenance fee was taken twice this month. Also, the paperwork was submitted a month ago and I am still waiting. Please escalate this.",Fees & Charges,Fees & Charges,,Fees & Charges,0.798,Fees & Charges,model,train,True,False
C0064,The website will not let me register for online access.,Account Access,Account Access,,Account Access,0.983,Account Access,model,train,True,False
C0065,"Hello, The password reset keeps failing and I am locked out. There was also a fee involved.",Account Access,Account Access,Account Access,Account Access,0.976,Account Access,rule,train,True,False
C0066,"The password reset keeps failing and I am locked out. Also, i was advised to take out cover that duplicates what I already had. I expect compensation.",Account Access,Account Access,Account Access,Account Access,0.892,Account Access,rule,train,True,False
C0067,A person pretending to be from your bank phoned me and I gave them details.,Fraud & Scams,Fraud & Scams,,Fraud & Scams,0.986,Fraud & Scams,model,train,True,False
C0068,"I am writing to complain. I was tricked into moving savings to a safe account that was not safe. Also, the complaints handler was unhelpful and talked over me. I expect compensation.",Fraud & Scams,Fraud & Scams,,Fraud & Scams,0.763,Fraud & Scams,model,train,True,False
C0069,I was misled about what the insurance actually included. I expect compensation.,Mis-selling,Mis-selling,Mis-selling,Mis-selling,0.981,Mis-selling,rule,test,True,False
C0070,There are transactions on my card I do not recognise. I want this put right.,Fraud & Scams,Fraud & Scams,,Fraud & Scams,0.977,Fraud & Scams,model,train,True,False
C0071,"To whom it may concern, Nobody explained the foreign transaction charges before my holiday. Also, i reported the unauthorised payment but you refused to reimburse me. I expect compensation.",Fees & Charges,Fraud & Scams,Fraud & Scams,Fees & Charges,0.658,Fraud & Scams,rule,train,False,False
C0072,I feel I was treated badly becaus of my age. I would like a response in writing.,Customer Service,Customer Service,Customer Service,Customer Service,0.941,Customer Service,rule,train,True,False
C0073,This is the second time I have raised this. I was sold a product that was not suitable for my circumstances. This is not acceptable.,Mis-selling,Mis-selling,Mis-selling,Mis-selling,0.934,Mis-selling,rule,train,True,False
C0074,I was sold a product that was not suitable for my circumstances. It has also been taking far too long. I would like a response in writing.,Mis-selling,Mis-selling,Mis-selling,Mis-selling,0.955,Mis-selling,rule,train,True,False
C0075,The pension transfer advice I received was poor and I have lost out.,Mis-selling,Mis-selling,,Mis-selling,0.965,Mis-selling,model,test,True,False
C0076,"Hello, I am unable to access my account to see my balance. Please sort this out.",Account Access,Account Access,,Account Access,0.903,Account Access,model,train,True,False
C0077,I am writing to complain. My online banking is locked and the reset link never arrives. Please sort this out.,Account Access,Account Access,Account Access,Account Access,0.919,Account Access,rule,train,True,False
C0078,I have been a customer for years. My application has been stuck for weeks with no progress. This is not acceptable.,Delays & Processing,Delays & Processing,Delays & Processing,Delays & Processing,0.985,Delays & Processing,rule,train,True,False
C0079,"I have been a customer for years. I was misled about what the insurance actually included. Also, the payment still has not arrived in my account. Please sort this out.",Mis-selling,Mis-selling,Mis-selling,Mis-selling,0.693,Mis-selling,rule,train,True,False
C0080,Nobody has responded to my emails despite three reminders. Please sort this out.,Customer Service,Customer Service,,Customer Service,0.98,Customer Service,model,test,True,False
C0081,"Frankly, Why has my interest rate gone up without notice, it is costing me more every month. It has also been taking far too long. I expect compensation.",Fees & Charges,Fees & Charges,,Fees & Charges,0.874,Fees & Charges,model,train,True,False
C0082,"To whom it may concern, The fraud team closed my case without investigating properly. I do not think it was explained properly when I bought it.",Fraud & Scams,Fraud & Scams,Fraud & Scams,Fraud & Scams,0.88,Fraud & Scams,rule,test,True,False
C0083,I am extremely disappointed and want this resolved. I would like a response in writing.,Account Access,Needs review,,Customer Service,0.483,Needs review,human queue,test,False,False
C0084,I am writing to complain. The paperwork was submitted a month ago and I am still waiting. I expect compensation.,Delays & Processing,Delays & Processing,,Delays & Processing,0.807,Delays & Processing,model,test,True,False
C0085,"I have been a customer for years. The password reset keeps failing and I am locked out. Also, your advisor gave me different answers on two separate calls. I expect compensation.",Account Access,Account Access,Account Access,Account Access,0.819,Account Access,rule,train,True,False
C0086,"The branch manager would not listen to my concerns. Also, my identity was stolen and a loan was taken out in my name.",Customer Service,Customer Service,,Customer Service,0.767,Customer Service,model,train,True,False
C0087,The app crashes every time I try to open my statements.,Account Access,Account Access,Account Access,Account Access,0.957,Account Access,rule,train,True,False
C0088,I have been a customer for years. I was misled about what the insurance actually included. Please sort this out.,Mis-selling,Mis-selling,Mis-selling,Mis-selling,0.971,Mis-selling,rule,train,True,False
C0089,My online banking is locked and the reset link never arrives.,Account Access,Account Access,Account Access,Account Access,0.965,Account Access,rule,test,True,False
C0090,Someone has made payments from my account that I did not authorise. Please sort this out.,Fraud & Scams,Fraud & Scams,Fraud & Scams,Fraud & Scams,0.954,Fraud & Scams,rule,train,True,False
C0091,This is the second time I have raised this. I keep getting an error message when I sign in.,Account Access,Account Access,Account Access,Account Access,0.97,Account Access,rule,train,True,False
C0092,"This is the second time I have raised this. I keep getting an error message when I sign in. Also, the paperwork was submitted a month ago and I am still waiting. Please escalate this.",Account Access,Account Access,,Account Access,0.809,Account Access,model,train,True,False
C0093,"Hello, A late payment fee appeared and I want it refunded.",Fees & Charges,Fees & Charges,,Fees & Charges,0.975,Fees & Charges,model,train,True,False
C0094,"To whom it may concern, The costs keep creeping up and my balance is lower than it should be. Also, i was misled about what the insurance actually included. Please sort this out.",Fees & Charges,Mis-selling,Mis-selling,Fees & Charges,0.785,Mis-selling,rule,train,False,False
C0095,"I have been a customer for years. I keep getting an error message when I sign in. Also, i was misled about what the insurance actually included. I would like a response in writing.",Account Access,Account Access,,Account Access,0.714,Account Access,model,train,True,False
C0096,My mortgage switch is taking far longer than you said it would. Please sort this out.,Delays & Processing,Delays & Processing,,Delays & Processing,0.926,Delays & Processing,model,train,True,False
C0097,"Frankly, There are transactions on my card I do not recognise. I also spent ages on hold when I called about it.",Fraud & Scams,Fraud & Scams,,Fraud & Scams,0.911,Fraud & Scams,model,train,True,False
C0098,"To whom it may concern, The app crashes every time I try to open my statements. Also, you promised the money within three working days and it is still outstanding. Please escalate this.",Account Access,Account Access,,Account Access,0.775,Account Access,model,train,True,False
C0099,I have been a customer for years. A person pretending to be from your bank phoned me and I gave them details.,Fraud & Scams,Fraud & Scams,,Fraud & Scams,0.978,Fraud & Scams,model,train,True,False
C0100,"Hello, The salesperson pushed me into a plan I did not need. It has also been taking far too long. I would like a response in writing.",Mis-selling,Mis-selling,,Mis-selling,0.91,Mis-selling,model,train,True,False
C0101,I was passed between four departmens and no one took ownership.,Customer Service,Customer Service,,Customer Service,0.921,Customer Service,model,train,True,False
C0102,"Frankly, A late payment fee appeared and I want it refunded. Also, the staff member was rude and dismissive when I called.",Fees & Charges,Customer Service,Customer Service,Fees & Charges,0.79,Customer Service,rule,train,False,False
C0103,Nobody explained the foreign transaction charges before my holiday. I could not log in to check either. This is not acceptable.,Fees & Charges,Account Access,Account Access,Fees & Charges,0.972,Account Access,rule,test,False,False
C0104,The password reset keeps failing and I am locked out. There was also a fee involved.,Account Access,Account Access,Account Access,Account Access,0.975,Account Access,rule,train,True,False
C0105,I have been a customer for years. The fraud team closed my case without investigating properly. I would like a response in writing.,Fraud & Scams,Fraud & Scams,Fraud & Scams,Fraud & Scams,0.908,Fraud & Scams,rule,test,True,False
C0106,I am writing to complain. The costs keep creeping up and my balance is lower than it should be.,Fees & Charges,Fees & Charges,,Fees & Charges,0.954,Fees & Charges,model,train,True,False
C0107,The webchat agent ended the conversation without solving anything.,Customer Service,Customer Service,,Customer Service,0.977,Customer Service,model,train,True,False
C0108,"Frankly, Nobody checked whether I could afford the credit agreement.",Mis-selling,Mis-selling,,Mis-selling,0.963,Mis-selling,model,test,True,False
C0109,"Hello, My mortgage switch is taking far longer than you said it would. Also, two factor codes are not being sent to my phone.",Delays & Processing,Delays & Processing,,Delays & Processing,0.728,Delays & Processing,model,train,True,False
C0110,"Frankly, A fake text message led me to a website and my money disappeared. I expect compensation.",Fraud & Scams,Fraud & Scams,,Fraud & Scams,0.899,Fraud & Scams,model,train,True,False
C0111,I reported the unauthorised payment but you refused to reimburse me. I expect compensation.,Fraud & Scams,Fraud & Scams,Fraud & Scams,Fraud & Scams,0.954,Fraud & Scams,rule,test,True,False
C0112,I am writing to complain. My card reader stopped working and I cannot approve payments.,Account Access,Account Access,,Account Access,0.976,Account Access,model,train,True,False
C0113,"Frankly, The terms were very different from what I was promised at the time of sale. Also, a fake text message led me to a website and my money disappeared. I want this put right.",Mis-selling,Mis-selling,,Mis-selling,0.793,Mis-selling,model,train,True,False
C0114,I am unable to access my account to see my balance. This is not acceptable.,Account Access,Account Access,,Account Access,0.968,Account Access,model,test,True,False
C0115,This is the second time I have raised this. The closure of my old account has dragged on for months. I could not log in to check either. I would like a response in writing.,Delays & Processing,Delays & Processing,,Delays & Processing,0.916,Delays & Processing,model,train,True,False
C0116,"Frankly, Two factor codes are not being sent to my phone. Also, there are transactions on my card I do not recognise.",Account Access,Account Access,,Account Access,0.858,Account Access,model,train,True,False
C0117,I have been a customer for years. I have been billed an annual fee I never agreed to. I expect compensation.,Fees & Charges,Fees & Charges,Fees & Charges,Fees & Charges,0.87,Fees & Charges,rule,test,True,False
C0118,This is the second time I have raised this. I asked for a callback and it never happened. I would like a response in writing.,Customer Service,Customer Service,,Customer Service,0.924,Customer Service,model,test,True,False
C0119,This is the second time I have raised this. The ebchat agent ended the conversation without solving anything.,Customer Service,Customer Service,,Customer Service,0.923,Customer Service,model,train,True,False
C0120,I have been a customer for years. I was told this policy covered me but my claim was rejected. I also spent ages on hold when I called about it. Please escalate this.,Mis-selling,Customer Service,Customer Service,Mis-selling,0.907,Customer Service,rule,train,False,False
C0121,"To whom it may concern, Nobody explained the foreign transaction charges before my holiday. Also, the direct debit setup was delayed and I missed a bill because of it. I want this put right.",Fees & Charges,Fees & Charges,,Fees & Charges,0.839,Fees & Charges,model,train,True,False
C0122,I am writing to complain. I spent an hour on hold and then the call was cut off. I do not think it was explained properly when I bought it. Please sort this out.,Customer Service,Customer Service,Customer Service,Customer Service,0.972,Customer Service,rule,train,True,False
C0123,I have been a customer for years. The direct debit setup was delayed and I missed a bill because of it.,Delays & Processing,Delays & Processing,,Delays & Processing,0.959,Delays & Processing,model,train,True,False
C0124,The closure of my old account has dragged on for months. There was also a fee involved. I expect compensation.,Delays & Processing,Delays & Processing,,Delays & Processing,0.915,Delays & Processing,model,train,True,False
C0125,"I am writing to complain. There are transactions on my card I do not recognise. Also, my mortgage switch is taking far longer than you said it would.",Fraud & Scams,Delays & Processing,,Fraud & Scams,0.705,Fraud & Scams,model,train,True,True
C0126,There is an unexpected charge on my statement of £25. I could not log in to check either.,Fees & Charges,Fees & Charges,,Fees & Charges,0.945,Fees & Charges,model,train,True,False
C0127,I am writing to complain. It has taken six weeks to process my claim and nobody has updated me. I could not log in to check either. Please escalate this.,Delays & Processing,Delays & Processing,,Delays & Processing,0.956,Delays & Processing,model,train,True,False
C0128,"The adviser did not explain the risks of the investment. Also, a fake text message led me to a website and my money disappeared. I would like a response in writing.",Mis-selling,Mis-selling,Mis-selling,Mis-selling,0.74,Mis-selling,rule,train,True,False
C0129,Please look into what happened on my account. I expect compensation.,Delays & Processing,Needs review,,Delays & Processing,0.349,Needs review,human queue,test,False,False
C0130,This is the second time I have raised this. I was tricked into moving savings to a safe account that was not safe. Please sort this out.,Fraud & Scams,Fraud & Scams,,Fraud & Scams,0.937,Fraud & Scams,model,test,True,False
C0131,I have been a customer for years. The direct debit setup was delayed and I missed a bill because of it. Please escalate this.,Delays & Processing,Delays & Processing,,Delays & Processing,0.947,Delays & Processing,model,train,True,False
C0132,I was passed between for departments and no one took ownership. I could not log in to check either. Please sort this out.,Customer Service,Customer Service,,Customer Service,0.944,Customer Service,model,train,True,False
C0133,My card reader stopped working and I cannot approve payments. This is not acceptable.,Account Access,Account Access,,Account Access,0.989,Account Access,model,train,True,False
C0134,"Frankly, The pension transfer advice I received was poor and I have lost out. I want this put right.",Mis-selling,Mis-selling,,Mis-selling,0.949,Mis-selling,model,test,True,False
C0135,"Hello, I was tricked into moving savings to a safe account that was not safe.",Fraud & Scams,Fraud & Scams,,Fraud & Scams,0.952,Fraud & Scams,model,train,True,False
C0136,I am writing to complain. I was hit with a penalty charge for a payment I made on time. This is not acceptable.,Fees & Charges,Fees & Charges,Fees & Charges,Fees & Charges,0.94,Fees & Charges,rule,train,True,False
C0137,I think I was the victim f a scam and sent money to a fraudster. I expect compensation.,Fraud & Scams,Fraud & Scams,Fraud & Scams,Fraud & Scams,0.98,Fraud & Scams,rule,train,True,False
C0138,This is the second time I have raised this. The fraud team closed my case without investigating properly. I do not think it was explained properly when I bought it. Please sort this out.,Fraud & Scams,Fraud & Scams,Fraud & Scams,Fraud & Scams,0.9,Fraud & Scams,rule,train,True,False
C0139,"I am writing to complain. The brochure said guaranteed returns and my money has lost value. Also, why has my interest rate gone up without notice, it is costing me more every month. I would like a response in writing.",Mis-selling,Mis-selling,,Mis-selling,0.855,Mis-selling,model,train,True,False
C0140,"To whom it may concern, I feel I was treated badly because of my age. Also, my mortgage switch is taking far longer than you said it would.",Customer Service,Customer Service,,Customer Service,0.764,Customer Service,model,train,True,False
C0141,"The salesperson pushed me into a plan I did not need. Also, the paperwork was submitted a month ago and I am still waiting. I expect compensation.",Mis-selling,Mis-selling,,Mis-selling,0.626,Mis-selling,model,train,True,False
C0142,There is an unexpected charge on my statement of £60. This is not acceptable.,Fees & Charges,Fees & Charges,Fees & Charges,Fees & Charges,0.962,Fees & Charges,rule,train,True,False
C0143,Your advisor gave me different answers on two separate calls.,Customer Service,Customer Service,,Customer Service,0.955,Customer Service,model,test,True,False
C0144,I spent an hour on hold and then the call was cut off. This is not acceptable.,Customer Service,Customer Service,Customer Service,Customer Service,0.962,Customer Service,rule,test,True,False
C0145,"Hello, The app crashes every time I try to open my statements. It has also been taking far too long. I expect compensation.",Account Access,Account Access,Account Access,Account Access,0.908,Account Access,rule,train,True,False
C0146,"To whom it ay concern, I was charged a monthly fee that nobody told me about. I would like a response in writing.",Fees & Charges,Fees & Charges,Fees & Charges,Fees & Charges,0.949,Fees & Charges,rule,train,True,False
C0147,I have been a customer for years. It has taken six weeks to process my claim and nobody has updated me.,Delays & Processing,Delays & Processing,,Delays & Processing,0.973,Delays & Processing,model,train,True,False
C0148,I have been a customer for years. Nobody checked whether I could afford the credit agreement.,Mis-selling,Mis-selling,,Mis-selling,0.936,Mis-selling,model,train,True,False
C0149,My account was frozen and I cannot get in to move money. There was also a fee involved. I want this put right.,Account Access,Account Access,,Account Access,0.803,Account Access,model,train,True,False
C0150,I was misled about what the insurance actually included.,Mis-selling,Mis-selling,Mis-selling,Mis-selling,0.991,Mis-selling,rule,test,True,False
C0151,I am writing to complain. I was hit with a penalty charge for a payment I made on time. I am worried it might be fraud. I want this put right.,Fees & Charges,Fees & Charges,,Fees & Charges,0.933,Fees & Charges,model,train,True,False
C0152,"Hello, I feel I was treated badly because of my age.",Customer Service,Customer Service,Customer Service,Customer Service,0.981,Customer Service,rule,train,True,False
C0153,"Hello, My card reader stopped working and I cannot approve payments. This is not acceptable.",Account Access,Account Access,,Account Access,0.984,Account Access,model,train,True,False
C0154,"To whom it may concern, My account was frozen and I cannot get in to move money. I am worried it might be fraud. I would like a response in writing.",Account Access,Fraud & Scams,Fraud & Scams,Account Access,0.762,Fraud & Scams,rule,test,False,False
C0155,The closure of my old account has dragged on for months. I also spent ages on hold when I called about it. I expect compensation.,Delays & Processing,Delays & Processing,,Delays & Processing,0.851,Delays & Processing,model,train,True,False
C0156,"My card was cloned and used abroad. Also, the closure of my old account has dragged on for months. I want this put right.",Fraud & Scams,Fraud & Scams,,Fraud & Scams,0.771,Fraud & Scams,model,train,True,False
C0157,The app crashes every time I try to open my statements. There was also a fee involved. I want this put right.,Account Access,Account Access,,Account Access,0.907,Account Access,model,test,True,False
C0158,This has caused me a lot of stress and I want answers. I want this put right.,Fees & Charges,Needs review,,Fraud & Scams,0.262,Needs review,human queue,train,False,False
C0159,I have been a customer for years. The webchat agent ended the conversation without solving anything. I do not think it was explained properly when I bought it. I would like a response in writing.,Customer Service,Customer Service,,Customer Service,0.938,Customer Service,model,train,True,False
C0160,Please look into what happened on my account. Please escalate this.,Account Access,Needs review,,Fees & Charges,0.322,Needs review,human queue,test,False,False
C0161,I spent an hour on hold and then the call was cut off. This is not acceptable.,Customer Service,Customer Service,Customer Service,Customer Service,0.962,Customer Service,rule,train,True,False
C0162,I keep getting an error message when I sign in. I also spent ages on hold when I called about it. I expect compensation.,Account Access,Account Access,,Account Access,0.962,Account Access,model,train,True,False
C0163,You promised the money within three working days and it is still outstanding.,Delays & Processing,Delays & Processing,,Delays & Processing,0.958,Delays & Processing,model,test,True,False
C0164,Please look into what happened on my account. I would like a response in writing.,Mis-selling,Mis-selling,,Mis-selling,0.62,Mis-selling,model,train,True,False
C0165,"I have been a customer for years. The webchat agent ended the conversation without solving anything. Also, i have been billed an annual fee I never agreed to. I expect compensation.",Customer Service,Fees & Charges,Fees & Charges,Customer Service,0.845,Fees & Charges,rule,train,False,False
C0166,I am writing to complain. I was tricked into moving savings to a safe account that was not safe. It has also been taking far too long.,Fraud & Scams,Fraud & Scams,,Fraud & Scams,0.935,Fraud & Scams,model,test,True,False
C0167,"To whom it may concern, Someone has made payments from my account that I did not authorise. Also, the salesperson pushed me into a plan I did not need.",Fraud & Scams,Fraud & Scams,,Fraud & Scams,0.712,Fraud & Scams,model,train,True,False
C0168,"Hello, My card was cloned and used abroad. I want this put right.",Fraud & Scams,Fraud & Scams,Fraud & Scams,Fraud & Scams,0.933,Fraud & Scams,rule,train,True,False
C0169,This is the second time I have raised this. The paperwork was submitted a month ago and I am still waiting. I expect compensation.,Delays & Processing,Delays & Processing,,Delays & Processing,0.842,Delays & Processing,model,train,True,False
C0170,"Frankly, I was hit with a penalty charge for a payment I made on time. Also, the website will not let me register for online access. I want this put right.",Fees & Charges,Fees & Charges,Fees & Charges,Fees & Charges,0.773,Fees & Charges,rule,train,True,False
C0171,"Frankly, I cannot log in to the mobile app since the update. Also, a fake text message led me to a website and my money disappeared. Please escalate this.",Account Access,Account Access,Account Access,Account Access,0.707,Account Access,rule,train,True,False
C0172,I was told this policy covered me but my claim was rejected. I expect compensation.,Mis-selling,Mis-selling,,Mis-selling,0.952,Mis-selling,model,train,True,False
C0173,"To whom it may concern, My mortgage switch is taking far longer than you said it would. Also, i was misled about what the insurance actually included.",Delays & Processing,Mis-selling,Mis-selling,Delays & Processing,0.499,Mis-selling,rule,train,False,False
C0174,I am extremely disappointed and want this resolved. Please escalate this.,Customer Service,Needs review,,Customer Service,0.468,Needs review,human queue,test,False,False
C0175,I am writing to complain. Nobody explained the foreign transaction charges before my holiday. Please sort this out.,Fees & Charges,Fees & Charges,,Fees & Charges,0.956,Fees & Charges,model,train,True,False
C0176,"Frankly, There are transactions on my card I do not recognise. I want this put right.",Fraud & Scams,Fraud & Scams,,Fraud & Scams,0.972,Fraud & Scams,model,train,True,False
C0177,The app crashes every time I try to open my statements. It has also been taking far too long. Please escalate this.,Account Access,Account Access,Account Access,Account Access,0.852,Account Access,rule,test,True,False
C0178,"I was told this policy covered me but y claim was rejected. Also, my account was frozen and I cannot get in to move money.",Mis-selling,Mis-selling,,Mis-selling,0.937,Mis-selling,model,train,True,False
C0179,Please look into what happened on my account. I would like a response in writing.,Mis-selling,Mis-selling,,Mis-selling,0.62,Mis-selling,model,train,True,False
C0180,"My card reader stopped working and I cannot approve payments. Also, the adviser did not explain the risks of the investment. I expect compensation.",Account Access,Mis-selling,Mis-selling,Account Access,0.865,Mis-selling,rule,train,False,False
C0181,I keep getting an error message when I sign in.,Account Access,Account Access,Account Access,Account Access,0.99,Account Access,rule,train,True,False
C0182,I have been a customer for years. I have ben billed an annual fee I never agreed to. I want this put right.,Fees & Charges,Fees & Charges,Fees & Charges,Fees & Charges,0.966,Fees & Charges,rule,train,True,False
C0183,Someone has made payment from my account that I did not authorise. Please sort this out.,Fraud & Scams,Fraud & Scams,Fraud & Scams,Fraud & Scams,0.901,Fraud & Scams,rule,test,True,False
C0184,I am writing to complain. I cannot log in to the mobile app since the update. There was also a fee involved.,Account Access,Account Access,Account Access,Account Access,0.941,Account Access,rule,train,True,False
C0185,"The website will not let me register for online access. Also, the direct debit setup was delayed and I missed a bill because of it.",Account Access,Needs review,,Account Access,0.543,Needs review,human queue,test,False,False
C0186,"The costs keep creeping up and my balance is lower than it should be. Also, the staff member was rude and dismissive when I called.",Fees & Charges,Customer Service,Customer Service,Fees & Charges,0.777,Customer Service,rule,train,False,False
C0187,"To whom it may concern, The salesperson pushed me into a plan I did not need. Also, i was charged a monthly fee that nobody told me about. I expect compensation.",Mis-selling,Fees & Charges,Fees & Charges,Fees & Charges,0.74,Fees & Charges,rule,test,False,False
C0188,I am writing to complain. Nobody explained the foreign transaction charges before my holiday. Please sort this out.,Fees & Charges,Fees & Charges,,Fees & Charges,0.956,Fees & Charges,model,train,True,False
C0189,"Hello, A late payment fee appeared and I want it refunded.",Fees & Charges,Fees & Charges,,Fees & Charges,0.975,Fees & Charges,model,train,True,False
C0190,"Frankly, My account was rozen and I cannot get in to move money. I am worried it might be fraud. This is not acceptable.",Account Access,Fraud & Scams,Fraud & Scams,Account Access,0.742,Fraud & Scams,rule,train,False,False
C0191,I was told this policy covered me but my claim was rejected. I expect compensation.,Mis-selling,Mis-selling,,Mis-selling,0.952,Mis-selling,model,test,True,False
C0192,"Hello, A late payment fee appeared and I want it refunded.",Fees & Charges,Fees & Charges,,Fees & Charges,0.975,Fees & Charges,model,test,True,False
C0193,"Frankly, I was advised to take out cover that duplicates what I already had. I would like a response in writing.",Mis-selling,Mis-selling,,Mis-selling,0.927,Mis-selling,model,train,True,False
C0194,"Hello, My application has been stuck for weeks with no progress.",Delays & Processing,Delays & Processing,Delays & Processing,Delays & Processing,0.979,Delays & Processing,rule,train,True,False
C0195,"I am writing to complain. The staff member was rude and dismissive when I called. Also, the brochure said guaranteed returns and my money has lost value.",Customer Service,Customer Service,Customer Service,Customer Service,0.69,Customer Service,rule,train,True,False
C0196,"This is the second time I have raised this. The staff member was rude and dismissive when I called. Also, my card reader stopped working and I cannot approve payments.",Customer Service,Customer Service,Customer Service,Customer Service,0.808,Customer Service,rule,train,True,False
C0197,I am writing to complain. My mortgage switch is taking far longer than you said it would. Please escalate this.,Delays & Processing,Delays & Processing,,Delays & Processing,0.938,Delays & Processing,model,train,True,False
C0198,"To whom it may concern, The branch manager would not listen to my concerns. Also, a fake text message led me to a website and my money disappeared. I expect compensation.",Customer Service,Customer Service,,Customer Service,0.716,Customer Service,model,train,True,False
C0199,"To whom it may concern, Someone has made payments from my account that I did not authorise. Also, the complaints handler was unhelpful and talked over me.",Fraud & Scams,Needs review,,Customer Service,0.721,Customer Service,model,test,False,True
C0200,I am writing to complain. The complaints handler was unhelpful and talked over me. It has also been taking far too long. Please escalate this.,Customer Service,Customer Service,,Customer Service,0.951,Customer Service,model,train,True,False
C0201,I was misled about what the insurance actually included. I exect compensation.,Mis-selling,Mis-selling,Mis-selling,Mis-selling,0.989,Mis-selling,rule,test,True,False
C0202,"A person pretending to be from your bank phoned me and I gave them details. Also, i asked for a callback and it never happened.",Fraud & Scams,Fraud & Scams,,Fraud & Scams,0.892,Fraud & Scams,model,train,True,False
C0203,"To whom it may concern, The website will not let me register for online access. I would like a response in writing.",Account Access,Account Access,,Account Access,0.963,Account Access,model,train,True,False
C0204,This has caused me a lot of stress and I want answers.,Account Access,Needs review,,Account Access,0.22,Needs review,human queue,train,False,False
C0205,This is the second time I have raised this. The password reset keeps failing and I am locked out. I do not think it was explained properly when I bought it. I expect compensation.,Account Access,Account Access,Account Access,Account Access,0.917,Account Access,rule,train,True,False
C0206,"This is the second time I have raised this. Nobody checked whether I could afford the credit agreement. Also, a fake text message led me to a website and my money disappeared. Tis is not acceptable.",Mis-selling,Mis-selling,,Mis-selling,0.457,Needs review,human queue,test,False,True
C0207,"Hello, Your advisor gave me different answers on two separate calls. I could not log in to check either.",Customer Service,Account Access,Account Access,Customer Service,0.943,Account Access,rule,train,False,False
C0208,"To whom it may concern, Two factor codes are not being sent to my phone. There was also a fee involved. I would like a response in writing.",Account Access,Account Access,,Account Access,0.904,Account Access,model,train,True,False
C0209,This is the second time I have raised this. Someone has made payments from my account that I did not authorise.,Fraud & Scams,Fraud & Scams,Fraud & Scams,Fraud & Scams,0.95,Fraud & Scams,rule,train,True,False
C0210,My application has been stuck for weeks with no progress. I am worried it might be fraud.,Delays & Processing,Delays & Processing,,Delays & Processing,0.983,Delays & Processing,model,test,True,False
C0211,I think I was the victim of a scam and sent money to a fraudster. I do not think it was explained properly when I bought it. This is not acceptable.,Fraud & Scams,Fraud & Scams,Fraud & Scams,Fraud & Scams,0.943,Fraud & Scams,rule,test,True,False
C0212,Please look into what happened on my account.,Fees & Charges,Needs review,,Fees & Charges,0.289,Needs review,human queue,train,False,False
C0213,"Hello, Why has my interest rate gone up without notice, it is costing me more every month. I could not log in to check either. I would like a response in writing.",Fees & Charges,Fees & Charges,,Fees & Charges,0.827,Fees & Charges,model,train,True,False
C0214,"The complaints handler was unhelpful and talked over me. Also, someone has made payments from my account that I did not authorise.",Customer Service,Needs review,,Customer Service,0.806,Customer Service,model,train,True,True
C0215,"To whom it may concern, The app crashes every time I try to open my statements.",Account Access,Account Access,Account Access,Account Access,0.957,Account Access,rule,train,True,False
C0216,The adviser did not explain the risks of the investment. Please escalate this.,Mis-selling,Mis-selling,Mis-selling,Mis-selling,0.976,Mis-selling,rule,train,True,False
C0217,"Frankly, My card reader stopped working and I cannot approve payments. I want this put right.",Account Access,Account Access,,Account Access,0.962,Account Access,model,train,True,False
C0218,"Hello, I asked for a callback and it never happened. I want this put right.",Customer Service,Customer Service,,Customer Service,0.946,Customer Service,model,train,True,False
C0219,I am writing to complain. My online banking is locked and the reset link never arrives. I also spent ages on hold when I called about it. I want this put right.,Account Access,Account Access,Account Access,Account Access,0.907,Account Access,rule,train,True,False
C0220,I have been a customer for years. My account was frozen and I cannot get in to move money. I expect compensation.,Account Access,Account Access,,Account Access,0.952,Account Access,model,train,True,False
C0221,"Frankly, The pension transfer advice I received was poor and I have lost out. Also, i cannot log in to the mobile app since the update. This is not acceptable.",Mis-selling,Account Access,Account Access,Mis-selling,0.784,Account Access,rule,train,False,False
C0222,I was hit with a penalty charge for a payment I made on time. It has also been taking far too long. Please escalate this.,Fees & Charges,Fees & Charges,Fees & Charges,Fees & Charges,0.963,Fees & Charges,rule,train,True,False
C0223,"I am writing to complain. The pension transfer advice I received was poor and I have lost out. Also, i was hit with a penalty charge for a payment I made on time. Please sort this out.",Mis-selling,Fees & Charges,Fees & Charges,Mis-selling,0.598,Fees & Charges,rule,train,False,False
C0224,"To whom it may concern, My application has been stuck for weeks with no progress. I am worried it might be fraud. I expect compensation.",Delays & Processing,Delays & Processing,,Delays & Processing,0.953,Delays & Processing,model,train,True,False
C0225,"Frankly, It has taken six weeks to process my claim and nobody has updated me.",Delays & Processing,Delays & Processing,,Delays & Processing,0.974,Delays & Processing,model,train,True,False
C0226,"To whom it may concern, A late payment fee appeared and I want it refunded. It has also been taking far too long. This is not acceptable.",Fees & Charges,Fees & Charges,,Fees & Charges,0.967,Fees & Charges,model,train,True,False
C0227,This is the second time I have raised this. My mortgage switch is taking far longer than you said it would. I also spent ages on hold when I called about it. This is not acceptable.,Delays & Processing,Delays & Processing,,Delays & Processing,0.787,Delays & Processing,model,test,True,False
C0228,"Frankly, The pension transfer advice I received was poor and I have lost out. There was also a fee involved. I want this put right.",Mis-selling,Mis-selling,,Mis-selling,0.913,Mis-selling,model,test,True,False
C0229,You promised the money within three working days and it is still outstanding. Please sort this out.,Delays & Processing,Delays & Processing,,Delays & Processing,0.962,Delays & Processing,model,test,True,False
C0230,The staff member was rude and dismissive when I called. This is not acceptable.,Customer Service,Customer Service,Customer Service,Customer Service,0.956,Customer Service,rule,train,True,False
C0231,"The website will not let me register for online access. Also, i feel I was treated badly because of my age. Please sort this out.",Account Access,Customer Service,Customer Service,Account Access,0.798,Customer Service,rule,train,False,False
C0232,"Frankly, The paperwork was submitted a month ago and I am still waiting.",Delays & Processing,Delays & Processing,,Delays & Processing,0.883,Delays & Processing,model,test,True,False
C0233,The account maintenance fee was taken twice this month. I expect compensation.,Fees & Charges,Fees & Charges,,Fees & Charges,0.975,Fees & Charges,model,train,True,False
C0234,I reported the unauthorised payment but you refused to reimburse me. I could not log in to check either.,Fraud & Scams,Fraud & Scams,,Fraud & Scams,0.956,Fraud & Scams,model,train,True,False
C0235,My card reader stopped working and I cannot approve payments.,Account Access,Account Access,,Account Access,0.993,Account Access,model,train,True,False
C0236,This is the second time I have raised this. A late payment fee appeared and I want it refunded. I could not log in to check either. Please sort this out.,Fees & Charges,Fees & Charges,,Fees & Charges,0.952,Fees & Charges,model,train,True,False
C0237,I have had enough of the way this has gone. I would like a response in writing.,Mis-selling,Needs review,,Mis-selling,0.393,Needs review,human queue,train,False,False
C0238,I sent the form twice and it seems to have been lost in the system. I want this put right.,Delays & Processing,Delays & Processing,,Delays & Processing,0.965,Delays & Processing,model,train,True,False
C0239,"This is the second time I have raised this. I sent the form twice and it seems to have been lost in the system. Also, i was tricked into moving savings to a safe account that was not safe.",Delays & Processing,Delays & Processing,,Delays & Processing,0.749,Delays & Processing,model,train,True,False
C0240,The fraud team closed my case without investigating properly. There was also a fee involved.,Fraud & Scams,Fraud & Scams,,Fraud & Scams,0.925,Fraud & Scams,model,test,True,False
C0241,"Frankly, My application has been stuck for weeks with no progress. There was also a fee involved. I want this put right.",Delays & Processing,Delays & Processing,,Delays & Processing,0.952,Delays & Processing,model,train,True,False
C0242,I have been a customer for years. The paperwork was submitted a month ago and I am still waiting. I would like a response in writing.,Delays & Processing,Delays & Processing,,Delays & Processing,0.844,Delays & Processing,model,train,True,False
C0243,"Hello, The salesperson pushed me into a plan I did not need.",Mis-selling,Mis-selling,,Mis-selling,0.93,Mis-selling,model,train,True,False
C0244,"To whom it may concern, A late payment fee appeared and I want it refunded. I would like a response in writing.",Fees & Charges,Fees & Charges,,Fees & Charges,0.956,Fees & Charges,model,test,True,False
C0245,I have been a customer for years. The app crashes every time I try to open my statements. I expect compensation.,Account Access,Account Access,Account Access,Account Access,0.934,Account Access,rule,train,True,False
C0246,"Hello, I feel I was treated badly because of my age. Please sort this out.",Customer Service,Customer Service,Customer Service,Customer Service,0.973,Customer Service,rule,train,True,False
C0247,My mortgage switch is taking far longer than you said it would.,Delays & Processing,Delays & Processing,,Delays & Processing,0.927,Delays & Processing,model,train,True,False
C0248,"This is the second time I have raised this. The branch manager would not listen to my concerns. Also, nobody explained the foreign transaction charges before my holiday.",Customer Service,Customer Service,,Fees & Charges,0.577,Needs review,human queue,test,False,True
C0249,This is the second time I have raised this. My card was cloned and used abroad. I could not log in to check ither. Please sort this out.,Fraud & Scams,Fraud & Scams,,Fraud & Scams,0.879,Fraud & Scams,model,train,True,False
C0250,I have been a customer for years. The account maintenance fee was taken twice this month. Please sort this out.,Fees & Charges,Fees & Charges,,Fees & Charges,0.911,Fees & Charges,model,test,True,False
C0251,"Frankly, A fake text message led me to a website and my money disappeared.",Fraud & Scams,Fraud & Scams,,Fraud & Scams,0.894,Fraud & Scams,model,test,True,False
C0252,The payment still has not arrived in my account. I expect compensation.,Delays & Processing,Delays & Processing,,Delays & Processing,0.985,Delays & Processing,model,test,True,False
C0253,"To whom it may concern, The branch manager would not listen to my concerns. I would like a response in writing.",Customer Service,Customer Service,,Customer Service,0.98,Customer Service,model,train,True,False
C0254,"To whom it may concern, A late payment fee appeared and I want it refunded. I expect compensation.",Fees & Charges,Fees & Charges,,Fees & Charges,0.978,Fees & Charges,model,train,True,False
C0255,"The terms were very different from what I was promised at the time of sale. Also, the webchat agent ended the conversation without solving anything. Please escalate this.",Mis-selling,Mis-selling,,Mis-selling,0.803,Mis-selling,model,train,True,False
C0256,My transfer has been pending for over a week. I could not log in to check either.,Delays & Processing,Delays & Processing,,Delays & Processing,0.97,Delays & Processing,model,train,True,False
C0257,I am writing to complain. My identity was stolen and a loan was taken out in my name. I also spent ages on hold when I called about it. This is not acceptable.,Fraud & Scams,Fraud & Scams,,Fraud & Scams,0.909,Fraud & Scams,model,train,True,False
C0258,It has taken six weeks to process my claim and nobody has updated me. I would like a response in writing.,Delays & Processing,Delays & Processing,,Delays & Processing,0.962,Delays & Processing,model,train,True,False
C0259,"Frankly, There are transactions on my card I do not recognise.",Fraud & Scams,Fraud & Scams,,Fraud & Scams,0.972,Fraud & Scams,model,train,True,False
C0260,"I am writing to complain. The staff member was rude and dismissive when I called. Also, my card reader stopped working and I cannot approve payments.",Customer Service,Customer Service,Customer Service,Customer Service,0.863,Customer Service,rule,train,True,False
C0261,I am writing to complain. A fake text message led me to a website and my money disappeared.,Fraud & Scams,Fraud & Scams,,Fraud & Scams,0.866,Fraud & Scams,model,train,True,False
C0262,I have been a customer for years. I asked for a callback and it never happened. It has also been taking far too long. I want this put right.,Customer Service,Customer Service,,Customer Service,0.918,Customer Service,model,train,True,False
C0263,"Hello, My account was frozen and I cannot get in to move money. Please escalate this.",Account Access,Account Access,,Account Access,0.923,Account Access,model,test,True,False
C0264,This is the second time I hve raised this. The password reset keeps failing and I am locked out.,Account Access,Account Access,Account Access,Account Access,0.971,Account Access,rule,train,True,False
C0265,This is the second time I have raised this. You promised the money within three workin days and it is still outstanding.,Delays & Processing,Delays & Processing,,Delays & Processing,0.897,Delays & Processing,model,train,True,False
C0266,"This is the second time I have raised this. I was tricked into moving savings to a safe account that was not safe. Also, i spent an hour on hold and then the call was cut off. Please escalate this.",Fraud & Scams,Fraud & Scams,,Fraud & Scams,0.851,Fraud & Scams,model,train,True,False
C0267,I am writing to complain. I think I was the victim of a scam and sent money to a fraudster. I want this put right.,Fraud & Scams,Fraud & Scams,Fraud & Scams,Fraud & Scams,0.979,Fraud & Scams,rule,train,True,False
C0268,This is the second time I have raised this. I spent an hour on hold and then the call was cut off. This is not acceptable.,Customer Service,Customer Service,Customer Service,Customer Service,0.938,Customer Service,rule,train,True,False
C0269,I have been a customer for years. I was tricked into moving savings to a safe account that was not safe. This is not acceptable.,Fraud & Scams,Fraud & Scams,,Fraud & Scams,0.946,Fraud & Scams,model,train,True,False
C0270,"Frankly, Two factor codes are not being sent to my phone.",Account Access,Account Access,Account Access,Account Access,0.944,Account Access,rule,train,True,False
C0271,"To whom it may concern, My identity was stolen and a loan was taken out in my name. Also, my transfer has been pending for over a week. I want this put right.",Fraud & Scams,Fraud & Scams,,Fraud & Scams,0.901,Fraud & Scams,model,train,True,False
C0272,"I have been a customer for years. There are transactions on my card I do not recognise. Also, the app crashes every time I try to open my statements.",Fraud & Scams,Account Access,,Account Access,0.706,Account Access,model,test,False,False
C0273,I am writing to complain. I feel I was treated badly because of my age. Please sort this out.,Customer Service,Customer Service,Customer Service,Customer Service,0.961,Customer Service,rule,train,True,False
C0274,I am unable to access my account to see my balance. I do not think it was explained properly when I bought it.,Account Access,Account Access,,Account Access,0.91,Account Access,model,train,True,False
C0275,I have had enough of the way this has gone.,Account Access,Needs review,,Fees & Charges,0.391,Needs review,human queue,train,False,False
C0276,I am unable to access my account to see my balance.,Account Access,Account Access,,Account Access,0.971,Account Access,model,train,True,False
C0277,I am extremely disappointed and want this resolved. I want this put right.,Mis-selling,Needs review,,Customer Service,0.425,Needs review,human queue,train,False,False
C0278,"Frankly, I reported the unauthorised payment but you refused to reimburse me.",Fraud & Scams,Fraud & Scams,Fraud & Scams,Fraud & Scams,0.978,Fraud & Scams,rule,train,True,False
C0279,This is the second time I have raised this. I think I was the victim of a scam and sent money to a fraudster.,Fraud & Scams,Fraud & Scams,Fraud & Scams,Fraud & Scams,0.975,Fraud & Scams,rule,test,True,False
C0280,I was told this policy covered me but my claim was rejected. This is not acceptable.,Mis-selling,Mis-selling,,Mis-selling,0.955,Mis-selling,model,train,True,False
C0281,"Frankly, The brochure said guaranteed returns and my money has lost value. Also, the app crashes every time I try to open my statements. Please sort this out.",Mis-selling,Mis-selling,,Mis-selling,0.813,Mis-selling,model,train,True,False
C0282,I am writing to complain. I am unable to access my account to see my balance.,Account Access,Account Access,,Account Access,0.923,Account Access,model,train,True,False
C0283,"I am writing to complain. You promised the money within three working days and it is still outstanding. Also, the terms were very different from what I was promised at the time of sale. I would like a response in writing.",Delays & Processing,Delays & Processing,,Delays & Processing,0.734,Delays & Processing,model,train,True,False
C0284,"Hello, There is an unexpected charge on my statement of £48.",Fees & Charges,Fees & Charges,Fees & Charges,Fees & Charges,0.973,Fees & Charges,rule,train,True,False
C0285,I was tricked into moving savings to a safe account that was not safe. Please sort this out.,Fraud & Scams,Fraud & Scams,,Fraud & Scams,0.947,Fraud & Scams,model,train,True,False
C0286,This is the second time I have raised this. The adviser did not explain the risks of the investment. Please sort this out.,Mis-selling,Mis-selling,Mis-selling,Mis-selling,0.904,Mis-selling,rule,train,True,False
C0287,"I have been a customer for years. My online banking is locked and the reset link never arrives. Also, the costs keep creeping up and my balance is lower than it should be. This is not acceptable.",Account Access,Account Access,Account Access,Account Access,0.891,Account Access,rule,train,True,False
C0288,"To whom it may concern, Nobody has responded to my emails despite three reminders. Also, my card was cloned and used abroad. I would like a response in writing.",Customer Service,Needs review,,Customer Service,0.835,Customer Service,model,train,True,True
C0289,This is the secnd time I have raised this. It has taken six weeks to process my claim and nobody has updated me. I expect compensation.,Delays & Processing,Delays & Processing,,Delays & Processing,0.957,Delays & Processing,model,train,True,False
C0290,The direct debit setup was delayed and I missed a bill because of it. This is not acceptable.,Delays & Processing,Delays & Processing,,Delays & Processing,0.969,Delays & Processing,model,train,True,False
C0291,I am writing to complain. I was advised to take out cover that duplicates what I already had. I would like a response in writing.,Mis-selling,Mis-selling,,Mis-selling,0.933,Mis-selling,model,train,True,False
C0292,This is the second time I have raised this. Your advisor gave me different answers on two separate calls. I could not log in to check either. Please sort this out.,Customer Service,Account Access,Account Access,Customer Service,0.917,Account Access,rule,test,False,False
C0293,This is the second time I have raised this. I have been billed an annual fee I never agreed to. Please sort this out.,Fees & Charges,Fees & Charges,Fees & Charges,Fees & Charges,0.972,Fees & Charges,rule,train,True,False
C0294,"Frankly, I was told this policy covered me but my claim was rejected. It has also been taking far too long. I would like a response in writing.",Mis-selling,Mis-selling,,Mis-selling,0.952,Mis-selling,model,train,True,False
C0295,"Hello, I cannot log in to the mobile app since the update. I am worried it might be fraud. I expect compensation.",Account Access,Account Access,,Account Access,0.96,Account Access,model,train,True,False
C0296,I am writing to complain. A person pretending to be from your bank phoned me and I gave them details. This is not acceptable.,Fraud & Scams,Fraud & Scams,,Fraud & Scams,0.975,Fraud & Scams,model,train,True,False
C0297,"Frankly, My identity was stolen and a loan was taken out in my name. I do not think it was explained properly when I bought it.",Fraud & Scams,Fraud & Scams,,Fraud & Scams,0.911,Fraud & Scams,model,train,True,False
C0298,"To whom it may concern, The complaints handler was unhelpful and talked over me. Please sort this out.",Customer Service,Customer Service,,Customer Service,0.967,Customer Service,model,train,True,False
C0299,"To whom it may concern, I was passed between four departments and no one took ownership. Please sort this out.",Customer Service,Customer Service,,Customer Service,0.973,Customer Service,model,test,True,False
C0300,This is the second time I have raised this. A fake text message led me to a website and my money disappeared. I want this put right.,Fraud & Scams,Fraud & Scams,,Fraud & Scams,0.912,Fraud & Scams,model,train,True,False
C0301,The paperwork was submitted a month ago and I am still waiting. I want this put right.,Delays & Processing,Delays & Processing,,Delays & Processing,0.886,Delays & Processing,model,test,True,False
C0302,Your advisor gave me different answers on two separate calls. Please escalate this.,Customer Service,Customer Service,,Customer Service,0.94,Customer Service,model,test,True,False
C0303,"This is the second time I have raised this. The paperwork was submitted a month ago and I am still waiting. Also, nobody checked whether I could afford the credit agreement. Please escalate this.",Delays & Processing,Needs review,,Delays & Processing,0.704,Delays & Processing,model,train,True,True
C0304,"Frankly, The pension transfer advice I received was poor and I have lost out. I would like a response in writing.",Mis-selling,Mis-selling,,Mis-selling,0.959,Mis-selling,model,train,True,False
C0305,"I am writing to complain. The complaints hanler was unhelpful and talked over me. Also, the fraud team closed my case without investigating properly.",Customer Service,Customer Service,,Customer Service,0.664,Customer Service,model,train,True,False
C0306,I was charged a monthly fee that nobody told me about. I would like a response in writing.,Fees & Charges,Fees & Charges,Fees & Charges,Fees & Charges,0.953,Fees & Charges,rule,test,True,False
C0307,Please look into what happened on my account. I expect comensation.,Delays & Processing,Delays & Processing,,Delays & Processing,0.479,Needs review,human queue,train,False,True
C0308,"Frankly, The ayment still has not arrived in my account. I could not log in to check either. I expect compensation.",Delays & Processing,Delays & Processing,,Delays & Processing,0.82,Delays & Processing,model,train,True,False
C0309,This is the second time I have raised this. My card reader stopped working and I cannot approve payments.,Account Access,Account Access,,Account Access,0.971,Account Access,model,train,True,False
C0310,The pension transfer advice I received was poor and I have lost out. I want this put right.,Mis-selling,Mis-selling,,Mis-selling,0.942,Mis-selling,model,test,True,False
C0311,I am writing to complain. You took an overdraft fee even though I was within my limit. I do not think it was explained properly when I bought it. This is not acceptable.,Fees & Charges,Fees & Charges,,Fees & Charges,0.913,Fees & Charges,model,train,True,False
C0312,The webchat agent ended the conversation without solving anything. Please sort this out.,Customer Service,Customer Service,,Customer Service,0.979,Customer Service,model,train,True,False
C0313,This is the second time I have raised this. Nobody explained the foreign transaction charges before my holiday. I would like a response in writing.,Fees & Charges,Fees & Charges,,Fees & Charges,0.944,Fees & Charges,model,train,True,False
C0314,"To whom it may concern, You took an overdraft fee even though I was within my limit. I expect compensation.",Fees & Charges,Fees & Charges,,Fees & Charges,0.961,Fees & Charges,model,train,True,False
C0315,This is the second time I have raised this. The fraud team closed my case without investigating properly. This is not acceptable.,Fraud & Scams,Fraud & Scams,Fraud & Scams,Fraud & Scams,0.967,Fraud & Scams,rule,test,True,False
C0316,I am writing to complain. I was advised to take out cover that duplicates what I already had.,Mis-selling,Mis-selling,,Mis-selling,0.964,Mis-selling,model,train,True,False
C0317,The complaints handler was unhelpful and talked over me. I expect compensation.,Customer Service,Customer Service,,Customer Service,0.952,Customer Service,model,train,True,False
C0318,My application has been stuck for weeks with no progress. I also spent ages on hold when I called about it. Please sort this out.,Delays & Processing,Delays & Processing,,Delays & Processing,0.939,Delays & Processing,model,train,True,False
C0319,"Frankly, I was sold a product that was not suitable for my circumstances. It has also been taking far too long. I want this put right.",Mis-selling,Mis-selling,Mis-selling,Mis-selling,0.921,Mis-selling,rule,train,True,False
C0320,I think I was the victim of a scam and sent money to a fraudster. This is not acceptable.,Fraud & Scams,Fraud & Scams,Fraud & Scams,Fraud & Scams,0.981,Fraud & Scams,rule,train,True,False
C0321,"To whom it may concern, The pension transfer advice I received was poor and I have lost out. I could not log in to check either. Please escalate this.",Mis-selling,Mis-selling,,Mis-selling,0.936,Mis-selling,model,train,True,False
C0322,This is the second time I have raised this. I feel I was treated badly because of my age. I would like a response in writing.,Customer Service,Customer Service,Customer Service,Customer Service,0.937,Customer Service,rule,train,True,False
C0323,"I was advised to take out cover that duplicates what I already had. Also, my account was frozen and I cannot get in to move money. I would like a response in writing.",Mis-selling,Mis-selling,,Mis-selling,0.802,Mis-selling,model,train,True,False
C0324,"Frankly, The fraud team closed my case without investigating properly. I expect compensation.",Fraud & Scams,Fraud & Scams,Fraud & Scams,Fraud & Scams,0.954,Fraud & Scams,rule,train,True,False
C0325,I have been a customer for years. I was advised to take out cover that duplicates what I already had. Please escalate this.,Mis-selling,Mis-selling,,Mis-selling,0.94,Mis-selling,model,train,True,False
C0326,"Frankly, My identity was stolen and a loan was taken out in my name. There was also a fee involved.",Fraud & Scams,Fraud & Scams,,Fraud & Scams,0.923,Fraud & Scams,model,train,True,False
C0327,"I am writing to complain. The direct debit setup was delayed and I missed a bill because of it. Also, i was hit with a penalty charge for a payment I made on time. I expect compensation.",Delays & Processing,Fees & Charges,Fees & Charges,Delays & Processing,0.72,Fees & Charges,rule,train,False,False
C0328,"This is the second time I have raised this. I was passed between four departments and no one took ownership. Also, the adviser did not explain the risks of the investment. Please sort this out.",Customer Service,Mis-selling,Mis-selling,Customer Service,0.752,Mis-selling,rule,train,False,False
C0329,The fraud team closed my case without investigating properly. It has also been taking far too long.,Fraud & Scams,Fraud & Scams,Fraud & Scams,Fraud & Scams,0.926,Fraud & Scams,rule,train,True,False
C0330,"Hello, I have been billed an annual fee I never agreed to.",Fees & Charges,Fees & Charges,Fees & Charges,Fees & Charges,0.971,Fees & Charges,rule,train,True,False
C0331,"Frankly, The complaints handler was unhelpful and talked over me. Please escalate this.",Customer Service,Customer Service,,Customer Service,0.959,Customer Service,model,train,True,False
C0332,"To whom it may concern, The pension transfer advice I received was poor and I have lost out.",Mis-selling,Mis-selling,,Mis-selling,0.953,Mis-selling,model,train,True,False
C0333,I was sold a product that was not suitable for my circumstances. Please escalate this.,Mis-selling,Mis-selling,Mis-selling,Mis-selling,0.979,Mis-selling,rule,test,True,False
C0334,Nothing has been done and I am losing patience.,Mis-selling,Needs review,,Mis-selling,0.343,Needs review,human queue,train,False,False
C0335,I feel I was treated badly because of my age. I expect compensation.,Customer Service,Customer Service,Customer Service,Customer Service,0.947,Customer Service,rule,train,True,False
C0336,I am writing to complain. Nobody has responded to my emails despite three reminders. I want this put right.,Customer Service,Customer Service,,Customer Service,0.953,Customer Service,model,train,True,False
C0337,"Hello, I was passed between four departments and no one took ownership.",Customer Service,Customer Service,,Customer Service,0.971,Customer Service,model,test,True,False
C0338,"I am writing to complain. My identity was stolen and a loan was taken out in my name. Also, the costs keep creeping up and my balance is lower than it should be. This is not acceptable.",Fraud & Scams,Fraud & Scams,,Fraud & Scams,0.557,Needs review,human queue,test,False,True
C0339,My identity was stolen and a loan was taken out in my name. This is not acceptable.,Fraud & Scams,Fraud & Scams,,Fraud & Scams,0.969,Fraud & Scams,model,train,True,False
C0340,"Frankly, My mortgage switch is taking far longer than you said it would. Please sort this out.",Delays & Processing,Delays & Processing,,Delays & Processing,0.912,Delays & Processing,model,train,True,False
C0341,I have been a customer for years. My card reader stopped working and I cannot approve payments. I would like a response in writing.,Account Access,Account Access,,Account Access,0.973,Account Access,model,train,True,False
C0342,I was advised to take out cover that duplicates what I already had.,Mis-selling,Mis-selling,,Mis-selling,0.969,Mis-selling,model,train,True,False
C0343,"Hello, The complaints handler was unhelpful and talked over me. It has also been taking far too long.",Customer Service,Customer Service,,Customer Service,0.951,Customer Service,model,train,True,False
C0344,The terms were very different from what I was promised at the time of sale. There was also a fee involved. This is not acceptable.,Mis-selling,Mis-selling,,Mis-selling,0.923,Mis-selling,model,test,True,False
C0345,"To whom it may concern, There is an unexpected charge on my statement of £15. Also, my identity was stolen and a loan was taken out in my name. I would like a response in writing.",Fees & Charges,Fees & Charges,,Fraud & Scams,0.721,Fraud & Scams,model,test,False,True
C0346,My card reader stopped working and I cannot approve payments. It has also been taking far too long.,Account Access,Account Access,,Account Access,0.971,Account Access,model,train,True,False
C0347,"I have been a customer for years. Your advisor gave me different answers on two separate calls. Also, the salesperson pushed me into a plan I did not need. I want this put right.",Customer Service,Customer Service,,Customer Service,0.788,Customer Service,model,train,True,False
C0348,"Hello, The adviser did not explain the risks of the investment. I expect compensation.",Mis-selling,Mis-selling,Mis-selling,Mis-selling,0.934,Mis-selling,rule,train,True,False
C0349,This is the second time I have raised this. The account maintenance fee was taken twice this month. Please sort this out.,Fees & Charges,Fees & Charges,,Fees & Charges,0.963,Fees & Charges,model,train,True,False
C0350,"Hello, The fraud team closed my case without investigating properly. Also, my account was frozen and I cannot get in to move money. I want this put right.",Fraud & Scams,Fraud & Scams,Fraud & Scams,Fraud & Scams,0.901,Fraud & Scams,rule,train,True,False
C0351,"To whom it may concern, I have been billed an annual fee I never agreed to. Please sort this out.",Fees & Charges,Fees & Charges,Fees & Charges,Fees & Charges,0.976,Fees & Charges,rule,train,True,False
C0352,"The payment still has not arrived in my account. Also, why has my interest rate gone up without notice, it is costing me more every month.",Delays & Processing,Delays & Processing,,Delays & Processing,0.662,Delays & Processing,model,train,True,False
C0353,Please look into what happened on my account. I want this put right.,Fraud & Scams,Needs review,,Fees & Charges,0.451,Needs review,human queue,train,False,False
C0354,The website will not let me register for online access. I want this put right.,Account Access,Account Access,,Account Access,0.948,Account Access,model,train,True,False
C0355,"Hello, Nobody explained the foreign transaction charges before my holiday. Also, nobody has responded to my emails despite three reminders. I expect compensation.",Fees & Charges,Fees & Charges,,Fees & Charges,0.787,Fees & Charges,model,train,True,False
C0356,"This is the second time I have raised this. Nobody has responded to my emails despite three reminders. Also, i was hit with a penalty charge for a payment I made on time. Please escalate this.",Customer Service,Fees & Charges,Fees & Charges,Fees & Charges,0.65,Fees & Charges,rule,test,False,False
C0357,I feel I was treated badly because of my age.,Customer Service,Customer Service,Customer Service,Customer Service,0.976,Customer Service,rule,test,True,False
C0358,I have been a customer for years. My online banking is locked and the reset link never arrives. I expect compensation.,Account Access,Account Access,Account Access,Account Access,0.966,Account Access,rule,train,True,False
C0359,The costs keep creeping up and my balance is lower than it should be. I would like a response in writing.,Fees & Charges,Fees & Charges,,Fees & Charges,0.937,Fees & Charges,model,train,True,False
C0360,"This is the second time I have raised this. I was told this policy covered me but my claim was rejected. Also, the website will not let me register for online access.",Mis-selling,Mis-selling,,Mis-selling,0.739,Mis-selling,model,train,True,False
C0361,I am writing to complain. My card reader stopped working and I cannot approve payments. Please escalate this.,Account Access,Account Access,,Account Access,0.962,Account Access,model,train,True,False
C0362,This is the second time I have raised this. I reported the unauthorised payment but you refused to reimburse me. I expect compensation.,Fraud & Scams,Fraud & Scams,Fraud & Scams,Fraud & Scams,0.958,Fraud & Scams,rule,train,True,False
C0363,The direct debit setup was delayed and I missed a bill because of it.,Delays & Processing,Delays & Processing,,Delays & Processing,0.976,Delays & Processing,model,train,True,False
C0364,The webchat agent ended the conversation without solving anything. I could not log in to check either. I expect compensation.,Customer Service,Customer Service,,Customer Service,0.922,Customer Service,model,train,True,False
C0365,"Frankly, My application has been stuck for weeks with no progress.",Delays & Processing,Delays & Processing,Delays & Processing,Delays & Processing,0.984,Delays & Processing,rule,test,True,False
C0366,"I have been a customer for years. The direct debit setup was delayed and I missed a bill because of it. Also, two factor codes are not being sent to my phone.",Delays & Processing,Delays & Processing,,Delays & Processing,0.729,Delays & Processing,model,test,True,False
C0367,It has taken six weeks to process my claim and nobody has updated me. I am worried it might be fraud.,Delays & Processing,Delays & Processing,,Delays & Processing,0.964,Delays & Processing,model,test,True,False
C0368,"Frankly, Two factor codes are not being sent to my phone. I want this put right.",Account Access,Account Access,Account Access,Account Access,0.881,Account Access,rule,test,True,False
C0369,"Frankly, My online banking is locked and the reset link never arrives.",Account Access,Account Access,Account Access,Account Access,0.957,Account Access,rule,test,True,False
C0370,"To whom it may concern, I am unable to access my account to see my balance. I also spent ages on hold when I called about it.",Account Access,Customer Service,Customer Service,Account Access,0.925,Customer Service,rule,train,False,False
C0371,The salesperson pushed me into a plan I did not need.,Mis-selling,Mis-selling,,Mis-selling,0.945,Mis-selling,model,train,True,False
C0372,"Frankly, I was charged a monthly fee that nobody told me about.",Fees & Charges,Fees & Charges,Fees & Charges,Fees & Charges,0.98,Fees & Charges,rule,train,True,False
C0373,"Frankly, I was hit with a penalty charge for a payment I made on time. Also, nobody checked whether I could afford the credit agreement. I want this put right.",Fees & Charges,Fees & Charges,Fees & Charges,Fees & Charges,0.833,Fees & Charges,rule,train,True,False
C0374,I asked for a callback and it never happened. It has also been taking far too long.,Customer Service,Customer Service,,Customer Service,0.922,Customer Service,model,train,True,False
C0375,This has caused me a lot of stress and I want answers.,Delays & Processing,Needs review,,Account Access,0.22,Needs review,human queue,train,False,False
C0376,"To whom it may concern, A late payment fee appeared and I want it refunded. Also, i sent the form twice and it seems to have been lost in the system.",Fees & Charges,Fees & Charges,,Fees & Charges,0.744,Fees & Charges,model,train,True,False
C0377,"I was tricked into moving savings to a safe account that was not safe. Also, the adviser did not explin the risks of the investment. Please sort this out.",Fraud & Scams,Mis-selling,Mis-selling,Fraud & Scams,0.755,Mis-selling,rule,test,False,False
C0378,I was advised to take out cover that duplicates what I already had. There was also a fee involved.,Mis-selling,Mis-selling,,Mis-selling,0.924,Mis-selling,model,train,True,False
C0379,"Frankly, I was told this policy covered me but my claim was rejected. There was also a fee involved. Please escalate this.",Mis-selling,Mis-selling,,Mis-selling,0.942,Mis-selling,model,train,True,False
C0380,"You took an overdraft fee even though I was within my limit. Also, my online banking is locked and the reset link never arrives.",Fees & Charges,Account Access,Account Access,Account Access,0.766,Account Access,rule,test,False,False
C0381,Nothing has been done and I am losing patience. I expect compensation.,Account Access,Needs review,,Fraud & Scams,0.37,Needs review,human queue,test,False,False
C0382,"Frankly, The pssword reset keeps failing and I am locked out.",Account Access,Account Access,Account Access,Account Access,0.965,Account Access,rule,test,True,False
C0383,"To whom it may concern, I was charged a monthly fee that nobody told me about. Also, the staff member was rude and dismissive when I called. I expect compensation.",Fees & Charges,Fees & Charges,,Fees & Charges,0.681,Fees & Charges,model,test,True,False
C0384,"I am writing to complain. My application has been stuck for weeks with no progress. Also, a late payment fee appeared and I want it refunded.",Delays & Processing,Delays & Processing,,Delays & Processing,0.76,Delays & Processing,model,train,True,False
C0385,"Frankly, I feel I was treated badly because of my age. I expect compensation.",Customer Service,Customer Service,Customer Service,Customer Service,0.94,Customer Service,rule,train,True,False
C0386,I think I was the victim of a scam and sent money to a fraudster. Please escalate this.,Fraud & Scams,Fraud & Scams,Fraud & Scams,Fraud & Scams,0.97,Fraud & Scams,rule,train,True,False
C0387,"Hello, I was misled about what the insurance actually included. I would like a response in writing.",Mis-selling,Mis-selling,Mis-selling,Mis-selling,0.975,Mis-selling,rule,train,True,False
C0388,I am writing to complain. The payment still has not arrived in my account. I could not log in to check either. Please escalate this.,Delays & Processing,Delays & Processing,,Delays & Processing,0.955,Delays & Processing,model,test,True,False
C0389,This is the second time I have raised this. Your advisor gave me different answers on two separate calls. Please escalate this.,Customer Service,Customer Service,,Customer Service,0.925,Customer Service,model,train,True,False
C0390,I am writing to complain. The staff member was rude and dismissive when I called. I could not log in to check either. Please sort this out.,Customer Service,Customer Service,,Customer Service,0.964,Customer Service,model,test,True,False
C0391,I am writing to complain. I was tricked into moving savings to a safe account that was not safe. This is not acceptable.,Fraud & Scams,Fraud & Scams,,Fraud & Scams,0.956,Fraud & Scams,model,train,True,False
C0392,Please look into what happened on my account.,Account Access,Needs review,,Fees & Charges,0.289,Needs review,human queue,train,False,False
C0393,My card reader stopped working and I cannot approve payments. I also spent ages on hold when I called about it.,Account Access,Customer Service,Customer Service,Account Access,0.974,Customer Service,rule,train,False,False
C0394,I have been a customer for years. You took an overdraft fee even though I was within my limit. I do not think it was explained properly when I bought it. Please sort this out.,Fees & Charges,Fees & Charges,,Fees & Charges,0.925,Fees & Charges,model,train,True,False
C0395,"Why has my interest rate gone up without notice, it is costing me more every month. Also, the complaints handler was unhelpful and talked over me. I want this put right.",Fees & Charges,Needs review,,Fees & Charges,0.587,Needs review,human queue,train,False,False
C0396,"A late payment fee appeared and I want it refunded. Also, i asked for a callback and it never happened.",Fees & Charges,Fees & Charges,,Fees & Charges,0.796,Fees & Charges,model,test,True,False
C0397,I have been a customer for years. The complaints handler was unhelpful and talked over me. I expect compensation.,Customer Service,Customer Service,,Customer Service,0.952,Customer Service,model,test,True,False
C0398,This is the second time I have raised this. The webchat agent ended the conversation without solving anything. I would like a response in writing.,Customer Service,Customer Service,,Customer Service,0.935,Customer Service,model,train,True,False
C0399,"Frankly, The staff member was rude and dismissive when I called. Also, the salesperson pushed me into a plan I did not need. I would like a response in writing.",Customer Service,Customer Service,Customer Service,Customer Service,0.785,Customer Service,rule,train,True,False
C0400,"Frankly, I was advised to take out cover that duplicates what I already had.",Mis-selling,Mis-selling,,Mis-selling,0.955,Mis-selling,model,train,True,False
C0401,This is the second time I have raised this. Your advisor gave me different answers on two separate calls.,Customer Service,Customer Service,,Customer Service,0.937,Customer Service,model,test,True,False
C0402,"Frankly, My card was cloned and used abroad. I want this put right.",Fraud & Scams,Fraud & Scams,Fraud & Scams,Fraud & Scams,0.938,Fraud & Scams,rule,train,True,False
C0403,This is the second time I have raised this. The branch manager would not listen to my concerns. It has also been taking far too long. Please sort this out.,Customer Service,Customer Service,,Customer Service,0.935,Customer Service,model,train,True,False
C0404,"Frankly, The direct debit setup was delayed and I missed a bill because of it. Please escalate this.",Delays & Processing,Delays & Processing,,Delays & Processing,0.945,Delays & Processing,model,train,True,False
C0405,My card reader stopped working and I cannot approve payments.,Account Access,Account Access,,Account Access,0.993,Account Access,model,train,True,False
C0406,"This is the second time I have raised this. The fraud team closed my case without investigating properly. Also, the direct debit setup was delayed and I missed a bill because of it.",Fraud & Scams,Fraud & Scams,,Fraud & Scams,0.83,Fraud & Scams,model,train,True,False
C0407,"To whom it may concern, The adviser did not explain the risks of the investment. There was also a fee involved.",Mis-selling,Mis-selling,Mis-selling,Mis-selling,0.938,Mis-selling,rule,train,True,False
C0408,I have been a customer for years. The direct debit setup was delayed and I missed a bill because of it. I do not think it was explained properly when I bought it. This is not acceptable.,Delays & Processing,Delays & Processing,,Delays & Processing,0.874,Delays & Processing,model,test,True,False
C0409,My identity was stolen and a loan was taken out in my name. I could not log in to check either. I expect compensation.,Fraud & Scams,Fraud & Scams,,Fraud & Scams,0.929,Fraud & Scams,model,train,True,False
C0410,This is the second time I have raised this. The brochure said guaranteed returns and my money has lost value.,Mis-selling,Mis-selling,,Mis-selling,0.947,Mis-selling,model,train,True,False
C0411,"To whom it may concern, The payment still has not arrived in my account. Please escalate this.",Delays & Processing,Delays & Processing,,Delays & Processing,0.965,Delays & Processing,model,train,True,False
C0412,"To whom it may concern, The salesperson pushed me into a plan I did not need. This is not acceptable.",Mis-selling,Mis-selling,,Mis-selling,0.926,Mis-selling,model,train,True,False
C0413,"Frankly, There are transactions on my card I do not recognise. I want this put right.",Fraud & Scams,Fraud & Scams,,Fraud & Scams,0.972,Fraud & Scams,model,test,True,False
C0414,The complaints handler was unhelpful and talked over me. Please escalate this.,Customer Service,Customer Service,,Customer Service,0.969,Customer Service,model,test,True,False
C0415,"I have been a customer for years. I sent the form twice and it seems to have been lost in the system. Also, i was told this policy covered me but my claim was rejected. Please escalate this.",Delays & Processing,Delays & Processing,,Delays & Processing,0.756,Delays & Processing,model,train,True,False
C0416,I have been a customer for years. I was passed between four departments and no one took ownership. This is not acceptable.,Customer Service,Customer Service,,Customer Service,0.95,Customer Service,model,test,True,False
C0417,"Frankly, You took an overdraft fee even though I was within my limit. Also, my application has been stuck for weeks with no progress. I expect compensation.",Fees & Charges,Fees & Charges,,Fees & Charges,0.736,Fees & Charges,model,train,True,False
C0418,"To whom it may concern, I keep getting an error message when I sign in. Also, i have been billed an annual fee I never agreed to. I expect compensation.",Account Access,Account Access,,Account Access,0.842,Account Access,model,train,True,False
C0419,I am writing to complain. I keep getting an error message when I sign in. Please escalate this.,Account Access,Account Access,Account Access,Account Access,0.931,Account Access,rule,train,True,False
C0420,I have been a customer for years. I feel I was treated badly because of my age. I would like a response in writing.,Customer Service,Customer Service,Customer Service,Customer Service,0.956,Customer Service,rule,train,True,False
C0421,"Nobody explained the foreign transaction charges before my holiday. Also, my card was cloned and used abroad. Please escalate this.",Fees & Charges,Fraud & Scams,Fraud & Scams,Fees & Charges,0.793,Fraud & Scams,rule,train,False,False
C0422,Nobody has responded to my emails despite three reminders.,Customer Service,Customer Service,,Customer Service,0.978,Customer Service,model,test,True,False
C0423,The closure of my old account has dragged on for months. I want this put right.,Delays & Processing,Delays & Processing,,Delays & Processing,0.903,Delays & Processing,model,train,True,False
C0424,"Hello, A fake text message led me to a website and my money disappeared.",Fraud & Scams,Fraud & Scams,,Fraud & Scams,0.87,Fraud & Scams,model,train,True,False
C0425,"Hello, I was tricked into moving savings to a safe account that was not safe. I also spent ages on hold when I called about it. This is not acceptable.",Fraud & Scams,Fraud & Scams,,Fraud & Scams,0.935,Fraud & Scams,model,train,True,False
C0426,"Two factor codes are not being sent to my phone. Also, i reported the unauthorised payment but you refused to reimburse me. Please sort this out.",Account Access,Account Access,,Account Access,0.692,Account Access,model,train,True,False
C0427,"Frankly, The paperwork was submitted a month ago and I am still waiting. I want this put right.",Delays & Processing,Delays & Processing,,Delays & Processing,0.864,Delays & Processing,model,train,True,False
C0428,The brochure said guaranteed returns and my money has lost value. I would like a response in writing.,Mis-selling,Mis-selling,,Mis-selling,0.968,Mis-selling,model,train,True,False
C0429,"I am writing to complain. I keep getting an error message when I sign in. Also, i have been billed an annual fee I never agreed to. I want this put right.",Account Access,Account Access,,Account Access,0.653,Account Access,model,test,True,False
C0430,This is the second time I have raised this. The terms were very different from what I was promised at the time of sale. I want this put right.,Mis-selling,Mis-selling,,Mis-selling,0.918,Mis-selling,model,train,True,False
C0431,"Frankly, I sent the form twice and it seems to have been lost in the system. Please escalate this.",Delays & Processing,Delays & Processing,,Delays & Processing,0.973,Delays & Processing,model,train,True,False
C0432,"Hello, I have been billed an annual fee I never agreed to. I expect compensation.",Fees & Charges,Fees & Charges,Fees & Charges,Fees & Charges,0.932,Fees & Charges,rule,train,True,False
C0433,I have been a customer for years. I was advised to take out cover that duplicates what I already had. I could not log in to check either.,Mis-selling,Account Access,Account Access,Mis-selling,0.898,Account Access,rule,train,False,False
C0434,"To whom it may concern, My transfer has been pending for over a week. I could not log in to check either.",Delays & Processing,Delays & Processing,,Delays & Processing,0.963,Delays & Processing,model,test,True,False
C0435,"I have been a customer for years. A person pretending to be from your bank phoned me and I gave them details. Also, i was told this policy covered me but my claim was rejected. I would like a response in writing.",Fraud & Scams,Mis-selling,,Fraud & Scams,0.732,Fraud & Scams,model,train,True,True
C0436,"To whom it may concern, It has taken six weeks to process my claim and nobody has updated me. I want this put right.",Delays & Processing,Delays & Processing,,Delays & Processing,0.936,Delays & Processing,model,train,True,False
C0437,I have been a customer for years. I was told this policy covered me but my claim was rejected. This is not acceptable.,Mis-selling,Mis-selling,,Mis-selling,0.933,Mis-selling,model,train,True,False
C0438,"Hello, The brochure said guaranteed returns and my money has lost value. There was also a fee involved.",Mis-selling,Mis-selling,,Mis-selling,0.957,Mis-selling,model,train,True,False
C0439,I have had enough of the way this has gone.,Delays & Processing,Needs review,,Fees & Charges,0.391,Needs review,human queue,train,False,False
C0440,"The payment still has not arrived in my account. Also, i was sold a product that was not suitable for my circumstances. I want this put right.",Delays & Processing,Mis-selling,Mis-selling,Delays & Processing,0.622,Mis-selling,rule,train,False,False
C0441,This is the second time I have raised this. Two factor codes are not being sent to my phone. I do not think it was explained properly when I bought it.,Account Access,Account Access,Account Access,Account Access,0.783,Account Access,rule,test,True,False
C0442,"To whom it may concern, I was told this policy covered me but my claim was rejected. Also, my account was frozen and I cannot get in to move money.",Mis-selling,Mis-selling,,Mis-selling,0.929,Mis-selling,model,train,True,False
C0443,There is an unexpected charge on my statement of £60. I do not think it was explained properly when I bought it.,Fees & Charges,Fees & Charges,Fees & Charges,Fees & Charges,0.959,Fees & Charges,rule,train,True,False
C0444,Someone has made payments from my account that I did not authorise. I would like a response in writing.,Fraud & Scams,Fraud & Scams,Fraud & Scams,Fraud & Scams,0.936,Fraud & Scams,rule,train,True,False
C0445,The paperwork was submitted a month ago and I am still waiting. I want this put right.,Delays & Processing,Delays & Processing,,Delays & Processing,0.886,Delays & Processing,model,train,True,False
C0446,I asked for a callback and it never happened.,Customer Service,Customer Service,,Customer Service,0.98,Customer Service,model,train,True,False
C0447,This is the second time I have raised this. I sent the form twice and it seems to have been lost in the system. I am worried it might be fraud. I would like a response in writing.,Delays & Processing,Fraud & Scams,Fraud & Scams,Delays & Processing,0.945,Fraud & Scams,rule,train,False,False
C0448,"Hello, My mortgage switch is taking far longer than you said it would.",Delays & Processing,Delays & Processing,,Delays & Processing,0.896,Delays & Processing,model,test,True,False
C0449,My transfer has been pending for over a week.,Delays & Processing,Delays & Processing,,Delays & Processing,0.984,Delays & Processing,model,train,True,False
C0450,"I have been a customer for years. Your advisor gave me different answers on two separate calls. Also, why has my interest rate gone up without notice, it is costing me more every month. Please escalate this.",Customer Service,Customer Service,,Customer Service,0.793,Customer Service,model,train,True,False
C0451,"This is the second time I have raised this. The complaints handler was unhelpful and talked over me. Also, my transfer has been pending for over a week. I expect compensation.",Customer Service,Customer Service,,Customer Service,0.707,Customer Service,model,train,True,False
C0452,I was charged a monthly fee that nobody told me about. I am worried it might be fraud.,Fees & Charges,Fees & Charges,,Fees & Charges,0.971,Fees & Charges,model,train,True,False
C0453,"To whom it may concern, I feel I was treated badly because of my age. Please escalate this.",Customer Service,Customer Service,Customer Service,Customer Service,0.945,Customer Service,rule,train,True,False
C0454,Two factor codes are not being sent to my phone. It has also been taking far too long.,Account Access,Account Access,Account Access,Account Access,0.892,Account Access,rule,train,True,False
C0455,A fake text message led me to a website and my money disappeared. This is not acceptable.,Fraud & Scams,Fraud & Scams,,Fraud & Scams,0.908,Fraud & Scams,model,train,True,False
C0456,"Frankly, A late payment fee appeared and I want it refunded. Please sort this out.",Fees & Charges,Fees & Charges,,Fees & Charges,0.981,Fees & Charges,model,test,True,False
C0457,"To whom it may concern, I keep getting an error message when I sign in. I expect compensation.",Account Access,Account Access,Account Access,Account Access,0.982,Account Access,rule,train,True,False
C0458,I have been a customer for years. The salesperson pushed me into a plan I did not need. I am worried it might be fraud. Please escalate this.,Mis-selling,Mis-selling,,Mis-selling,0.888,Mis-selling,model,train,True,False
C0459,I have been a customer for years. A person pretending to be from your bank phoned me and I gave them details. Please escalate this.,Fraud & Scams,Fraud & Scams,,Fraud & Scams,0.973,Fraud & Scams,model,test,True,False
C0460,"I am writing to complain. I was charged a monthly fee that nobody told me about. Also, the salesperson pushed me into a plan I did not need. Please sort this out.",Fees & Charges,Fees & Charges,Fees & Charges,Fees & Charges,0.742,Fees & Charges,rule,train,True,False
C0461,I am writing to complain. I was tricked into moving savings to a safe account that was not safe.,Fraud & Scams,Fraud & Scams,,Fraud & Scams,0.952,Fraud & Scams,model,train,True,False
C0462,"I am writing to complain. I cannot log in to the mobile app since the update. Also, why has my interest rate gone up without notice, it is costing me more every month.",Account Access,Account Access,Account Access,Account Access,0.758,Account Access,rule,train,True,False
C0463,"Frankly, Nobody has responded to my emails despite three remindrs. I expect compensation.",Customer Service,Customer Service,,Customer Service,0.913,Customer Service,model,train,True,False
C0464,"Frankly, A fake text message led me to a website and my money disappeared. Also, why has my interest rate gone up without notice, it is costing me more every month. I want this put right.",Fraud & Scams,Fraud & Scams,,Fraud & Scams,0.789,Fraud & Scams,model,train,True,False
C0465,Nothing has been done and I am losing patience. Please sort this out.,Customer Service,Needs review,,Customer Service,0.375,Needs review,human queue,train,False,False
C0466,"To whom it may concern, I was misled about what the insurance actually included. Also, your advisor gave me different answers on two separate calls. I expect compensation.",Mis-selling,Mis-selling,Mis-selling,Mis-selling,0.753,Mis-selling,rule,train,True,False
C0467,I sent the form twice and it seems to have been lost in the system.,Delays & Processing,Delays & Processing,,Delays & Processing,0.989,Delays & Processing,model,train,True,False
C0468,I am writing to complain. There is an unexpected charge on my statement of £60. I also spent ages on hold when I called about it. Please sort this out.,Fees & Charges,Fees & Charges,,Fees & Charges,0.855,Fees & Charges,model,train,True,False
C0469,The account maintenance fee was taken twice this month. I would like a response in writing.,Fees & Charges,Fees & Charges,,Fees & Charges,0.922,Fees & Charges,model,test,True,False
C0470,"To whom it may concern, The website will not let me register for online access. Also, nobody explained the foreign transaction charges before my holiday. Please sort this out.",Account Access,Account Access,,Account Access,0.715,Account Access,model,train,True,False
C0471,"To whom i may concern, Your advisor gave me different answers on two separate calls. I want this put right.",Customer Service,Customer Service,,Customer Service,0.944,Customer Service,model,test,True,False
C0472,The payment still has not arrived in my account.,Delays & Processing,Delays & Processing,,Delays & Processing,0.987,Delays & Processing,model,train,True,False
C0473,"I have been a customer for years. Two factor codes are not being sent to my phone. Also, a person pretending to be from your bank phoned me and I gave them details.",Account Access,Account Access,Account Access,Account Access,0.494,Account Access,rule,test,True,False
C0474,"I think I was the victim of a scam and sent money to a fraudster. Also, nobody explained the foreign transaction charges before my holiday.",Fraud & Scams,Fraud & Scams,Fraud & Scams,Fraud & Scams,0.557,Fraud & Scams,rule,train,True,False
C0475,"To whom it may concern, The website will not let me register for online access. Please escalate this.",Account Access,Account Access,,Account Access,0.973,Account Access,model,train,True,False
C0476,My card wa cloned and used abroad. Please sort this out.,Fraud & Scams,Fraud & Scams,Fraud & Scams,Fraud & Scams,0.928,Fraud & Scams,rule,train,True,False
C0477,"To whom it may concern, My card was cloned and used abroad. Also, the payment still has not arrived in my account. Please sort this out.",Fraud & Scams,Fraud & Scams,,Fraud & Scams,0.811,Fraud & Scams,model,train,True,False
C0478,I think I was the victim of a scam and sent money to a fraudster. This is not acceptable.,Fraud & Scams,Fraud & Scams,Fraud & Scams,Fraud & Scams,0.981,Fraud & Scams,rule,train,True,False
C0479,"To whom it may concern, The salesperson pushed me into a plan I did not need. Please sort this out.",Mis-selling,Mis-selling,,Mis-selling,0.881,Mis-selling,model,train,True,False
C0480,This is the second time I have raised this. I was hit with a penalty charge for a payment I made on time.,Fees & Charges,Fees & Charges,Fees & Charges,Fees & Charges,0.969,Fees & Charges,rule,train,True,False
C0481,"To whom it may concern, The app crashes every time I try to open my statements. I also spent ages on hold when I called about it. I would like a response in writing.",Account Access,Account Access,,Account Access,0.888,Account Access,model,train,True,False
C0482,The paperwork was submitted a month ago and I am still waiting. There was also a fee involved. Please escalate this.,Delays & Processing,Delays & Processing,,Delays & Processing,0.886,Delays & Processing,model,train,True,False
C0483,I am very unhappy with how this has been handled. This is not acceptable.,Delays & Processing,Delays & Processing,,Delays & Processing,0.79,Delays & Processing,model,train,True,False
C0484,"To whom it may concern, I am unable to access my account to see my balance. I want this put right.",Account Access,Account Access,,Account Access,0.911,Account Access,model,test,True,False
C0485,"A late payment fee appeared and I want it refunded. Also, the adviser did not explain the risks of the investment. This is not acceptable.",Fees & Charges,Mis-selling,Mis-selling,Fees & Charges,0.84,Mis-selling,rule,train,False,False
C0486,I am writing to complain. My card reader stopped working and I cannot approve payments.,Account Access,Account Access,,Account Access,0.976,Account Access,model,train,True,False
C0487,"My card was cloned and used abroad. Also, a late payment fee appeared and I want it refunded. I want this put right.",Fraud & Scams,Fraud & Scams,,Fees & Charges,0.638,Fees & Charges,model,test,False,True
C0488,"To whom it may concern, The adviser did not explain the risks of the investment. I expect compensation.",Mis-selling,Mis-selling,Mis-selling,Mis-selling,0.92,Mis-selling,rule,train,True,False
C0489,"Hello, I was tricked into moving savings to a safe account that was not safe. I expect compensation.",Fraud & Scams,Fraud & Scams,,Fraud & Scams,0.958,Fraud & Scams,model,train,True,False
C0490,"Frankly, I sent the form twice and it seems to have been lost in the system. I would like a response in writing.",Delays & Processing,Delays & Processing,,Delays & Processing,0.959,Delays & Processing,model,train,True,False
C0491,My appliction has been stuck for weeks with no progress. Please escalate this.,Delays & Processing,Delays & Processing,Delays & Processing,Delays & Processing,0.982,Delays & Processing,rule,test,True,False
C0492,The complaints handler was unhelpful and talked over me. I do not think it was explained properly when I bought it.,Customer Service,Customer Service,,Customer Service,0.932,Customer Service,model,test,True,False
C0493,I have been a customer for years. I was hit with a penalty charg for a payment I made on time. I do not think it was explained properly when I bought it. I expect compensation.,Fees & Charges,Fees & Charges,,Fees & Charges,0.798,Fees & Charges,model,train,True,False
C0494,I was misled about what the insurance actually included. I would like a response in writing.,Mis-selling,Mis-selling,Mis-selling,Mis-selling,0.976,Mis-selling,rule,train,True,False
C0495,I have been a customer for years. My account was frozen and I cannot get in to move money.,Account Access,Account Access,,Account Access,0.964,Account Access,model,test,True,False
C0496,Please look into what happened on my account. Please sort this out.,Fees & Charges,Fees & Charges,,Fees & Charges,0.578,Needs review,human queue,train,False,True
C0497,I have been a customer for years. I was misled about what the insurance actually included. I want this put right.,Mis-selling,Mis-selling,Mis-selling,Mis-selling,0.975,Mis-selling,rule,train,True,False
C0498,"The staff member was rude and dismissive when I clled. Also, i keep getting an error message when I sign in. Please escalate this.",Customer Service,Customer Service,,Customer Service,0.765,Customer Service,model,train,True,False
C0499,"Hello, I was hit with a penalty charge for a payment I made on time.",Fees & Charges,Fees & Charges,Fees & Charges,Fees & Charges,0.983,Fees & Charges,rule,test,True,False
C0500,This is the second time I have raised this. The paperwork was submitted a month ago and I am still waiting. I want this put right.,Delays & Processing,Delays & Processing,,Delays & Processing,0.907,Delays & Processing,model,train,True,False
C0501,The direct debit setup was delayed and I missed a bill because of it. This is not acceptable.,Delays & Processing,Delays & Processing,,Delays & Processing,0.969,Delays & Processing,model,train,True,False
C0502,I have been a customer for years. My application has been stuck for weeks with no progress. I also spent ages on hold when I called about it. Please sort this out.,Delays & Processing,Delays & Processing,,Delays & Processing,0.927,Delays & Processing,model,train,True,False
C0503,"I have been a customer for years. My transfer has been pending for over a week. Also, a late payment fee appeared and I want it refunded.",Delays & Processing,Delays & Processing,,Delays & Processing,0.755,Delays & Processing,model,train,True,False
C0504,I have been a customer for years. The complaints handler was unhelpful and talked over me. I do not think it was explained properly when I bought it. I would like a response in writing.,Customer Service,Customer Service,,Customer Service,0.941,Customer Service,model,test,True,False
C0505,The direct debit setup was delayed and I missed a bill because of it. There was also a fee involved.,Delays & Processing,Delays & Processing,,Delays & Processing,0.967,Delays & Processing,model,train,True,False
C0506,I was advised to take out cover that duplicates what I already had. Please sort this out.,Mis-selling,Mis-selling,,Mis-selling,0.956,Mis-selling,model,train,True,False
C0507,"I am writing to complain. The account maintenance fee was taken twice this month. Also, two factor codes are not being sent to my phone. I expect compensation.",Fees & Charges,Account Access,,Fees & Charges,0.725,Fees & Charges,model,train,True,True
C0508,I am writing to complain. The fraud team closed my case without investigating properly. This is not acceptable.,Fraud & Scams,Fraud & Scams,Fraud & Scams,Fraud & Scams,0.949,Fraud & Scams,rule,train,True,False
C0509,I am extremely disappointed and want this resolved. I would like a response in writing.,Customer Service,Needs review,,Customer Service,0.483,Needs review,human queue,train,False,False
C0510,"Hello, Nobody has responded to my emails despite three reminders.",Customer Service,Customer Service,,Customer Service,0.979,Customer Service,model,train,True,False
C0511,I have been a customer for years. The complaints handler was unhelpful and talked over me.,Customer Service,Customer Service,,Customer Service,0.98,Customer Service,model,train,True,False
C0512,I am very unhappy with how this has been handled. Please sort this out.,Delays & Processing,Needs review,,Delays & Processing,0.477,Needs review,human queue,train,False,False
C0513,I am writing to complain. I think I was the victim of a scam and sent money to a fraudster.,Fraud & Scams,Fraud & Scams,Fraud & Scams,Fraud & Scams,0.969,Fraud & Scams,rule,train,True,False
C0514,This is the second time I have raised this. I was tricked into moving savings to a safe account that was not safe. I want this put right.,Fraud & Scams,Fraud & Scams,,Fraud & Scams,0.963,Fraud & Scams,model,test,True,False
C0515,I am writing to complain. The app crashes every time I try to open my statements. I would like a response in writing.,Account Access,Account Access,Account Access,Account Access,0.848,Account Access,rule,train,True,False
C0516,"To whom it may concern, Nobody explained the foreign transaction charges before my hliday.",Fees & Charges,Fees & Charges,,Fees & Charges,0.98,Fees & Charges,model,test,True,False
C0517,"Hello, I think I was the victim of a scam and sent money to a fraudster. I also spent ages on hold when I called about it.",Fraud & Scams,Fraud & Scams,Fraud & Scams,Fraud & Scams,0.946,Fraud & Scams,rule,train,True,False
C0518,I have been billed an annual fee I never agreed to. I also spent ages on hold when I called about it. Please escalate this.,Fees & Charges,Fees & Charges,,Fees & Charges,0.916,Fees & Charges,model,train,True,False
C0519,Please look into what hapened on my account.,Delays & Processing,Delays & Processing,,Account Access,0.334,Needs review,human queue,test,False,True
C0520,The fraud team closed my case without investigating properly. Please escalate this.,Fraud & Scams,Fraud & Scams,Fraud & Scams,Fraud & Scams,0.941,Fraud & Scams,rule,train,True,False
C0521,I have been billed an annual fee I never agreed to. It has also been taking far too long. I expect compensation.,Fees & Charges,Fees & Charges,Fees & Charges,Fees & Charges,0.948,Fees & Charges,rule,train,True,False
C0522,I have been a customer for years. I reported the unauthorised payment but you refused to reimburse me. I want this ut right.,Fraud & Scams,Fraud & Scams,Fraud & Scams,Fraud & Scams,0.964,Fraud & Scams,rule,train,True,False
C0523,I am writing to complain. I spent an hour on hold and then the call was cut off. Please escalate this.,Customer Service,Customer Service,Customer Service,Customer Service,0.982,Customer Service,rule,train,True,False
C0524,A late payment fee appeared and I want it refunded. I would like a response in writing.,Fees & Charges,Fees & Charges,,Fees & Charges,0.938,Fees & Charges,model,train,True,False
C0525,"Hello, I was sold a product that was not suitable for my circumstances. I want this put right.",Mis-selling,Mis-selling,Mis-selling,Mis-selling,0.943,Mis-selling,rule,train,True,False
C0526,The payment still has not arrived in my account. This is not acceptable.,Delays & Processing,Delays & Processing,,Delays & Processing,0.969,Delays & Processing,model,train,True,False
C0527,The payment still has not arrived in my account. This is not acceptable.,Delays & Processing,Delays & Processing,,Delays & Processing,0.969,Delays & Processing,model,train,True,False
C0528,I have been a customer for years. My card reader stopped working and I cannot approve payments.,Account Access,Account Access,,Account Access,0.989,Account Access,model,train,True,False
C0529,"To whom it may concern, I was sold a product that was not suitable for my circumstances. This is not acceptable.",Mis-selling,Mis-selling,Mis-selling,Mis-selling,0.958,Mis-selling,rule,train,True,False
C0530,"To whom it may concern, The website will not let me register for online access. I am worried it might be fraud. This is not acceptable.",Account Access,Fraud & Scams,Fraud & Scams,Account Access,0.983,Fraud & Scams,rule,train,False,False
C0531,I have been a customer for years. My card reader stopped working and I cannot approve payments. It has also been taking far too long. I expect compensation.,Account Access,Account Access,,Account Access,0.967,Account Access,model,train,True,False
C0532,"Hello, I keep getting an error message when I sign in. Also, the adviser did not explain the risks of the investment. I expect compensation.",Account Access,Account Access,,Account Access,0.817,Account Access,model,train,True,False
C0533,"Frankly, A person pretending to be from your bank phoned me and I gave them details. I expect compensation.",Fraud & Scams,Fraud & Scams,,Fraud & Scams,0.983,Fraud & Scams,model,train,True,False
C0534,"Frankly, Your advisor gave me different answers on two separate calls. Please escalate this.",Customer Service,Customer Service,,Customer Service,0.939,Customer Service,model,train,True,False
C0535,I was charged a monthly fee that nobody told me about. I expect compensation.,Fees & Charges,Fees & Charges,Fees & Charges,Fees & Charges,0.98,Fees & Charges,rule,train,True,False
C0536,I reported the unauthorised payment but you refused to reimburse me. I want this put right.,Fraud & Scams,Fraud & Scams,Fraud & Scams,Fraud & Scams,0.98,Fraud & Scams,rule,train,True,False
C0537,This is the second time I have raised this. My identity was stolen and a loan was taken out in my name. This is not acceptable.,Fraud & Scams,Fraud & Scams,,Fraud & Scams,0.955,Fraud & Scams,model,train,True,False
C0538,I am writing to complain. The complaints handler was unhelpful and talked over me. Please sort this out.,Customer Service,Customer Service,,Customer Service,0.983,Customer Service,model,train,True,False
C0539,"Frankly, A person pretending to be from your bank phoned me and I gave them details. I could not log in to check either. I want this put right.",Fraud & Scams,Account Access,Account Access,Fraud & Scams,0.976,Account Access,rule,train,False,False
C0540,I have been a customer for years. Nobody has responded to my emails despite three reminders.,Customer Service,Customer Service,,Customer Service,0.976,Customer Service,model,train,True,False
C0541,"I am unable to access my account to see my balance. Also, the staff member was rude and dismissive when I called. I want this put right.",Account Access,Customer Service,Customer Service,Account Access,0.424,Customer Service,rule,train,False,False
C0542,I have been billed an annual fee I never agreed to. Please escalate this.,Fees & Charges,Fees & Charges,Fees & Charges,Fees & Charges,0.984,Fees & Charges,rule,test,True,False
C0543,"A late payment fee appeared and I want it refunded. Also, the branch manager would not listen to my concerns. Please sort this out.",Fees & Charges,Fees & Charges,,Fees & Charges,0.513,Needs review,human queue,test,False,True
C0544,"I am writing to complain. There is an unexpected charge on my statement of £25. Also, the app crashes every time I try to open my statements. Please sort this out.",Fees & Charges,Fees & Charges,,Fees & Charges,0.428,Needs review,human queue,test,False,True
C0545,"Hello, The fraud team closed my case without investigating properly. I want this put right.",Fraud & Scams,Fraud & Scams,Fraud & Scams,Fraud & Scams,0.958,Fraud & Scams,rule,test,True,False
C0546,"Hello, The closure of my old account has dragged on for months. I do not think it was explained properly when I bought it.",Delays & Processing,Delays & Processing,,Delays & Processing,0.844,Delays & Processing,model,train,True,False
C0547,I have been a customer for years. I think I was the victim of a scam and sent money to a fraudster. I expect compensation.,Fraud & Scams,Fraud & Scams,Fraud & Scams,Fraud & Scams,0.97,Fraud & Scams,rule,train,True,False
C0548,"To whom it may concern, I think I was the victim of a scam and sent money to a fraudster.",Fraud & Scams,Fraud & Scams,Fraud & Scams,Fraud & Scams,0.979,Fraud & Scams,rule,train,True,False
C0549,I was misled about what the insurance actually included. Please sort this out.,Mis-selling,Mis-selling,Mis-selling,Mis-selling,0.974,Mis-selling,rule,train,True,False
C0550,"To whom it may concern, I sent the form twice and it seems to have been lost in the system. There was also a fee involved. Please sort this out.",Delays & Processing,Delays & Processing,,Delays & Processing,0.956,Delays & Processing,model,train,True,False
C0551,This is the second time I have raised this. My identity was stolen and a loan was taken out in my name. Please escalate this.,Fraud & Scams,Fraud & Scams,,Fraud & Scams,0.938,Fraud & Scams,model,train,True,False
C0552,"Hello, Why has my interest rate gone up without notice, it is costing me more every month. I do not think it was explained properly when I bought it. This is not acceptable.",Fees & Charges,Fees & Charges,,Fees & Charges,0.892,Fees & Charges,model,train,True,False
C0553,I am writing to complain. Nobody checked whether I could afford the credit agreement. There was also a fee involved.,Mis-selling,Mis-selling,,Mis-selling,0.912,Mis-selling,model,test,True,False
C0554,"Frankly, My application has been stuck for weeks with no progress. Please sort this out.",Delays & Processing,Delays & Processing,Delays & Processing,Delays & Processing,0.982,Delays & Processing,rule,train,True,False
C0555,"Frankly, The webchat agent ended the conversation without solving anything. I would like a response in writing.",Customer Service,Customer Service,,Customer Service,0.949,Customer Service,model,train,True,False
C0556,"Frankly, Nobody checked whether I could afford the credit agreement. Also, i spent an hour on hold and then the call was cut off.",Mis-selling,Customer Service,Customer Service,Mis-selling,0.83,Customer Service,rule,train,False,False
C0557,Nothing has been done and I am losing patience. I would like a response in writing.,Mis-selling,Mis-selling,,Mis-selling,0.393,Needs review,human queue,test,False,True
C0558,"Hello, The terms were very different from what I was promised at the time of sale. I could not log in to check either.",Mis-selling,Account Access,Account Access,Mis-selling,0.954,Account Access,rule,test,False,False
C0559,This is the second time I have raised this. I was passed between four departments and no one took ownership. Please escalate this.,Customer Service,Customer Service,,Customer Service,0.937,Customer Service,model,test,True,False
C0560,The adviser did not explain the risks of the investment.,Mis-selling,Mis-selling,Mis-selling,Mis-selling,0.976,Mis-selling,rule,train,True,False
C0561,This is the second time I have raised this. I reported the unauthorised payment but you refused to reimburse me. I expect compensation.,Fraud & Scams,Fraud & Scams,Fraud & Scams,Fraud & Scams,0.958,Fraud & Scams,rule,train,True,False
C0562,I am writing to complain. I asked for a callback and it never happened. I expect compensation.,Customer Service,Customer Service,,Customer Service,0.961,Customer Service,model,train,True,False
C0563,"The branch manager would not listen to my concerns. Also, i sent the form twice and it seems to have been lost in the system. I would like a response in writing.",Customer Service,Customer Service,,Customer Service,0.49,Needs review,human queue,test,False,True
C0564,"To whom it may concern, My account was frozen and I cannot get in to move money. This is not acceptable.",Account Access,Account Access,,Account Access,0.861,Account Access,model,train,True,False
C0565,I asked for a callback and it never happened. I am worried it might be fraud. I expect compensation.,Customer Service,Customer Service,,Customer Service,0.891,Customer Service,model,train,True,False
C0566,"To whom it my concern, The paperwork was submitted a month ago and I am still waiting. I am worried it might be fraud. I want this put right.",Delays & Processing,Delays & Processing,,Delays & Processing,0.787,Delays & Processing,model,train,True,False
C0567,"Hello, Your advisor gave me different answers on two separate calls. Als, the paperwork was submitted a month ago and I am still waiting. Please escalate this.",Customer Service,Customer Service,,Customer Service,0.818,Customer Service,model,train,True,False
C0568,"I sent the form twice and it seems to have been lost in the system. Also, i am unable to access my account to see my balance. This is not acceptable.",Delays & Processing,Delays & Processing,,Delays & Processing,0.856,Delays & Processing,model,train,True,False
C0569,I am writing to complain. The staff member was rude and dismissive when I called. This is not acceptable.,Customer Service,Customer Service,Customer Service,Customer Service,0.968,Customer Service,rule,train,True,False
C0570,I am very unhappy with how this has been handled. I want this put right.,Fees & Charges,Fees & Charges,,Fees & Charges,0.729,Fees & Charges,model,train,True,False
C0571,"The terms were very different from what I was promised at the time of sale. Also, i feel I was treated badly because of my age.",Mis-selling,Customer Service,Customer Service,Mis-selling,0.813,Customer Service,rule,train,False,False
C0572,I have been a customer for years. Nobody checked whether I could afford the credit agreement.,Mis-selling,Mis-selling,,Mis-selling,0.936,Mis-selling,model,train,True,False
C0573,A fake text message led me to a website and my money disappeared.,Fraud & Scams,Fraud & Scams,,Fraud & Scams,0.89,Fraud & Scams,model,train,True,False
C0574,This is the second time I have raised this. I think I was the victim of a scam and sent money to a fraudster. I expect compensation.,Fraud & Scams,Fraud & Scams,Fraud & Scams,Fraud & Scams,0.974,Fraud & Scams,rule,train,True,False
C0575,I have been a customer for years. The salesperson pushed me into a plan I did not need. It has also been taking far too long. I would like a response in writing.,Mis-selling,Mis-selling,,Mis-selling,0.906,Mis-selling,model,train,True,False
C0576,My identity was stolen and a loan was taken out in my name. It has also been taking far too long. I expect compensation.,Fraud & Scams,Fraud & Scams,,Fraud & Scams,0.926,Fraud & Scams,model,train,True,False
C0577,"The webchat agent ended the conversation without solving anything. Also, my transfer has been pending for over a week. I expect compensation.",Customer Service,Customer Service,,Customer Service,0.556,Needs review,human queue,test,False,True
C0578,A person pretending to be from your bank phoned me and I gave them details. This is not acceptable.,Fraud & Scams,Fraud & Scams,,Fraud & Scams,0.983,Fraud & Scams,model,train,True,False
C0579,"Hello, I was hit with a penalty charge for a ayment I made on time. Please escalate this.",Fees & Charges,Fees & Charges,Fees & Charges,Fees & Charges,0.955,Fees & Charges,rule,train,True,False
C0580,"Frankly, I have been billed an annual fee I never areed to. I expect compensation.",Fees & Charges,Fees & Charges,Fees & Charges,Fees & Charges,0.935,Fees & Charges,rule,train,True,False
C0581,I was misled about what the insurance actually included. This is not acceptable.,Mis-selling,Mis-selling,Mis-selling,Mis-selling,0.986,Mis-selling,rule,test,True,False
C0582,I have been a customer for years. The salesperson pushed me into a plan I did not need. This is not acceptable.,Mis-selling,Mis-selling,,Mis-selling,0.918,Mis-selling,model,train,True,False
C0583,This is the second time I have raised this. I reported the unauthorised payment but you refused to reimburse me. There was also a fee involved. I would like a response in writing.,Fraud & Scams,Fraud & Scams,,Fraud & Scams,0.933,Fraud & Scams,model,train,True,False
C0584,"Nobody checked whether I could afford the credit agreement. Also, i keep getting an error message when I sign in. Please escalate this.",Mis-selling,Account Access,Account Access,Account Access,0.649,Account Access,rule,test,False,False
C0585,"Frankly, My mortgage switch is taking far longer than you said it would.",Delays & Processing,Delays & Processing,,Delays & Processing,0.911,Delays & Processing,model,test,True,False
C0586,This is the second time I have raised this. I spent an hour on hold and then the call was cut off.,Customer Service,Customer Service,Customer Service,Customer Service,0.972,Customer Service,rule,test,True,False
C0587,This is the second time I have raised this. I was sold a product that was not suitable for my circumstances. This is not acceptable.,Mis-selling,Mis-selling,Mis-selling,Mis-selling,0.934,Mis-selling,rule,train,True,False
C0588,I am writing to complain. I asked for a callback and it never happened. I do not think it was explained properly when I bought it. I would like a response in writing.,Customer Service,Customer Service,,Customer Service,0.913,Customer Service,model,train,True,False
C0589,A person pretending to be from your bank phoned me and I gave them details. Please sort this out.,Fraud & Scams,Fraud & Scams,,Fraud & Scams,0.984,Fraud & Scams,model,test,True,False
C0590,"I have been a customer for years. The payment still has not arrived in my account. Also, the pension transfer advice I received was poor and I have lost out.",Delays & Processing,Delays & Processing,,Mis-selling,0.476,Needs review,human queue,test,False,True
C0591,"I am writing to complain. I spent an hur on hold and then the call was cut off. Also, i was advised to take out cover that duplicates what I already had.",Customer Service,Customer Service,Customer Service,Customer Service,0.7,Customer Service,rule,train,True,False
C0592,I have been a customer for years. My card reader stopped working and I cannot approve payments. I also spent ages on hold when I called about it. Please escalate this.,Account Access,Customer Service,Customer Service,Account Access,0.962,Customer Service,rule,train,False,False
C0593,"I am writing to complain. The webchat agent ended the conversation without solving anything. Also, why has my interest rate gone up without notice, it is costing me more every month.",Customer Service,Customer Service,,Customer Service,0.808,Customer Service,model,train,True,False
C0594,I have been a customer for years. My account was frozen and I cannot get in to move money. I expect compensation.,Account Access,Account Access,,Account Access,0.952,Account Access,model,train,True,False
C0595,"To whom it may concern, The branch manager would not listen to my concerns. I am worried it might be fraud.",Customer Service,Fraud & Scams,Fraud & Scams,Customer Service,0.969,Fraud & Scams,rule,train,False,False
C0596,"Hello, The fraud team closed my case without investigating properly. It has also been taking far too long. Please escalate this.",Fraud & Scams,Fraud & Scams,Fraud & Scams,Fraud & Scams,0.896,Fraud & Scams,rule,train,True,False
C0597,"I sent the form twice and it seems to have been lost in the system. Also, two factor codes are not being sent to my phone.",Delays & Processing,Account Access,Account Access,Delays & Processing,0.822,Account Access,rule,test,False,False
C0598,I think I was the victim of a scam and sent money to a fraudster. I expect compensation.,Fraud & Scams,Fraud & Scams,Fraud & Scams,Fraud & Scams,0.98,Fraud & Scams,rule,train,True,False
C0599,"To whom it may concern, A person pretending to be from your bank phoned me and I gave them details.",Fraud & Scams,Fraud & Scams,,Fraud & Scams,0.982,Fraud & Scams,model,test,True,False
C0600,"To whom it may concern, I feel I was treated badly because of my age. I could not log in to check either.",Customer Service,Customer Service,,Customer Service,0.959,Customer Service,model,test,True,False
C0601,I was charged a monthly fee that nobody told me about.,Fees & Charges,Fees & Charges,Fees & Charges,Fees & Charges,0.988,Fees & Charges,rule,train,True,False
C0602,I was sold a product that was not suitable for my circumstances. I also spent ages on hold when I called about it. I want this put right.,Mis-selling,Mis-selling,Mis-selling,Mis-selling,0.899,Mis-selling,rule,test,True,False
C0603,"To whom it may concern, I feel I was treated badly because of my age.",Customer Service,Customer Service,Customer Service,Customer Service,0.976,Customer Service,rule,test,True,False
C0604,I have been a customer for years. My account was frozen and I cannot get in to move money. It has also been taking far too long. I expect compensation.,Account Access,Account Access,,Account Access,0.888,Account Access,model,test,True,False
C0605,"To whom it may concern, I cannot log in to the mobile app since the update.",Account Access,Account Access,Account Access,Account Access,0.972,Account Access,rule,train,True,False
C0606,A late payment fee appeared and I want it refunded. I want this put right.,Fees & Charges,Fees & Charges,,Fees & Charges,0.981,Fees & Charges,model,train,True,False
C0607,"Hello, The costs keep creeping up and my balance is lower than it should be. I am worried it might be fraud. I would like a response in writing.",Fees & Charges,Fraud & Scams,Fraud & Scams,Fees & Charges,0.889,Fraud & Scams,rule,train,False,False
C0608,I sent the form twice and it seems to have been lost in the system.,Delays & Processing,Delays & Processing,,Delays & Processing,0.989,Delays & Processing,model,train,True,False
C0609,"Frankly, The terms were very different from what I was promised at the time of sale.",Mis-selling,Mis-selling,,Mis-selling,0.978,Mis-selling,model,train,True,False
C0610,The pension transfer advice I received was poor and I have lost out. I also spent ages on hold when I called about it. I want this put right.,Mis-selling,Mis-selling,,Mis-selling,0.895,Mis-selling,model,train,True,False
C0611,I am writing to complain. The payment still has not arrived in my account. I would like a response in writing.,Delays & Processing,Delays & Processing,,Delays & Processing,0.916,Delays & Processing,model,train,True,False
C0612,"To whom it may concern, The complaints handler was unhelpful and talked over me. Please escalate this.",Customer Service,Customer Service,,Customer Service,0.961,Customer Service,model,train,True,False
C0613,I asked for a callback and it never happened. I do not think it was explained properly when I bought it.,Customer Service,Customer Service,,Customer Service,0.901,Customer Service,model,train,True,False
C0614,"Frankly, The pension transfer advice I received was poor and I have lost out. I expect compensation.",Mis-selling,Mis-selling,,Mis-selling,0.951,Mis-selling,model,train,True,False
C0615,"My transfer has been pending for over a week. Also, i am unable to access my account to see my balance. Please sort this out.",Delays & Processing,Delays & Processing,,Delays & Processing,0.822,Delays & Processing,model,train,True,False
C0616,"This is the second time I have raised this. Your advisor gave me different answers on two separate calls. Also, i have been billed an annual fee I never agreed to. I expect compensation.",Customer Service,Fees & Charges,Fees & Charges,Customer Service,0.813,Fees & Charges,rule,train,False,False
C0617,The terms were very different from what I was promised at the time of sale.,Mis-selling,Mis-selling,,Mis-selling,0.972,Mis-selling,model,train,True,False
C0618,My card reader stopped working and I cannot approve payments.,Account Access,Account Access,,Account Access,0.993,Account Access,model,train,True,False
C0619,My identity was stolen and a loan was taken out in my name. It has also been taking far too long. I would like a response in writing.,Fraud & Scams,Fraud & Scams,,Fraud & Scams,0.892,Fraud & Scams,model,train,True,False
C0620,"Frankly, I feel I was treated badly because of my age. It has also been taking far too long.",Customer Service,Customer Service,Customer Service,Customer Service,0.929,Customer Service,rule,train,True,False
C0621,"Hello, I cannot log in to the mobile app since the update. There was also a fee involved.",Account Access,Account Access,Account Access,Account Access,0.968,Account Access,rule,train,True,False
C0622,The app crashes every time I try to open my statements. Please escalate this.,Account Access,Account Access,Account Access,Account Access,0.904,Account Access,rule,train,True,False
C0623,I am writing to complain. A person pretending to be from your bank phoned me and I gave them details.,Fraud & Scams,Fraud & Scams,,Fraud & Scams,0.976,Fraud & Scams,model,train,True,False
C0624,I have been a customer for years. I cannot log in to the mobile app since the update. Please escalate this.,Account Access,Account Access,Account Access,Account Access,0.965,Account Access,rule,train,True,False
C0625,I have had enough of the way this has gone.,Customer Service,Needs review,,Fees & Charges,0.391,Needs review,human queue,test,False,False
C0626,The website will not let me registe for online access.,Account Access,Account Access,,Account Access,0.966,Account Access,model,train,True,False
C0627,"I have been a customer for years. The payment still has not arrived in my account. Also, the fraud team closed my case without investigating properly. I want this put right.",Delays & Processing,Delays & Processing,,Fraud & Scams,0.915,Fraud & Scams,model,test,False,True
C0628,"Hello, I was sold a product that was not suitable for my circumstances. Also, my mortgage switch is taking far longer than you said it would.",Mis-selling,Mis-selling,Mis-selling,Mis-selling,0.608,Mis-selling,rule,train,True,False
C0629,The webchat agent ended the conversation without solving anything. I want this put right.,Customer Service,Customer Service,,Customer Service,0.939,Customer Service,model,train,True,False
C0630,I am writing to complain. I sent the form twice and it seems to have been lost in the system. I would like a response in writing.,Delays & Processing,Delays & Processing,,Delays & Processing,0.972,Delays & Processing,model,train,True,False
C0631,I have been a customer for years. There is an unexpected charge on my statement of £60.,Fees & Charges,Fees & Charges,Fees & Charges,Fees & Charges,0.937,Fees & Charges,rule,train,True,False
C0632,A fake text message led me to a website and my money disappeared. I would like a response in writing.,Fraud & Scams,Fraud & Scams,,Fraud & Scams,0.851,Fraud & Scams,model,train,True,False
C0633,I am writing to complain. The webchat agent ended the conversation without solving anything. I want this put right.,Customer Service,Customer Service,,Customer Service,0.949,Customer Service,model,train,True,False
C0634,The paperwork was submitted a month ago and I am still waiting. There was also a fee involved. This is not acceptable.,Delays & Processing,Delays & Processing,,Delays & Processing,0.898,Delays & Processing,model,train,True,False
C0635,I was tricked into moving savings to a safe account that was not safe. I do not think it was explained properly when I bought it.,Fraud & Scams,Fraud & Scams,,Fraud & Scams,0.925,Fraud & Scams,model,train,True,False
C0636,"To whom it may concern, The direct debit setup was delayed and I missed a bill because of it. I also spent ages on hold when I called about it.",Delays & Processing,Delays & Processing,,Delays & Processing,0.903,Delays & Processing,model,test,True,False
C0637,There are transactions on my card I do not recognise.,Fraud & Scams,Fraud & Scams,,Fraud & Scams,0.981,Fraud & Scams,model,train,True,False
C0638,"Frankly, Nobody explained the foreign transaction charges before my holiday.",Fees & Charges,Fees & Charges,,Fees & Charges,0.987,Fees & Charges,model,train,True,False
C0639,"You promised the money within three working days and it is still outstanding. Also, the webchat agent ended the conversation without solving anything. Please escalate this.",Delays & Processing,Delays & Processing,,Delays & Processing,0.709,Delays & Processing,model,train,True,False
C0640,Two factor codes are not being sent to my phone. There was also a fee involved. I would like a response in writing.,Account Access,Account Access,,Account Access,0.914,Account Access,model,train,True,False
C0641,I am extremely disappointed and want this resolved. I want this put right.,Customer Service,Needs review,,Customer Service,0.425,Needs review,human queue,train,False,False
C0642,Someone has made payments from my account that I did not authorise. I do not think it was explained properly when I bought it. I want this put right.,Fraud & Scams,Fraud & Scams,Fraud & Scams,Fraud & Scams,0.91,Fraud & Scams,rule,train,True,False
C0643,I was tricked into moving savings to a safe account that was not safe. I would like a response in writing.,Fraud & Scams,Fraud & Scams,,Fraud & Scams,0.946,Fraud & Scams,model,test,True,False
C0644,"Frankly, You took an overdraft fee even though I was within my limit. Also, i was tricked into moving savings to a safe account that was not safe. Please escalate this.",Fees & Charges,Fees & Charges,,Fees & Charges,0.723,Fees & Charges,model,train,True,False
C0645,My card reader stopped working and I cannot approve payments. I expect compensation.,Account Access,Account Access,,Account Access,0.992,Account Access,model,train,True,False
C0646,I have been a customer for years. Nobody explained the foreign transaction charges before my holiday. I would like a response in writing.,Fees & Charges,Fees & Charges,,Fees & Charges,0.911,Fees & Charges,model,train,True,False
C0647,I have been a customer for years. The website will not let me register for online access. Please sort this out.,Account Access,Account Access,,Account Access,0.975,Account Access,model,train,True,False
C0648,A fake text message led me to a website and my money disappeared. I would like a response in writing.,Fraud & Scams,Fraud & Scams,,Fraud & Scams,0.851,Fraud & Scams,model,train,True,False
C0649,I think I was the victim of a scam and sent money to a fraudster.,Fraud & Scams,Fraud & Scams,Fraud & Scams,Fraud & Scams,0.985,Fraud & Scams,rule,train,True,False
C0650,I was charged a monthly fee that nobody told me about. I would like a response in writing.,Fees & Charges,Fees & Charges,Fees & Charges,Fees & Charges,0.953,Fees & Charges,rule,train,True,False
C0651,"This is the second time I have raised this. The password reset keeps failing and I am locked out. Also, the terms were very different from what I was promised at the time of sale.",Account Access,Account Access,Account Access,Account Access,0.705,Account Access,rule,train,True,False
C0652,I am writing to complain. I keep getting an error message when I sign in. I would like a response in writing.,Account Access,Account Access,Account Access,Account Access,0.93,Account Access,rule,train,True,False
C0653,"Frankly, My card reader stopped working and I cannot approve payments. I want this put right.",Account Access,Account Access,,Account Access,0.962,Account Access,model,train,True,False
C0654,"To whom it may concern, My card was cloned and used abroad. I could not log in to check either.",Fraud & Scams,Fraud & Scams,,Fraud & Scams,0.882,Fraud & Scams,model,test,True,False
C0655,I have been a customer for years. My account was frozen and I cannot get in to move money. I would like a response in writing.,Account Access,Account Access,,Account Access,0.874,Account Access,model,train,True,False
C0656,"The account maintenance fee was taken twice this month. Also, i asked for a callback and it never happened. This is not acceptable.",Fees & Charges,Fees & Charges,,Fees & Charges,0.851,Fees & Charges,model,train,True,False
C0657,This is the second time I have raised this. The payment still has not arrived in my account.,Delays & Processing,Delays & Processing,,Delays & Processing,0.966,Delays & Processing,model,train,True,False
C0658,I was tricked into moving savings to a safe account that was not safe. Please sort this out.,Fraud & Scams,Fraud & Scams,,Fraud & Scams,0.947,Fraud & Scams,model,train,True,False
C0659,"To whom it may concern, My application has been stuck for weeks with no progress.",Delays & Processing,Delays & Processing,Delays & Processing,Delays & Processing,0.988,Delays & Processing,rule,train,True,False
C0660,I am writing to complain. I feel I was treated badly because of my age. I want this put right.,Customer Service,Customer Service,Customer Service,Customer Service,0.951,Customer Service,rule,train,True,False
C0661,I have had enough of the way this has gone. Please escalae this.,Mis-selling,Needs review,,Fees & Charges,0.391,Needs review,human queue,train,False,False
C0662,The paperwork was submitted a month ago and I am still waiting.,Delays & Processing,Delays & Processing,,Delays & Processing,0.906,Delays & Processing,model,test,True,False
C0663,"Hello, I was told this policy covered e but my claim was rejected. There was also a fee involved. I would like a response in writing.",Mis-selling,Mis-selling,,Mis-selling,0.936,Mis-selling,model,train,True,False
C0664,My card reader stopped working and I cannot approve payments. I would like a response in writing.,Account Access,Account Access,,Account Access,0.977,Account Access,model,train,True,False
C0665,I have been a customer for years. The webchat agent ended the conversation without solving anything. I am worried it might be fraud. Please sort this out.,Customer Service,Customer Service,,Customer Service,0.955,Customer Service,model,train,True,False
C0666,I was told this policy covered me but my claim was rejected.,Mis-selling,Mis-selling,,Mis-selling,0.974,Mis-selling,model,train,True,False
C0667,"Frankly, The direct debit setup was delayed and I missed a bill because of it.",Delays & Processing,Delays & Processing,,Delays & Processing,0.961,Delays & Processing,model,train,True,False
C0668,"This is the second time I have raised this. I reported the unauthorised payment but you refused to reimburse me. Also, why has my interest rate gone up without notice, it is costing me more every month. Please sort this out.",Fraud & Scams,Fraud & Scams,,Fraud & Scams,0.825,Fraud & Scams,model,train,True,False
C0669,Nobody explained the foreign transaction charges before my holiday. I do not think it was explained properly when I bought it. I want this put right.,Fees & Charges,Fees & Charges,,Fees & Charges,0.969,Fees & Charges,model,train,True,False
C0670,"To whom it may concern, The brochure said guaranteed returns and my money has lost value. Please escalate this.",Mis-selling,Mis-selling,,Mis-selling,0.966,Mis-selling,model,train,True,False
C0671,"A person pretending to be from your bank phoned me and I gave them details. Also, the direct debit setup was delayed and I missed a bill because of it. Please escalate this.",Fraud & Scams,Fraud & Scams,,Fraud & Scams,0.803,Fraud & Scams,model,train,True,False
C0672,The costs keep creeping up and my balance is lower than it should be. I want this put right.,Fees & Charges,Fees & Charges,,Fees & Charges,0.982,Fees & Charges,model,train,True,False
C0673,"Frankly, I was charged a monthly fee that nobody told me about. I would like a response in writing.",Fees & Charges,Fees & Charges,Fees & Charges,Fees & Charges,0.943,Fees & Charges,rule,train,True,False
C0674,"To whom it may concern, The terms were very different from what I was promised at the time of sale. I also spent ages on hold when I called about it. I want this put right.",Mis-selling,Customer Service,Customer Service,Mis-selling,0.904,Customer Service,rule,train,False,False
C0675,"Frankly, The payment still has not arrived in my account.",Delays & Processing,Delays & Processing,,Delays & Processing,0.98,Delays & Processing,model,train,True,False
C0676,"My card reader stopped working and I cannot approve payments. Also, the account maintenance fee was taken twice this month. I would like a response in writing.",Account Access,Account Access,,Account Access,0.767,Account Access,model,train,True,False
C0677,This is the second time I have raised this. I was sold a product that was not suitable for my circumstances. It has also been taking far too long. Please sort this out.,Mis-selling,Mis-selling,Mis-selling,Mis-selling,0.909,Mis-selling,rule,train,True,False
C0678,I have had enough of the way this has gone.,Fees & Charges,Needs review,,Fees & Charges,0.391,Needs review,human queue,train,False,False
C0679,I am writing to complain. The adviser did not explain the risks of the investment.,Mis-selling,Mis-selling,Mis-selling,Mis-selling,0.966,Mis-selling,rule,test,True,False
C0680,"This is the second time I have raised this. Why has my interest rate gone up without notice, it is costing me more every month.",Fees & Charges,Fees & Charges,,Fees & Charges,0.896,Fees & Charges,model,train,True,False
C0681,This is the second time I have raised this. The terms were very different from what I was promised at the time of sale. I also spent ages on hold when I called about it. Please sort this out.,Mis-selling,Customer Service,Customer Service,Mis-selling,0.915,Customer Service,rule,train,False,False
C0682,"This is the second time I have raised this. The staff member was rude and dismissive when I called. Also, i keep getting an error message when I sign in.",Customer Service,Customer Service,,Customer Service,0.885,Customer Service,model,train,True,False
C0683,I think I was the victim of a scam and sent money to a fraudster. It has also been taking far too long. Please escalate this.,Fraud & Scams,Fraud & Scams,Fraud & Scams,Fraud & Scams,0.955,Fraud & Scams,rule,train,True,False
C0684,I have been a customer for years. Nobody explained the foreign transaction charges before my holiday. I could not log in to check either.,Fees & Charges,Account Access,Account Access,Fees & Charges,0.947,Account Access,rule,train,False,False
C0685,I reported the unauthorised payment but you refused to reimburse me. I want this put right.,Fraud & Scams,Fraud & Scams,Fraud & Scams,Fraud & Scams,0.98,Fraud & Scams,rule,train,True,False
C0686,"Hello, The direct debit setup was delayed and I missed a bill because of it. This is not acceptable.",Delays & Processing,Delays & Processing,,Delays & Processing,0.954,Delays & Processing,model,train,True,False
C0687,"My online banking is locked and the reset link never arrves. Also, the complaints handler was unhelpful and talked over me. Please sort this out.",Account Access,Account Access,Account Access,Account Access,0.804,Account Access,rule,train,True,False
C0688,The branch manager would not listen to my concerns. I could not log in to check either.,Customer Service,Account Access,Account Access,Customer Service,0.971,Account Access,rule,train,False,False
C0689,"Frankly, I was tricked into moving savings to a safe account that was not safe. I also spent ages on hold when I called about it.",Fraud & Scams,Fraud & Scams,,Fraud & Scams,0.929,Fraud & Scams,model,train,True,False
C0690,"There are transactions on my card I do not recognise. Also, there is an unexpected charge on my statement of £15. Please sort this out.",Fraud & Scams,Fraud & Scams,,Fraud & Scams,0.692,Fraud & Scams,model,train,True,False
C0691,My card was cloned and used abroad.,Fraud & Scams,Fraud & Scams,Fraud & Scams,Fraud & Scams,0.951,Fraud & Scams,rule,train,True,False
C0692,"To whom it may concern, The closure of my old account has dragged on for months.",Delays & Processing,Delays & Processing,,Delays & Processing,0.949,Delays & Processing,model,train,True,False
C0693,"This is the second time I have raised this. Why has my interest rate gone up without notice, it is costing me more every month. It has also been taking far too long. Please sort this out.",Fees & Charges,Fees & Charges,,Fees & Charges,0.891,Fees & Charges,model,train,True,False
C0694,"Frankly, I asked for a callback and it never happened. Also, the paperwork was submitted a month ago and I am still waiting.",Customer Service,Needs review,,Customer Service,0.744,Customer Service,model,train,True,True
C0695,"I was misled about what the insurance actually included. Also, i spent an hour on hold and then the call was cut off. This is not acceptable.",Mis-selling,Mis-selling,,Mis-selling,0.862,Mis-selling,model,train,True,False
C0696,I am writing to complain. Nobody has responded to my emails despite three reminders.,Customer Service,Customer Service,,Customer Service,0.973,Customer Service,model,train,True,False
C0697,"Frankly, The staff member was rude and dismissive when I called. Also, i keep getting an error message when I sign in. I want this put right.",Customer Service,Customer Service,,Customer Service,0.882,Customer Service,model,train,True,False
C0698,The fraud team closed my case without investigating properly. Please escalate this.,Fraud & Scams,Fraud & Scams,Fraud & Scams,Fraud & Scams,0.941,Fraud & Scams,rule,test,True,False
C0699,"To whom it may concern, The brochure said guaranteed returns and my money has lost value. This is not acceptable.",Mis-selling,Mis-selling,,Mis-selling,0.958,Mis-selling,model,train,True,False
C0700,The adviser did not explain the risks of the investment. There was also a fee involved. I would like a response in writing.,Mis-selling,Mis-selling,Mis-selling,Mis-selling,0.946,Mis-selling,rule,train,True,False
C0701,I am writing to complain. You promised the money within three working days and it is still outstanding. I want this put right.,Delays & Processing,Delays & Processing,,Delays & Processing,0.945,Delays & Processing,model,train,True,False
C0702,This has caused me a lot of stress and I want answers. Please escalate this.,Customer Service,Needs review,,Mis-selling,0.263,Needs review,human queue,train,False,False
C0703,"There is an unexpected charge on my statement of £48. Also, the adviser did not explain the risks of the investment. This is not acceptable.",Fees & Charges,Fees & Charges,,Fees & Charges,0.771,Fees & Charges,model,train,True,False
C0704,"Frankly, The salesperson pushed me into a plan I did not need. I want this put right.",Mis-selling,Mis-selling,,Mis-selling,0.878,Mis-selling,model,train,True,False
C0705,My mortgage switch is taking far longer than you said it would. Please escalate this.,Delays & Processing,Delays & Processing,,Delays & Processing,0.933,Delays & Processing,model,train,True,False
C0706,"To whom it may concern, Two factor codes are not being sent to my phone. Please escalate this.",Account Access,Account Access,Account Access,Account Access,0.916,Account Access,rule,test,True,False
C0707,I have been a cusomer for years. My application has been stuck for weeks with no progress.,Delays & Processing,Delays & Processing,Delays & Processing,Delays & Processing,0.988,Delays & Processing,rule,train,True,False
C0708,"Frankly, You promised the money within three working days and it is still outstanding. I do not think it was explained properly when I bought it. I would like a response in writing.",Delays & Processing,Delays & Processing,,Delays & Processing,0.854,Delays & Processing,model,train,True,False
C0709,I have been a customer for years. I was advised to take out cover that duplicates what I already had.,Mis-selling,Mis-selling,,Mis-selling,0.933,Mis-selling,model,train,True,False
C0710,"A late payment fee appeared and I want it refunded. Also, the webchat agent ended the conversation without solving anything. Please escalate this.",Fees & Charges,Fees & Charges,,Fees & Charges,0.688,Fees & Charges,model,train,True,False
C0711,I am writing to complain. The pension transfer advice I received was poor and I have lost out.,Mis-selling,Mis-selling,,Mis-selling,0.963,Mis-selling,model,train,True,False
C0712,The account maintenance fee was taken twice this month. I want this put right.,Fees & Charges,Fees & Charges,,Fees & Charges,0.977,Fees & Charges,model,test,True,False
C0713,"To whom it may concern, The account maintenance fee was taken twice this month. I could not log in to check either. I expect compensation.",Fees & Charges,Fees & Charges,,Fees & Charges,0.954,Fees & Charges,model,test,True,False
C0714,The terms were very different from what I was promised at the time of sale. Please sort this out.,Mis-selling,Mis-selling,,Mis-selling,0.966,Mis-selling,model,train,True,False
C0715,"To whom it may concern, The brochure said guaranteed returns and my money has lost value. It has also been taking far too long.",Mis-selling,Mis-selling,,Mis-selling,0.949,Mis-selling,model,train,True,False
C0716,"This is the second time I have raised this. My application has been stuck for weeks with no progress. Also, your advisor gave me different answers on two separate calls. This is not acceptable.",Delays & Processing,Delays & Processing,Delays & Processing,Delays & Processing,0.709,Delays & Processing,rule,train,True,False
C0717,"To whom it may concern, Nobody has responded to my emails despite three reminders. Also, i am unable to access my account to see my balance. Please sort this out.",Customer Service,Customer Service,,Customer Service,0.708,Customer Service,model,train,True,False
C0718,"Nobody checked whether I could afford the credit agreement. Also, my account was frozen and I cannot get in to move money.",Mis-selling,Mis-selling,,Mis-selling,0.886,Mis-selling,model,train,True,False
C0719,"This is the second time I have raised this. My transfer has been pending for over a week. Also, the terms were very different from what I was promised at the time of sale. This is not acceptable.",Delays & Processing,Delays & Processing,,Delays & Processing,0.76,Delays & Processing,model,train,True,False
C0720,"Hello, My account was frozen and I cannot get in to move money.",Account Access,Account Access,,Account Access,0.953,Account Access,model,train,True,False
C0721,"Hello, I am unable to access my account to see my balance. I would like a response in writing.",Account Access,Account Access,,Account Access,0.942,Account Access,model,train,True,False
C0722,I cannot log in to the mobile app since the update. I am worried it ight be fraud. I expect compensation.,Account Access,Account Access,,Account Access,0.958,Account Access,model,train,True,False
C0723,"To whom it may concern, It has taken six weeks to process my claim and nobody has updated me. I would like a response in writing.",Delays & Processing,Delays & Processing,,Delays & Processing,0.95,Delays & Processing,model,train,True,False
C0724,"Hello, The website will not let me register for online acces. I would like a response in writing.",Account Access,Account Access,,Account Access,0.911,Account Access,model,train,True,False
C0725,I have had enough of the way this has gone. Please sort this out.,Fees & Charges,Needs review,,Fees & Charges,0.478,Needs review,human queue,test,False,False
C0726,The app crashes every time I try to open my statements. There was also a fee involved.,Account Access,Account Access,,Account Access,0.949,Account Access,model,train,True,False
C0727,I have been a customer for years. The fraud team closed my case without investigating properly. Please sort this out.,Fraud & Scams,Fraud & Scams,Fraud & Scams,Fraud & Scams,0.921,Fraud & Scams,rule,train,True,False
C0728,"Frankly, I spent an hour on hold and then the call was cut off. Also, my application has been stuck for weeks with no progress. I want this put right.",Customer Service,Customer Service,,Customer Service,0.74,Customer Service,model,train,True,False
C0729,"My application has been stuck for weeks with no progress. Also, i was tricked into moving savings to a safe account that was not safe. Please escalate this.",Delays & Processing,Delays & Processing,,Delays & Processing,0.83,Delays & Processing,model,train,True,False
C0730,"I am writing to complain. My transfer has been pending for over a week. Also, the staff member was rude and dismissive when I called. Please escalate this.",Delays & Processing,Customer Service,Customer Service,Delays & Processing,0.615,Customer Service,rule,train,False,False
C0731,"Hello, I feel I was treated badly because of my age. Also, a late payment fee appeared and I want it refunded.",Customer Service,Needs review,,Customer Service,0.6,Customer Service,model,train,True,True
C0732,"Frankly, My transfer has been pending for over a week. Please sort this out.",Delays & Processing,Delays & Processing,,Delays & Processing,0.944,Delays & Processing,model,train,True,False
C0733,The complaints handler was unhelpful and talked over me. I could not log in to check either. I would like a response in writing.,Customer Service,Customer Service,,Customer Service,0.946,Customer Service,model,train,True,False
C0734,There is an unexpected charge on my statement of £48. I would like a response in writing.,Fees & Charges,Fees & Charges,Fees & Charges,Fees & Charges,0.932,Fees & Charges,rule,train,True,False
C0735,I am very unhappy with how this has been handled.,Account Access,Needs review,,Account Access,0.469,Needs review,human queue,train,False,False
C0736,The account maintenance fee was taken twice this month. I want this put right.,Fees & Charges,Fees & Charges,,Fees & Charges,0.977,Fees & Charges,model,train,True,False
C0737,The staff member was rude and dismissive when I called.,Customer Service,Customer Service,Customer Service,Customer Service,0.98,Customer Service,rule,train,True,False
C0738,"The password reset keeps failing and I am locked out. Also, nobody checked whether I could afford the credit agreement.",Account Access,Account Access,Account Access,Account Access,0.512,Account Access,rule,test,True,False
C0739,"Frankly, I have been billed an annual fee I never agreed to. I expect compensation.",Fees & Charges,Fees & Charges,Fees & Charges,Fees & Charges,0.939,Fees & Charges,rule,train,True,False
C0740,"To whom it may concern, I was charged a monthly fee that nobody told me about.",Fees & Charges,Fees & Charges,Fees & Charges,Fees & Charges,0.982,Fees & Charges,rule,train,True,False
C0741,The closure of my old account has dragged on for months. I could not log in to check either. Please sort this out.,Delays & Processing,Delays & Processing,,Delays & Processing,0.936,Delays & Processing,model,test,True,False
C0742,My account was frozen and I cannot get in to move money.,Account Access,Account Access,,Account Access,0.946,Account Access,model,train,True,False
C0743,The salesperson pushed me into a plan I did not need. This is not acceptable.,Mis-selling,Mis-selling,,Mis-selling,0.935,Mis-selling,model,train,True,False
C0744,"Frankly, I was charged a monthly fee that nobody told me about. I also spent ages on hold when I called about it. This is not acceptable.",Fees & Charges,Fees & Charges,,Fees & Charges,0.892,Fees & Charges,model,test,True,False
C0745,The webchat agent ended the conversation without solving anything. There was also a fee involved. I want this put right.,Customer Service,Customer Service,,Customer Service,0.906,Customer Service,model,train,True,False
C0746,I was advised to take out cover that duplicates what I already had. Please sort this out.,Mis-selling,Mis-selling,,Mis-selling,0.956,Mis-selling,model,test,True,False
C0747,"I have been a customer for years. The complaints handler was unhelpful and talked over me. Also, i was hit with a penalty charge for a payment I made on time. I expect compensation.",Customer Service,Fees & Charges,Fees & Charges,Customer Service,0.747,Fees & Charges,rule,train,False,False
C0748,I am extremely disappointed and want this resolved. I expect compensation.,Fees & Charges,Needs review,,Customer Service,0.44,Needs review,human queue,test,False,False
C0749,I was hit with a penalty charge for a payment I made on time. I am worried it might be fraud. I expect compensation.,Fees & Charges,Fees & Charges,,Fees & Charges,0.938,Fees & Charges,model,train,True,False
C0750,"Hello, The closure of my old account has dragged on for months.",Delays & Processing,Delays & Processing,,Delays & Processing,0.946,Delays & Processing,model,test,True,False
C0751,"Hello, I was hit with a penalty charge for a payment I made on time. Also, the pension transfer advice I received was poor and I have lost out.",Fees & Charges,Fees & Charges,Fees & Charges,Fees & Charges,0.637,Fees & Charges,rule,train,True,False
C0752,Nothing has been done and I am losing patience. This is not acceptable.,Fraud & Scams,Needs review,,Fraud & Scams,0.388,Needs review,human queue,train,False,False
C0753,I was misled about what the insurance actually included. I am worried it might be fraud. Please sort this out.,Mis-selling,Mis-selling,,Mis-selling,0.957,Mis-selling,model,train,True,False
C0754,"To whom it may concern, The account maintenance fee was taken twice this month. I could not log in to check either.",Fees & Charges,Fees & Charges,,Fees & Charges,0.972,Fees & Charges,model,train,True,False
C0755,I have had enough of the way this has gone. Please sort this out.,Fees & Charges,Needs review,,Fees & Charges,0.478,Needs review,human queue,train,False,False
C0756,"Frankly, I was charged a monthly fee that nobody told me about. Also, i feel I was treated badly ecause of my age. I want this put right.",Fees & Charges,Fees & Charges,,Fees & Charges,0.765,Fees & Charges,model,test,True,False
C0757,I have been a customer for years. The password reset keeps failing and I am locked out.,Account Access,Account Access,Account Access,Account Access,0.981,Account Access,rule,train,True,False
C0758,"Frankly, There are transactions on my card I do not recognise. Please escalate this.",Fraud & Scams,Fraud & Scams,,Fraud & Scams,0.915,Fraud & Scams,model,train,True,False
C0759,I was charged a monthly fee that nobody told me about. It has also been taking far too long.,Fees & Charges,Fees & Charges,Fees & Charges,Fees & Charges,0.975,Fees & Charges,rule,train,True,False
C0760,Nobody explained the foreig transaction charges before my holiday.,Fees & Charges,Fees & Charges,,Fees & Charges,0.966,Fees & Charges,model,train,True,False
C0761,I am very unhappy with how this has been handled. This is not acceptable.,Delays & Processing,Delays & Processing,,Delays & Processing,0.79,Delays & Processing,model,train,True,False
C0762,I have been a customer for years. I have been billed an annual fee I never agreed to. Please sort this out.,Fees & Charges,Fees & Charges,Fees & Charges,Fees & Charges,0.936,Fees & Charges,rule,train,True,False
C0763,"This is the second time I have raised this. The fraud team closed my case without investigating properly. Also, the direct debit setup was delayed and I missed a bill because of it. This is not acceptable.",Fraud & Scams,Fraud & Scams,,Fraud & Scams,0.838,Fraud & Scams,model,train,True,False
C0764,"The payment still has not arrived in my account. Also, i was advised to take out cover that duplicates what I already had.",Delays & Processing,Delays & Processing,,Delays & Processing,0.786,Delays & Processing,model,train,True,False
C0765,"My online banking is locked and the reset link never arrives. Also, nobody has responded to my emails despite three reminders. I would like a response in writing.",Account Access,Account Access,Account Access,Account Access,0.78,Account Access,rule,train,True,False
C0766,This is the second time I have raised this. There is an unexpected charge on my statement of £25. It has also been taking far too long. I would like a response in writing.,Fees & Charges,Fees & Charges,Fees & Charges,Fees & Charges,0.854,Fees & Charges,rule,train,True,False
C0767,My online banking is locked and the reset link never arrives. I expect compensation.,Account Access,Account Access,Account Access,Account Access,0.964,Account Access,rule,train,True,False
C0768,"Hello, I have been billed an annual fee I never agreed to.",Fees & Charges,Fees & Charges,Fees & Charges,Fees & Charges,0.971,Fees & Charges,rule,train,True,False
C0769,I am writing to complain. The direct debit setup was delayed and I missed a bill because of it. Please escalate this.,Delays & Processing,Delays & Processing,,Delays & Processing,0.967,Delays & Processing,model,test,True,False
C0770,"I have been a customer for years. You took an overdraft fee even though I was within my limit. Also, my account was frozen and I cannot get in to move money. This is not acceptable.",Fees & Charges,Fees & Charges,,Fees & Charges,0.742,Fees & Charges,model,train,True,False
C0771,"I am writing to complain. I cannot log in to the mobile app since the update. Also, a fake text message led me to a website and my money disappeared. I expect compensation.",Account Access,Account Access,Account Access,Account Access,0.683,Account Access,rule,test,True,False
C0772,"Hello, I cannot log in to the mobile app since the update. Also, my identity was stolen and a loan was taken out in my name.",Account Access,Account Access,Account Access,Account Access,0.827,Account Access,rule,train,True,False
C0773,"Frankly, I reported the unauthorised payment but you refused to reimburse me. Also, the branch manager would not listen to my concerns. Please escalate this.",Fraud & Scams,Fraud & Scams,Fraud & Scams,Fraud & Scams,0.711,Fraud & Scams,rule,train,True,False
C0774,"The staff member was rude and dismissive when I called. Also, the closure of my old account has dragged on for months. Please sort this out.",Customer Service,Customer Service,Customer Service,Customer Service,0.516,Customer Service,rule,train,True,False
C0775,I am writing to complain. It has taken six weeks to process my claim and nobody has updated me.,Delays & Processing,Delays & Processing,,Delays & Processing,0.976,Delays & Processing,model,train,True,False
C0776,I think I was the victim of a scam and sent money to a fraudster. This is not acceptable.,Fraud & Scams,Fraud & Scams,Fraud & Scams,Fraud & Scams,0.981,Fraud & Scams,rule,train,True,False
C0777,I have been a customer for years. I was misled about what the insurance actually included.,Mis-selling,Mis-selling,Mis-selling,Mis-selling,0.986,Mis-selling,rule,train,True,False
C0778,I am writing to complain. I asked for a callback and it never happened. There was also a fee involved. Please sort this out.,Customer Service,Customer Service,,Customer Service,0.937,Customer Service,model,train,True,False
C0779,I was sold a product that was not suitable for my circumstances. I want this put right.,Mis-selling,Mis-selling,Mis-selling,Mis-selling,0.923,Mis-selling,rule,train,True,False
C0780,"This is the second time I have raised this. I have been billed an annual fee I never agreed to. Also, i think I was the victim of a scam and sent money to a fraudster.",Fees & Charges,Fraud & Scams,Fraud & Scams,Fees & Charges,0.62,Fraud & Scams,rule,train,False,False
C0781,"Hello, The website will not let me register for online access. There was also a fee involved.",Account Access,Account Access,,Account Access,0.978,Account Access,model,train,True,False
C0782,The branch manager would not listen to my concerns. I expect compensation.,Customer Service,Customer Service,,Customer Service,0.975,Customer Service,model,train,True,False
C0783,I have been a customer for years. I was tricked into moving savings to a safe account that was not safe. I could not log in to check either. I want this put right.,Fraud & Scams,Fraud & Scams,,Fraud & Scams,0.934,Fraud & Scams,model,train,True,False
C0784,Someone has made payments from my account that I did not authorise.,Fraud & Scams,Fraud & Scams,Fraud & Scams,Fraud & Scams,0.965,Fraud & Scams,rule,train,True,False
C0785,This is the second time I have raised this. I was misled about what the insurance actually included. There was also a fee involved. I expect compensation.,Mis-selling,Mis-selling,Mis-selling,Mis-selling,0.916,Mis-selling,rule,train,True,False
C0786,I have been a customer for years. The website will not let me register for online access. I expect compensation.,Account Access,Account Access,,Account Access,0.984,Account Access,model,test,True,False
C0787,"To whom it may concern, A late payment fee appeared and I want it refunded. I do not think it was explained properly when I bought it. Please sort this out.",Fees & Charges,Fees & Charges,,Fees & Charges,0.968,Fees & Charges,model,train,True,False
C0788,"Hello, Nobody explained the foreign transaction charges before my holiday. I am worried it might be fraud. Please escalate this.",Fees & Charges,Fraud & Scams,Fraud & Scams,Fees & Charges,0.968,Fraud & Scams,rule,train,False,False
C0789,This is the second time I have raised this. My card reader stopped working and I cannot approve payments. Please escalate this.,Account Access,Account Access,,Account Access,0.957,Account Access,model,train,True,False
C0790,"The adviser did not explain the risks of the investment. Also, my online banking is locked and the reset link never arrives. Please escalate this.",Mis-selling,Mis-selling,,Mis-selling,0.678,Mis-selling,model,train,True,False
C0791,"To whom it may concern, I keep getting an error message when I sign in.",Account Access,Account Access,Account Access,Account Access,0.983,Account Access,rule,test,True,False
C0792,I have been a customer for years. There is an unexpected charge on my statement of £15. Please sort this out.,Fees & Charges,Fees & Charges,Fees & Charges,Fees & Charges,0.928,Fees & Charges,rule,test,True,False
C0793,I am very unhappy with how this has been handled. I expect compensation.,Account Access,Account Access,,Account Access,0.812,Account Access,model,train,True,False
C0794,"To whom it may concern, The staff member was rude and dismissive when I called. Also, the app crashes every time I try to open my statements.",Customer Service,Customer Service,,Customer Service,0.788,Customer Service,model,train,True,False
C0795,I am writing to complain. I was advised to take out cover that duplicates what I already had.,Mis-selling,Mis-selling,,Mis-selling,0.964,Mis-selling,model,train,True,False
C0796,"The branch manager would not listen to my concerns. Also, the salesperson pushed me into a plan I did not need. Please sort this out.",Customer Service,Customer Service,,Customer Service,0.836,Customer Service,model,train,True,False
C0797,I am writing to complain. I was advised to take out cover that duplicates what I already had. It has also been taking far too long. I would like a response in writing.,Mis-selling,Mis-selling,,Mis-selling,0.926,Mis-selling,model,train,True,False
C0798,"Hello, The pension transfer advice I received was poor and I have lost out.",Mis-selling,Mis-selling,,Mis-selling,0.962,Mis-selling,model,train,True,False
C0799,I spent an hour on hold and then the call was cut off. This is not acceptable.,Customer Service,Customer Service,Customer Service,Customer Service,0.962,Customer Service,rule,train,True,False
C0800,"Hello, I was passed between four departments and no one took ownership. Also, there are transactions on my card I do not recognise. This is not acceptable.",Customer Service,Customer Service,,Customer Service,0.796,Customer Service,model,train,True,False
C0801,"To whom it may concern, I was misled about what the insurance actually included. Please escalate this.",Mis-selling,Mis-selling,Mis-selling,Mis-selling,0.986,Mis-selling,rule,test,True,False
C0802,The paperwork was submitted a month ago and I am still waiting.,Delays & Processing,Delays & Processing,,Delays & Processing,0.906,Delays & Processing,model,train,True,False
C0803,"I am writing to complain. My mortgage switch is taking far longer than you said it would. Also, i was sold a product that was not suitable for my circumstances.",Delays & Processing,Mis-selling,Mis-selling,Delays & Processing,0.589,Mis-selling,rule,test,False,False
C0804,"Hello, I was sold a product that was not suitable for my circumstances.",Mis-selling,Mis-selling,Mis-selling,Mis-selling,0.98,Mis-selling,rule,train,True,False
C0805,It has taken six weeks to process my claim and nobody has updated me. I could not log in to check either. Please escalate this.,Delays & Processing,Delays & Processing,,Delays & Processing,0.954,Delays & Processing,model,train,True,False
C0806,This is the second time I have raised this. The pament still has not arrived in my account. I expect compensation.,Delays & Processing,Delays & Processing,,Delays & Processing,0.945,Delays & Processing,model,train,True,False
C0807,"To whm it may concern, There is an unexpected charge on my statement of £25. Also, there are transactions on my card I do not recognise. Please escalate this.",Fees & Charges,Fees & Charges,,Fees & Charges,0.69,Fees & Charges,model,train,True,False
C0808,"Frankly, I cannot log in to the mobile app since the update. I expect compensation.",Account Access,Account Access,Account Access,Account Access,0.973,Account Access,rule,test,True,False
C0809,"This is the second time I have raised this. I think I was the victim of a scam and sent money to a fraudster. Also, the webchat agent ended the conversation without solving anything. I want this put right.",Fraud & Scams,Fraud & Scams,Fraud & Scams,Fraud & Scams,0.833,Fraud & Scams,rule,train,True,False
C0810,"Frankly, A person pretending to be from your bank phoned me and I gave them details. Also, a late payment fee appeared and I want it refunded.",Fraud & Scams,Fraud & Scams,,Fraud & Scams,0.83,Fraud & Scams,model,train,True,False
C0811,I am writing to complain. I was misled about what the insurance actually included. I expect compensation.,Mis-selling,Mis-selling,Mis-selling,Mis-selling,0.973,Mis-selling,rule,test,True,False
C0812,This is the second time I have raised this. The website will not let me register for online access. I want this put right.,Account Access,Account Access,,Account Access,0.893,Account Access,model,train,True,False
C0813,I was tricked into moving savings to a safe account that was not safe. This is not acceptable.,Fraud & Scams,Fraud & Scams,,Fraud & Scams,0.962,Fraud & Scams,model,train,True,False
C0814,The paperwork was submitted a month ago and I am still waiting. Please sort this out.,Delays & Processing,Delays & Processing,,Delays & Processing,0.907,Delays & Processing,model,train,True,False
C0815,This has caused me a lot of stress and I want answers. Please escalate this.,Mis-selling,Needs review,,Mis-selling,0.263,Needs review,human queue,train,False,False
C0816,"The account maintenance fee was taken twice this month. Also, i feel I was treated badly because of my age. Please escalate this.",Fees & Charges,Customer Service,,Fees & Charges,0.756,Fees & Charges,model,train,True,True
C0817,I have been billed an annual fee I never agreed to. It has also been taking far too long.,Fees & Charges,Fees & Charges,Fees & Charges,Fees & Charges,0.964,Fees & Charges,rule,test,True,False
C0818,A late payment fee appeared and I want it refunded. I also spent ages on hold when I called about it. I want this put right.,Fees & Charges,Fees & Charges,,Fees & Charges,0.926,Fees & Charges,model,train,True,False
C0819,The fraud team closed my case without investigating properly. Please escalate this.,Fraud & Scams,Fraud & Scams,Fraud & Scams,Fraud & Scams,0.941,Fraud & Scams,rule,test,True,False
C0820,"Hello, The adviser did not explain the risks of the investment. Also, you promised the money within three working days and it is still outstanding.",Mis-selling,Mis-selling,Mis-selling,Mis-selling,0.776,Mis-selling,rule,train,True,False
C0821,"Frankly, The brochure said guaranteed returns and my money has lost value. Please escalate this.",Mis-selling,Mis-selling,,Mis-selling,0.975,Mis-selling,model,test,True,False
C0822,Nobody explained the foreign transaction charges before my holiday. I would like a response in writing.,Fees & Charges,Fees & Charges,,Fees & Charges,0.957,Fees & Charges,model,test,True,False
C0823,I am writing to complain. My identity was stolen and a loan was taken out in my name. I expect compensation.,Fraud & Scams,Fraud & Scams,,Fraud & Scams,0.954,Fraud & Scams,model,train,True,False
C0824,I have been a customer for years. My account was frozen and I cannot get in to move money. I do not think it was explained properly when I bought it. I want this put right.,Account Access,Account Access,,Account Access,0.789,Account Access,model,train,True,False
C0825,"To whom it may concern, The staff member was rude and dismissive when I called. Also, i cannot log in to the mobile app since the update. I want this put right.",Customer Service,Customer Service,,Customer Service,0.854,Customer Service,model,train,True,False
C0826,"I keep getting an error message when I sign in. Also, you took an overdraft fee even though I was within my limit. This is not acceptable.",Account Access,Account Access,,Account Access,0.829,Account Access,model,train,True,False
C0827,I have been a customer for years. I sent the form twice and it seems to have been lost in the system.,Delays & Processing,Delays & Processing,,Delays & Processing,0.983,Delays & Processing,model,train,True,False
C0828,I think I was the victim of a scam and sent money to a fraudster. Please escalate this.,Fraud & Scams,Fraud & Scams,Fraud & Scams,Fraud & Scams,0.97,Fraud & Scams,rule,train,True,False
C0829,I am very uhappy with how this has been handled.,Account Access,Account Access,,Account Access,0.369,Needs review,human queue,test,False,True
C0830,The staff member was rude and dismissive when I called. I want this put right.,Customer Service,Customer Service,Customer Service,Customer Service,0.918,Customer Service,rule,train,True,False
C0831,"Hello, My card was cloned and used abroad.",Fraud & Scams,Fraud & Scams,Fraud & Scams,Fraud & Scams,0.911,Fraud & Scams,rule,test,True,False
C0832,"Frankly, I reported the unauthorised payment but you refused to reimburse me. Also, there is an unexpected charge on my statement of £25. Please sort this out.",Fraud & Scams,Fraud & Scams,,Fraud & Scams,0.807,Fraud & Scams,model,train,True,False
C0833,"I was misled about what the insurance actually included. Also, a person pretending to be from your bank phoned me and I gave them details.",Mis-selling,Mis-selling,Mis-selling,Mis-selling,0.682,Mis-selling,rule,train,True,False
C0834,"I have been a customer for years. The closure of my old account has dragged on for months. Also, i asked for a callback and it never happened. Please sort this out.",Delays & Processing,Delays & Processing,,Delays & Processing,0.639,Delays & Processing,model,train,True,False
C0835,"Hello, My card reader stopped working and I cannot approve payments. I am worried it might be fraud. Please escalate this.",Account Access,Fraud & Scams,Fraud & Scams,Account Access,0.976,Fraud & Scams,rule,train,False,False
C0836,I have had enough of the way this has gone. This is not acceptable.,Account Access,Needs review,,Account Access,0.325,Needs review,human queue,train,False,False
C0837,"Frankly, The costs keep creeping up and my balance is lower than it should be. Please sort this out.",Fees & Charges,Fees & Charges,,Fees & Charges,0.978,Fees & Charges,model,train,True,False
C0838,"The password reset keeps failing and I am locked out. Also, i was advised to take out cover that duplicates what I already had. I would like a response in writing.",Account Access,Account Access,Account Access,Account Access,0.806,Account Access,rule,train,True,False
C0839,The direct debit setup was delayed and I missed a bill because of it. This is not acceptable.,Delays & Processing,Delays & Processing,,Delays & Processing,0.969,Delays & Processing,model,train,True,False
C0840,The password reset keeps failing and I am locked out. It has also been taking far too long. I expect compensation.,Account Access,Account Access,Account Access,Account Access,0.953,Account Access,rule,train,True,False
C0841,This is the second time I have raised this. I keep getting an error message when I sign in. Please escalate this.,Account Access,Account Access,Account Access,Account Access,0.941,Account Access,rule,train,True,False
C0842,"The direct debit setup was delayed and I missed a bill because of it. Also, a fake text message led me to a website and my money disappeared. Please sort this out.",Delays & Processing,Needs review,,Delays & Processing,0.596,Needs review,human queue,train,False,False
C0843,I am writing to complain. I was advised to take out cover that duplicates what I already had.,Mis-selling,Mis-selling,,Mis-selling,0.964,Mis-selling,model,train,True,False
C0844,This is the second time I have raised this. I was hit with a penalty charge for a payment I made on time. It has also been taking far too long. I expect compensation.,Fees & Charges,Fees & Charges,Fees & Charges,Fees & Charges,0.95,Fees & Charges,rule,test,True,False
C0845,"Hello, I spent an hour on hold and then the call was cut off. I want this put right.",Customer Service,Customer Service,Customer Service,Customer Service,0.969,Customer Service,rule,train,True,False
C0846,"I am writing to complain. I was advised to take out cover that duplicates what I already had. Also, i asked for a callback and it never happened. Please sort this out.",Mis-selling,Mis-selling,,Mis-selling,0.742,Mis-selling,model,train,True,False
C0847,My application has been stuck for weeks with no progress. I could not log in to check either.,Delays & Processing,Delays & Processing,,Delays & Processing,0.987,Delays & Processing,model,train,True,False
C0848,I have been a customer for years. I sent the form twice and it seems to have been lost in the system. Please sort this out.,Delays & Processing,Delays & Processing,,Delays & Processing,0.982,Delays & Processing,model,train,True,False
C0849,A late payment fee appeared and I want it refunded. I do not think it was explained properly when I bought it. I want this put right.,Fees & Charges,Fees & Charges,,Fees & Charges,0.957,Fees & Charges,model,train,True,False
C0850,"I reported the unauthorised payment but you refused to reimburse me. Also, you took an overdraft fee even though I was within my limit. I want this put right.",Fraud & Scams,Fraud & Scams,,Fraud & Scams,0.72,Fraud & Scams,model,train,True,False
C0851,"The staff member was rude and dismissive when I called. Also, the paperwork was submitted a month ago and I am still waiting. I expect compensation.",Customer Service,Customer Service,Customer Service,Customer Service,0.772,Customer Service,rule,train,True,False
C0852,"There are transactions on my card I do not recognise. Also, the paperwork was submitted a month ago and I am still waiting.",Fraud & Scams,Delays & Processing,,Fraud & Scams,0.706,Fraud & Scams,model,train,True,True
C0853,"Hello, My card was cloned and used abroad. I could not log in to check either. I would like a response in writing.",Fraud & Scams,Fraud & Scams,,Fraud & Scams,0.807,Fraud & Scams,model,test,True,False
C0854,I have had enough of the way this has gone. I would like a response in writing.,Delays & Processing,Needs review,,Mis-selling,0.393,Needs review,human queue,train,False,False
C0855,I have had enough of the way this has gone.,Fees & Charges,Needs review,,Fees & Charges,0.391,Needs review,human queue,train,False,False
C0856,"Frankly, My transfer has been pending fr over a week. I would like a response in writing.",Delays & Processing,Delays & Processing,,Delays & Processing,0.916,Delays & Processing,model,train,True,False
C0857,"This is the second time I have raised this. A person pretending to be from your bank phoned me and I gave them details. Also, i feel I was treated badly because of my age.",Fraud & Scams,Customer Service,Customer Service,Fraud & Scams,0.86,Customer Service,rule,train,False,False
C0858,There is an unexpected charge on my statement of £120. I would like a response in writing.,Fees & Charges,Fees & Charges,Fees & Charges,Fees & Charges,0.915,Fees & Charges,rule,train,True,False
C0859,I am extremely disappointed and want this resolved.,Customer Service,Needs review,,Customer Service,0.502,Needs review,human queue,test,False,False
C0860,"To whom it may concern, Nobody checked wether I could afford the credit agreement. I expect compensation.",Mis-selling,Mis-selling,,Mis-selling,0.904,Mis-selling,model,train,True,False
C0861,"To whom it may concern, My identity was stolen and a loan was taken out in my name.",Fraud & Scams,Fraud & Scams,,Fraud & Scams,0.949,Fraud & Scams,model,train,True,False
C0862,I am writing to complain. I was charged a monthly fee that nobody told me about. It has also been taking far too long. I expect compensation.,Fees & Charges,Fees & Charges,Fees & Charges,Fees & Charges,0.937,Fees & Charges,rule,test,True,False
C0863,"Hello, A late payment fee appeared and I want it refunded.",Fees & Charges,Fees & Charges,,Fees & Charges,0.975,Fees & Charges,model,train,True,False
C0864,"I am writing to complain. The app crashes every time I try to open my statements. Also, i was told this policy covered me but my claim was rejected. I would like a response in writing.",Account Access,Account Access,Account Access,Mis-selling,0.708,Account Access,rule,test,True,False
C0865,"To whom it may concern, The closure of my old account has dragged on for months. Please escalate this.",Delays & Processing,Delays & Processing,,Delays & Processing,0.95,Delays & Processing,model,train,True,False
C0866,"To whom it may concern, My application has been stuck for weeks with no progress. Also, the app crashes every time I try to open my statements. Please sort this out.",Delays & Processing,Delays & Processing,,Delays & Processing,0.786,Delays & Processing,model,train,True,False
C0867,Two factor codes are not being sent to my phone. I also spent ages on hold when I called about it.,Account Access,Account Access,,Account Access,0.917,Account Access,model,train,True,False
C0868,"Frankly, There is an unexpected charge on my statement of £120. I could not log in to check either. Please sort this out.",Fees & Charges,Fees & Charges,,Fees & Charges,0.946,Fees & Charges,model,train,True,False
C0869,I was misled about what the insurance actually included. Please escalate this.,Mis-selling,Mis-selling,Mis-selling,Mis-selling,0.99,Mis-selling,rule,test,True,False
C0870,"Two factor codes are not being sent to my phone. Also, the webchat agent ended the conversation without solving anything. I would like a response in writing.",Account Access,Account Access,,Customer Service,0.626,Customer Service,model,test,False,True
C0871,The pension transfer advice I received was poor and I have lost out. I lso spent ages on hold when I called about it. I expect compensation.,Mis-selling,Mis-selling,,Mis-selling,0.877,Mis-selling,model,test,True,False
C0872,This is the second time I have raised this. There are transactions on my card I do not recognise. I expect compensation.,Fraud & Scams,Fraud & Scams,,Fraud & Scams,0.968,Fraud & Scams,model,train,True,False
C0873,My card reader stopped working and I cannot approve payments. Please sort this out.,Account Access,Account Access,,Account Access,0.987,Account Access,model,train,True,False
C0874,I have been  customer for years. My account was frozen and I cannot get in to move money.,Account Access,Account Access,,Account Access,0.964,Account Access,model,train,True,False
C0875,Your advisor gave me different answers on two separate calls. I would like a response in writing.,Customer Service,Customer Service,,Customer Service,0.94,Customer Service,model,train,True,False
C0876,"Frankly, The terms were very different from what I was promised at the time of sale. Also, the fraud team closed my case without investigating properly.",Mis-selling,Fraud & Scams,Fraud & Scams,Mis-selling,0.821,Fraud & Scams,rule,train,False,False
C0877,"Frankly, I spent an hour on hold and then the call was cut off. I want this put right.",Customer Service,Customer Service,Customer Service,Customer Service,0.962,Customer Service,rule,train,True,False
C0878,"Frankly, Nobody has responded to my emails despite three reminders. Please escalate this.",Customer Service,Customer Service,,Customer Service,0.96,Customer Service,model,train,True,False
C0879,"I am writing to complain. I sent the form twice and it seems to have been lost in the system. Also, the app crashes every time I try to open my statements. I expect compensation.",Delays & Processing,Account Access,Account Access,Delays & Processing,0.746,Account Access,rule,train,False,False
C0880,I am writing to complain. A person pretending to be from your bank phoned me and I gave them details. I want this put right.,Fraud & Scams,Fraud & Scams,,Fraud & Scams,0.984,Fraud & Scams,model,train,True,False
C0881,"I am writing to complain. I was misled about what the insurance actually included. Also, the password reset keeps failing and I am locked out. This is not acceptable.",Mis-selling,Account Access,Account Access,Mis-selling,0.567,Account Access,rule,train,False,False
C0882,"This is the second time I have raised this. Nobody checked whether I could afford the credit agreement. Also, the staff member was rude and dismissive when I called. Please sort this out.",Mis-selling,Customer Service,Customer Service,Mis-selling,0.618,Customer Service,rule,train,False,False
C0883,"Hello, The terms were very different from what I was promised at the time of sale. I want this put right.",Mis-selling,Mis-selling,,Mis-selling,0.956,Mis-selling,model,train,True,False
C0884,I have been a customer for years. My identity was stolen and a loan was taken out in my name. There was also a fee involved. I would like a response in writing.,Fraud & Scams,Fraud & Scams,,Fraud & Scams,0.874,Fraud & Scams,model,train,True,False
C0885,"To whom it may concern, I am unable to access my account to see my balance.",Account Access,Account Access,,Account Access,0.965,Account Access,model,test,True,False
C0886,Nobody has responded to my emails despite three reminders.,Customer Service,Customer Service,,Customer Service,0.978,Customer Service,model,train,True,False
C0887,"Frankly, A late payment fee appeared and I want it refunded.",Fees & Charges,Fees & Charges,,Fees & Charges,0.98,Fees & Charges,model,train,True,False
C0888,"To whom it may concern, I was told this policy covered me but my claim was rejected. I would like a response in writing.",Mis-selling,Mis-selling,,Mis-selling,0.935,Mis-selling,model,train,True,False
C0889,It has taken six weeks to process my claim and nobody has updated me. I want this put right.,Delays & Processing,Delays & Processing,,Delays & Processing,0.952,Delays & Processing,model,train,True,False
C0890,This is the second time I have raised this. I am unable to access my account to see my balance. It has also been taking far too long. I expect compensation.,Account Access,Account Access,,Account Access,0.838,Account Access,model,test,True,False
C0891,This is the second time I have raised this. Nobody explained the foreign transaction charges before my holiday. Please sort this out.,Fees & Charges,Fees & Charges,,Fees & Charges,0.965,Fees & Charges,model,train,True,False
C0892,"I was charged a monthly fee that nobody told me about. Also, my account was frozen and I cannot get in to move money.",Fees & Charges,Fees & Charges,Fees & Charges,Fees & Charges,0.904,Fees & Charges,rule,train,True,False
C0893,I have been a customer for years. You promised the money within three working days and it is still outstanding. There was also a fee involved. I want this put right.,Delays & Processing,Delays & Processing,,Delays & Processing,0.882,Delays & Processing,model,train,True,False
C0894,Nobody has responded to my emails despite three reminders. I do not think it was explained properly when I bought it. I expect compensation.,Customer Service,Customer Service,,Customer Service,0.877,Customer Service,model,train,True,False
C0895,Nobody has responded to my emails despite three reminders. I expect compensation.,Customer Service,Customer Service,,Customer Service,0.936,Customer Service,model,train,True,False
C0896,"Frankly, The salesperson pushed me into a plan I did not need. Please sort this out.",Mis-selling,Mis-selling,,Mis-selling,0.907,Mis-selling,model,train,True,False
C0897,The payment still has not arrived in my account. I expect compensation.,Delays & Processing,Delays & Processing,,Delays & Processing,0.985,Delays & Processing,model,train,True,False
C0898,"This is the second time I have raised this. My identity was stolen and a loan was taken out in my name. Also, the brochure said guaranteed returns and my money has lost value.",Fraud & Scams,Fraud & Scams,,Mis-selling,0.74,Mis-selling,model,test,False,True
C0899,"Frankly, The payment still has not arrived in my account.",Delays & Processing,Delays & Processing,,Delays & Processing,0.98,Delays & Processing,model,test,True,False
C0900,"Hello, I spent an hour on hold and then the call was cut off. Also, the account maintenance fee was taken twice this month.",Customer Service,Customer Service,,Customer Service,0.686,Customer Service,model,train,True,False
